tipo;ruta_antigua;url_nueva;seccion;titulo;estado;nota
pagina;/;/;Inicio;Inicio;ok;
pagina;/accesibilidad.php;/accesibilidad/;Accesibilidad;Accesibilidad;ok;
pagina;/agua/desaladoras.php;/agua-en-gran-canaria/desaladoras/;Agua en Gran Canaria;Desaladoras;ok;
pagina;/ayudas.php;/transparencia/ayudas-y-subvenciones/;Transparencia;Ayudas y subvenciones;ok;
pagina;/cartografia.php;/mapas-y-cartografia/;Mapas y cartografía;Mapas y cartografía;ok;
pagina;/cartografia/Catalogo_Cauces/index.html;/agua-en-gran-canaria/inventario-insular-de-cauces/;Agua en Gran Canaria;Inventario insular de cauces;ok;
pagina;/cartografia/CensoInstalaciones/map-censo.html;/agua-en-gran-canaria/instalaciones-hidraulicas-subterraneas/;Agua en Gran Canaria;Instalaciones hidráulicas subterráneas;ok;
pagina;/cartografia/gestion.php;/mapas-y-cartografia/gestion-del-agua/;Mapas y cartografía;Gestión del agua;ok;
pagina;/cartografia/gestion/pluviometria.php;/mapas-y-cartografia/gestion-del-agua/pluviometria/;Mapas y cartografía;Pluviometria;ok;
pagina;/cartografia/gestion/redes.php;/mapas-y-cartografia/gestion-del-agua/redes-de-control/;Mapas y cartografía;Redes de Control;ok;
pagina;/cartografia/infraestructura.php;/mapas-y-cartografia/infraestructuras-hidraulicas/;Mapas y cartografía;Infraestructuras hidráulicas;ok;
pagina;/cartografia/infraestructura/consejo.php;/mapas-y-cartografia/infraestructuras-hidraulicas/infraestructuras-del-consejo/;Mapas y cartografía;Infraestructuras del consejo;ok;
pagina;/cartografia/infraestructura/depuradoras.php;/mapas-y-cartografia/infraestructuras-hidraulicas/depuradoras-y-desaladoras/;Mapas y cartografía;Depuradoras y desaladoras;ok;
pagina;/cartografia/infraestructura/pozos.php;/mapas-y-cartografia/infraestructuras-hidraulicas/pozos/;Mapas y cartografía;Pozos;ok;
pagina;/cartografia/infraestructura/presas.php;/mapas-y-cartografia/infraestructuras-hidraulicas/presas/;Mapas y cartografía;Presas;ok;
pagina;/cartografia/marco.php;/mapas-y-cartografia/marco-administrativo/;Mapas y cartografía;Marco administrativo;ok;
pagina;/cartografia/marco/masas.php;/mapas-y-cartografia/marco-administrativo/masas-de-agua/;Mapas y cartografía;Masas de agua;ok;
pagina;/cartografia/marco/zonificacion.php;/mapas-y-cartografia/marco-administrativo/zonificacion/;Mapas y cartografía;Zonificación;ok;
pagina;/cartografia/medio_fisico.php;/mapas-y-cartografia/medio-fisico/;Mapas y cartografía;Medio físico;ok;
pagina;/cartografia/medio_fisico/barrancos_cuencas.php;/mapas-y-cartografia/medio-fisico/barrancos-y-cuencas/;Mapas y cartografía;Barrancos y Cuencas;ok;
pagina;/cartografia/medio_fisico/cultivos.php;/mapas-y-cartografia/medio-fisico/cultivos/;Mapas y cartografía;Cultivos;ok;
pagina;/cartografia/medio_fisico/permeabilidad.php;/mapas-y-cartografia/medio-fisico/permeabilidad/;Mapas y cartografía;Permeabilidad;ok;
pagina;/cartografia/medio_fisico/relieve.php;/mapas-y-cartografia/medio-fisico/relieve/;Mapas y cartografía;Relieve;ok;
pagina;/cartografia/tematica.php;/mapas-y-cartografia/cartografia-tematica/;Mapas y cartografía;Cartografía temática;ok;
pagina;/cartografia/tematica/consumos.php;/mapas-y-cartografia/cartografia-tematica/consumos-agrarios/;Mapas y cartografía;Consumos Agrarios;ok;
pagina;/cartografia/tematica/precipitaciones.php;/mapas-y-cartografia/cartografia-tematica/precipitaciones/;Mapas y cartografía;Precipitaciones;ok;
pagina;/concurso_hidro.php;/agua-en-gran-canaria/salto-de-chira/;Agua en Gran Canaria;Salto de Chira;ok;
pagina;/consejo.php;/transparencia/institucional/;Transparencia;Institucional;ok;
pagina;/consejos_ahorro.php;/divulgacion/consejos-de-ahorro/;Divulgación;Consejos de ahorro;ok;
pagina;/convenio.php;/transparencia/convenios-y-encomiendas/;Transparencia;Convenios y encomiendas;ok;
pagina;/divulgacion.php;/divulgacion/;Divulgación;Divulgación;ok;
pagina;/divulgacion/articulos_publicaciones.php;/divulgacion/articulos-y-publicaciones/;Divulgación;Artículos y publicaciones;ok;
pagina;/divulgacion/articulos/estudio_cientifico.php;/divulgacion/articulos-y-publicaciones/estudio-cientifico-recursos-de-agua-islas-canarias/;Divulgación;Estudio científico de los recursos de agua en las Islas Canarias SPA/69/515;ok;
pagina;/divulgacion/articulos/estudio_hidrogeologico.php;/divulgacion/articulos-y-publicaciones/estudio-hidrogeologico-del-este-de-gran-canaria/;Divulgación;Estudio hidrogeológico del este de Gran Canaria;ok;
pagina;/divulgacion/ciclo_hidrologico.php;/divulgacion/plan-hidrologico-1988/el-ciclo-hidrologico/;Divulgación;El Ciclo hidrológico;ok;
pagina;/divulgacion/escenario.php;/divulgacion/plan-hidrologico-1988/escenarios-futuros/;Divulgación;Escenarios Futuros;ok;
pagina;/divulgacion/fondos_feder.php;/fondos-europeos/feder/actuaciones-aquamac/;Fondos europeos y subvenciones;Actuaciones FEDER: AQUAMAC y POI Canarias;ok;
pagina;/divulgacion/jornadas.php;/divulgacion/jornadas/;Divulgación;Jornadas;ok;
pagina;/divulgacion/jovenes_agua.php;/divulgacion/jovenes-por-el-agua/;Divulgación;Jóvenes por el Agua;ok;
pagina;/divulgacion/opciones.php;/divulgacion/plan-hidrologico-1988/eleccion-de-opciones/;Divulgación;Elección de Opciones;ok;
pagina;/divulgacion/ordenanzas.php;/divulgacion/plan-hidrologico-1988/las-ordenanzas/;Divulgación;Ordenanzas;ok;
pagina;/divulgacion/principios_directrices.php;/divulgacion/plan-hidrologico-1988/principios-directrices-y-previsiones/;Divulgación;Principios, Directrices y Prevenciones;ok;
pagina;/divulgacion/programa_acutacion.php;/divulgacion/plan-hidrologico-1988/programa-de-actuacion/;Divulgación;Programa de Actuación;ok;
pagina;/divulgacion/punto_partida.php;/divulgacion/plan-hidrologico-1988/el-medio-como-punto-de-partida/;Divulgación;El Medio como Punto de Partida;ok;
pagina;/divulgacion/recu_no/tabla1.html;/divulgacion/plan-hidrologico-1988/recursos-no-naturales/tabla-1-estaciones-depuradoras/;Divulgación;Tabla 1.- Estaciones depuradoras;ok;
pagina;/divulgacion/recu_no/tabla2.html;/divulgacion/plan-hidrologico-1988/recursos-no-naturales/tabla-2-desaladoras-de-agua-de-mar/;Divulgación;Tabla 2.- Desaladoras de agua de mar;ok;
pagina;/divulgacion/recu_no/tabla3.html;/divulgacion/plan-hidrologico-1988/recursos-no-naturales/tabla-3-desaladoras-de-agua-salobre/;Divulgación;Tabla 3.- Desaladoras de agua salobre;ok;
pagina;/divulgacion/recu_super/tabla1.php;/divulgacion/plan-hidrologico-1988/recursos-superficiales/tabla-1-grandes-presas/;Divulgación;Tabla 1.- Grandes presas;ok;
pagina;/divulgacion/recu_super/tabla2.php;/divulgacion/plan-hidrologico-1988/recursos-superficiales/tabla-2-obras-de-almacenamiento/;Divulgación;Tabla 2.- Obras de almacenamiento en Gran Canaria;ok;
pagina;/divulgacion/recursos_no_naturales.php;/divulgacion/plan-hidrologico-1988/recursos-no-naturales/;Divulgación;Recursos no naturales;ok;
pagina;/divulgacion/recursos_subterraneos.php;/divulgacion/plan-hidrologico-1988/recursos-subterraneos/;Divulgación;Recursos Subterráneos;ok;
pagina;/divulgacion/recursos_superficiales.php;/divulgacion/plan-hidrologico-1988/recursos-superficiales/;Divulgación;Recursos Superficiales;ok;
pagina;/divulgacion/riada_tasarte.php;/divulgacion/riada-en-tasarte/;Divulgación;Riada en Tasarte;ok;
pagina;/divulgacion/uso_agua.php;/divulgacion/plan-hidrologico-1988/el-uso-del-agua/;Divulgación;El Uso del Agua;ok;
pagina;/economico.php;/transparencia/economico-financiera/;Transparencia;Económico-financiera;ok;
pagina;/el_consejo.php;/el-consejo/;El Consejo;El Consejo;ok;
pagina;/el_consejo/avisos.php;/aviso-legal/;Aviso legal;Aviso legal;ok;
pagina;/el_consejo/funciones.php;/el-consejo/funciones/;El Consejo;Funciones;ok;
pagina;/el_consejo/introduccion.php;/el-consejo/introduccion/;El Consejo;Introducción;ok;
pagina;/el_consejo/juntas.php;/el-consejo/juntas-y-sesiones/;El Consejo;Juntas y sesiones;ok;
pagina;/el_consejo/organizacion.php;/el-consejo/organizacion/;El Consejo;Organización;ok;
pagina;/el_consejo/organos_gobierno.php;/el-consejo/organos-de-gobierno/;El Consejo;Órganos de Gobierno;ok;
pagina;/el_consejo/ubicacion.php;/el-consejo/ubicacion-y-contacto/;El Consejo;Ubicación y contacto;ok;
pagina;/elecciones.php;/el-consejo/elecciones-de-consejeros/;El Consejo;Elecciones de Consejeros;ok;
pagina;/empleados.php;/transparencia/empleados-publicos/;Transparencia;Empleados públicos;ok;
pagina;/estadistica.php;/transparencia/estadistica/;Transparencia;Estadística;ok;
pagina;/fomento.php;/transparencia/fomento-de-la-transparencia/;Transparencia;Fomento de la transparencia;ok;
pagina;/fondos_feder.php;/fondos-europeos/feder/;Fondos europeos y subvenciones;Fondos FEDER;ok;
pagina;/info_public.php;/actualidad/anuncios/;Actualidad;Anuncios;ok;
pagina;/info.php;/transparencia/periodo-medio-de-pago/;Transparencia;Periodo medio de pago a proveedores;ok;
pagina;/inundaciones.php;/planificacion/riesgo-de-inundacion/;Planificación;Plan de Gestión del Riesgo de Inundación;ok;
pagina;/nextgeneration.php;/fondos-europeos/nextgenerationeu/;Fondos europeos y subvenciones;NextGenerationEU;ok;
pagina;/noticias.php;/actualidad/noticias/;Actualidad;Noticias;ok;
pagina;/obras.php;/transparencia/obras-publicas/;Transparencia;Obras públicas;ok;
pagina;/patrimonio.php;/transparencia/patrimonio/;Transparencia;Patrimonio;ok;
pagina;/perfil_con_2.php;/servicios/contratacion/perfil-del-contratante/;Servicios y trámites;Perfil del contratante;ok;
pagina;/perfil_con.php;/servicios/contratacion/;Servicios y trámites;Contratación;ok;
pagina;/plan_hidro.php;/planificacion/plan-hidrologico/;Planificación;Plan Hidrológico;ok;
pagina;/planhidro/art47/normativa.php;/planificacion/plan-hidrologico/art-47/normativa/;Planificación;Art. 47 · Normativa;ok;
pagina;/planhidro/art47/volumen1.php;/planificacion/plan-hidrologico/art-47/volumen-1/;Planificación;Art. 47 · Volumen I: Documento de información;ok;
pagina;/planhidro/art47/volumen2.php;/planificacion/plan-hidrologico/art-47/volumen-2/;Planificación;Art. 47 · Volumen II: Documento de ordenación;ok;
pagina;/planhidro/directiva/antecedentes_planificacion.php;/planificacion/directiva-marco-del-agua/antecedentes/;Planificación;Antecedentes de planificación;ok;
pagina;/planhidro/directiva/conceptos_basicos.php;/planificacion/directiva-marco-del-agua/conceptos-basicos/;Planificación;Conceptos básicos;ok;
pagina;/planhidro/directiva/enlaces_externos.php;/planificacion/directiva-marco-del-agua/enlaces/;Planificación;Enlaces externos;ok;
pagina;/planhidro/directiva/marco_agua.php;/planificacion/directiva-marco-del-agua/;Planificación;Directiva Marco del Agua;ok;
pagina;/planhidro/directiva/marco_agua/agua_esencial.php;/planificacion/directiva-marco-del-agua/documentos/agua-esencial/;Planificación;El agua es esencial para la vida;ok;
pagina;/planhidro/directiva/marco_agua/calendario_programa_trabajo.php;/planificacion/directiva-marco-del-agua/documentos/calendario-programa-trabajo/;Planificación;Calendario y programa de trabajo Gran Canaria;ok;
pagina;/planhidro/directiva/marco_agua/caracterizacion_masas_agua.php;/planificacion/directiva-marco-del-agua/documentos/caracterizacion-masas-agua/;Planificación;Caracterización de las masas de agua subterráneas;ok;
pagina;/planhidro/directiva/marco_agua/ciclo_planificacion_hidrologica.php;/planificacion/directiva-marco-del-agua/documentos/ciclo-planificacion-hidrologica/;Planificación;El nuevo ciclo de planificación hidrológica en España;ok;
pagina;/planhidro/directiva/marco_agua/cuencas_hidrograficas.php;/planificacion/directiva-marco-del-agua/documentos/cuencas-hidrograficas/;Planificación;Elementos de buena práctica en la gestión integrada de cuencas hidrográficas;ok;
pagina;/planhidro/directiva/marco_agua/cumplimiento_V_VI.php;/planificacion/directiva-marco-del-agua/documentos/cumplimiento-v-vi/;Planificación;Cumplimiento sobre los artículos V y VI de la DMA;ok;
pagina;/planhidro/directiva/marco_agua/directiva_marco_agua_CE.php;/planificacion/directiva-marco-del-agua/documentos/directiva-marco-agua-ce/;Planificación;Directiva Marco del Agua;ok;
pagina;/planhidro/directiva/marco_agua/directiva_nitratos.php;/planificacion/directiva-marco-del-agua/documentos/directiva-nitratos/;Planificación;Informe directiva de nitratos;ok;
pagina;/planhidro/directiva/marco_agua/economia_medio_ambiente.php;/planificacion/directiva-marco-del-agua/documentos/economia-medio-ambiente/;Planificación;Economía y el Medio Ambiente. El reto de Implantar la DMA;ok;
pagina;/planhidro/directiva/marco_agua/informe_red_control.php;/planificacion/directiva-marco-del-agua/documentos/informe-red-control/;Planificación;1° Informe sobre la Red de Control;ok;
pagina;/planhidro/directiva/marco_agua/informe_V_VI.php;/planificacion/directiva-marco-del-agua/documentos/informe-v-vi/;Planificación;Informe sobre articulos V y VI de la DMA;ok;
pagina;/planhidro/directiva/marco_agua/instruccion_planificacion.php;/planificacion/directiva-marco-del-agua/documentos/instruccion-planificacion/;Planificación;Instrucción de Planificación Hidrológica;ok;
pagina;/planhidro/directiva/marco_agua/participacion_publica_DMA_8.php;/planificacion/directiva-marco-del-agua/documentos/participacion-publica-dma-8/;Planificación;Participación pública en relación a la DMA;ok;
pagina;/planhidro/directiva/marco_agua/participacion_publica_DMA.php;/planificacion/directiva-marco-del-agua/documentos/participacion-publica-dma/;Planificación;Informe sobre participación pública según la DMA;ok;
pagina;/planhidro/directiva/marco_agua/planifiacion_hidrologica.php;/planificacion/directiva-marco-del-agua/documentos/instruccion-planificacion-hidrologica-borrador-v10/;Planificación;Instrucción de planificación hidrológica;ok;
pagina;/planhidro/directiva/marco_agua/procesos_planificacion.php;/planificacion/directiva-marco-del-agua/documentos/procesos-planificacion/;Planificación;Procesos de planificación;ok;
pagina;/planhidro/directiva/marco_agua/reglamento_planificacion.php;/planificacion/directiva-marco-del-agua/documentos/reglamento-planificacion/;Planificación;Reglamento de la Planificación Hidrolólogica;ok;
pagina;/planhidro/directiva/marco_agua/reglamento.php;/planificacion/directiva-marco-del-agua/documentos/reglamento/;Planificación;Reglamento de la Planificación Hidrológica;ok;
pagina;/planhidro/directiva/marco_agua/riesgos_aguas_subterraneas.php;/planificacion/directiva-marco-del-agua/documentos/riesgos-aguas-subterraneas/;Planificación;Evaluación de los riesgos de las aguas subterráneas;ok;
pagina;/planhidro/directiva/marco_agua/trabajos_directiva_marco.php;/planificacion/directiva-marco-del-agua/documentos/trabajos-directiva-marco/;Planificación;Trabajos de la Directiva Marco en Canarias;ok;
pagina;/planhidro/directiva/marco_agua/zonas_costeras.php;/planificacion/directiva-marco-del-agua/documentos/zonas-costeras/;Planificación;La Unión Europea apuesta por las zonas costeras;ok;
pagina;/pluviometros.php;/agua-en-gran-canaria/pluviometros/;Agua en Gran Canaria;Pluviómetros;ok;
pagina;/presas/archivo.php;/agua-en-gran-canaria/presas/archivo-tecnico/;Agua en Gran Canaria;Archivo técnico;ok;
pagina;/presas/ubicacion_presas.php;/agua-en-gran-canaria/presas/;Agua en Gran Canaria;Presas;ok;
pagina;/presas/volumenes.php;/agua-en-gran-canaria/presas/volumenes/;Agua en Gran Canaria;Estado de los embalses;ok;
pagina;/presupuesto.php;/transparencia/presupuestos/;Transparencia;Presupuestos;ok;
pagina;/privacidad.php;/privacidad/;Privacidad;Privacidad;ok;
pagina;/red_control.php;/planificacion/red-de-control-2009/;Planificación;Red de Control 2009;ok;
pagina;/servicios/documento.php;/servicios/descarga-de-documentos/;Servicios y trámites;Registro y descarga de documentos;ok;
pagina;/servicios/enlaces.php;/servicios/enlaces/;Servicios y trámites;Enlaces de interés;ok;
pagina;/servicios/legislacion.php;/servicios/normativa/;Servicios y trámites;Normativa;ok;
pagina;/servicios/legislacion/canarias/auxilio_obras.php;/servicios/normativa/canarias/auxilio-obras/;Servicios y trámites;Auxilios a obras hidráulicas. Decreto por el que se aprueba el Reglamento de auxilios a ob;ok;
pagina;/servicios/legislacion/canarias/buenas_practicas.php;/servicios/normativa/canarias/buenas-practicas/;Servicios y trámites;Código de Buenas Prácticas Agrarias de la Comunidad Autónoma de Canarias. Orden de 11 de f;ok;
pagina;/servicios/legislacion/canarias/control_vertidos.php;/servicios/normativa/canarias/control-vertidos/;Servicios y trámites;Control de Vertidos para la Protección del Dominio Público Hidráulico D. 174/1994 Reglamen;ok;
pagina;/servicios/legislacion/canarias/convenio_colaboracion.php;/servicios/normativa/canarias/convenio-colaboracion/;Servicios y trámites;Convenio de Colaboración entre el MIMA y el Gobierno de Canarias: infraestructuras hidrául;ok;
pagina;/servicios/legislacion/canarias/derogado.php;/servicios/normativa/canarias/derogado/;Servicios y trámites;DEROGADO Prevención del Impacto Ecológico LEY 11/1990. LEY 11/1990, de 13 de julio, de Pre;ok;
pagina;/servicios/legislacion/canarias/dominio_publico_hidraulico.php;/servicios/normativa/canarias/dominio-publico-hidraulico/;Servicios y trámites;Reglamento de Dominio Público Hidráulico. Decreto 86/2002, de 2 de Julio, por el que se ap;ok;
pagina;/servicios/legislacion/canarias/estructura_func.php;/servicios/normativa/canarias/estructura-func/;Servicios y trámites;Estructura y func. de la Consejería de Obras Públicas, Vivienda y Aguas. Decreto 190/1994,;ok;
pagina;/servicios/legislacion/canarias/instalaciones_suministros.php;/servicios/normativa/canarias/instalaciones-suministros/;Servicios y trámites;Instalaciones interiores de suministro de agua. Orden de 12 de abril de 1996, por la que s;ok;
pagina;/servicios/legislacion/canarias/instrumentos.php;/servicios/normativa/canarias/instrumentos/;Servicios y trámites;Instrumentos de ordenación. Decreto 55/2006, de 9 de mayo, por el que se aprueba el Reglam;ok;
pagina;/servicios/legislacion/canarias/ley_aguas.php;/servicios/normativa/canarias/ley-aguas/;Servicios y trámites;Ley de Aguas de Canarias. L. 12/1990 de 26 de julio, sobre Normas Reguladoras de Aguas;ok;
pagina;/servicios/legislacion/canarias/nitratos.php;/servicios/normativa/canarias/nitratos/;Servicios y trámites;Nitratos: Masas de agua afectadas. D. 49/2000 masas de agua afectadas por la contaminación;ok;
pagina;/servicios/legislacion/canarias/ordenanzas.php;/servicios/normativa/canarias/ordenanzas/;Servicios y trámites;Plan Hidrológico. Ordenanzas: Decreto 82/1999, de 6 de mayo, por el que se aprueba el PHIG;ok;
pagina;/servicios/legislacion/canarias/sancionador_aguas.php;/servicios/normativa/canarias/sancionador-aguas/;Servicios y trámites;Reglamento Sancionador en Materia de Aguas: Decreto 276/1993, de 8 de Octubre de 1993. Reg;ok;
pagina;/servicios/legislacion/canarias/suelos_contaminados.php;/servicios/normativa/canarias/suelos-contaminados/;Servicios y trámites;Régimen jurídico de los suelos contaminados en la Comunidad Autónoma de Canarias. Decreto;ok;
pagina;/servicios/legislacion/canarias/tramitacion.php;/servicios/normativa/canarias/tramitacion/;Servicios y trámites;Tramitación de los expedientes de autorización de los vertidos de tierra al mar. Obtención;ok;
pagina;/servicios/legislacion/españa/aguas_urbanas.php;/servicios/normativa/espana/aguas-urbanas/;Servicios y trámites;Tratamiento aguas residuales urbanas: Real Decreto-Ley 11/1995. Real Decreto-Ley 11/1995,;ok;
pagina;/servicios/legislacion/espa%C3%B1a/aguas_urbanas.php;/servicios/normativa/espana/aguas-urbanas/;Servicios y trámites;Tratamiento aguas residuales urbanas: Real Decreto-Ley 11/1995. Real Decreto-Ley 11/1995,;ok;Variante codificada de la misma URL
pagina;/servicios/legislacion/españa/calidad_aguas.php;/servicios/normativa/espana/calidad-aguas/;Servicios y trámites;Calidad de las aguas de baño. R.D. por el que se establecen normas de calidad de las aguas;ok;
pagina;/servicios/legislacion/espa%C3%B1a/calidad_aguas.php;/servicios/normativa/espana/calidad-aguas/;Servicios y trámites;Calidad de las aguas de baño. R.D. por el que se establecen normas de calidad de las aguas;ok;Variante codificada de la misma URL
pagina;/servicios/legislacion/españa/construccion_explotacion.php;/servicios/normativa/espana/construccion-explotacion/;Servicios y trámites;Instr. para proyecto construcción y explotación de grandes presas. ORDEN de 31 de marzo de;ok;
pagina;/servicios/legislacion/espa%C3%B1a/construccion_explotacion.php;/servicios/normativa/espana/construccion-explotacion/;Servicios y trámites;Instr. para proyecto construcción y explotación de grandes presas. ORDEN de 31 de marzo de;ok;Variante codificada de la misma URL
pagina;/servicios/legislacion/españa/contratacion_obras.php;/servicios/normativa/espana/contratacion-obras/;Servicios y trámites;Pliego de C.A.G para la contratación de obras del Estado D. 3854/70, de 31 de diciembre, P;ok;
pagina;/servicios/legislacion/espa%C3%B1a/contratacion_obras.php;/servicios/normativa/espana/contratacion-obras/;Servicios y trámites;Pliego de C.A.G para la contratación de obras del Estado D. 3854/70, de 31 de diciembre, P;ok;Variante codificada de la misma URL
pagina;/servicios/legislacion/españa/contratos_administraciones.php;/servicios/normativa/espana/contratos-administraciones/;Servicios y trámites;Reglamento general de la ley de Contratos de las Administraciones Públicas. RD 1098/01, de;ok;
pagina;/servicios/legislacion/espa%C3%B1a/contratos_administraciones.php;/servicios/normativa/espana/contratos-administraciones/;Servicios y trámites;Reglamento general de la ley de Contratos de las Administraciones Públicas. RD 1098/01, de;ok;Variante codificada de la misma URL
pagina;/servicios/legislacion/españa/contratos_sector_publico.php;/servicios/normativa/espana/contratos-sector-publico/;Servicios y trámites;Ley de Contratos del Sector Publico. Ley 30/07, de 30 de octubre, de contratos del Sector;ok;
pagina;/servicios/legislacion/espa%C3%B1a/contratos_sector_publico.php;/servicios/normativa/espana/contratos-sector-publico/;Servicios y trámites;Ley de Contratos del Sector Publico. Ley 30/07, de 30 de octubre, de contratos del Sector;ok;Variante codificada de la misma URL
pagina;/servicios/legislacion/españa/contratos.php;/servicios/normativa/espana/contratos/;Servicios y trámites;Ley de Contratos de las Administraciones Públicas.DEROGADO PARCIAL R.D.L. 2/2000, de 16 de;ok;
pagina;/servicios/legislacion/espa%C3%B1a/contratos.php;/servicios/normativa/espana/contratos/;Servicios y trámites;Ley de Contratos de las Administraciones Públicas.DEROGADO PARCIAL R.D.L. 2/2000, de 16 de;ok;Variante codificada de la misma URL
pagina;/servicios/legislacion/españa/criterios_sanitarios.php;/servicios/normativa/espana/criterios-sanitarios/;Servicios y trámites;Criterios sanitarios de la calidad del agua de consumo humano. Real Decreto 140/2003, de 7;ok;
pagina;/servicios/legislacion/espa%C3%B1a/criterios_sanitarios.php;/servicios/normativa/espana/criterios-sanitarios/;Servicios y trámites;Criterios sanitarios de la calidad del agua de consumo humano. Real Decreto 140/2003, de 7;ok;Variante codificada de la misma URL
pagina;/servicios/legislacion/españa/dominio_publico_nacional.php;/servicios/normativa/espana/dominio-publico-nacional/;Servicios y trámites;Reglamento del Dominio Público Hidráulico (Nacional). RD 849/86, de 11 de abril, por el qu;ok;
pagina;/servicios/legislacion/espa%C3%B1a/dominio_publico_nacional.php;/servicios/normativa/espana/dominio-publico-nacional/;Servicios y trámites;Reglamento del Dominio Público Hidráulico (Nacional). RD 849/86, de 11 de abril, por el qu;ok;Variante codificada de la misma URL
pagina;/servicios/legislacion/españa/evaluacion_gestion.php;/servicios/normativa/espana/evaluacion-gestion/;Servicios y trámites;Evaluación y gestión de riesgos de inundación. Real Decreto 903/2010, de 9 de julio, de ev;ok;
pagina;/servicios/legislacion/espa%C3%B1a/evaluacion_gestion.php;/servicios/normativa/espana/evaluacion-gestion/;Servicios y trámites;Evaluación y gestión de riesgos de inundación. Real Decreto 903/2010, de 9 de julio, de ev;ok;Variante codificada de la misma URL
pagina;/servicios/legislacion/españa/ley_aguas.php;/servicios/normativa/espana/ley-aguas/;Servicios y trámites;Ley de Aguas. R.D.L. 1/01, de 20 de julio, por el que se aprueba el texto refundido de la;ok;
pagina;/servicios/legislacion/espa%C3%B1a/ley_aguas.php;/servicios/normativa/espana/ley-aguas/;Servicios y trámites;Ley de Aguas. R.D.L. 1/01, de 20 de julio, por el que se aprueba el texto refundido de la;ok;Variante codificada de la misma URL
pagina;/servicios/legislacion/españa/modificacion_reglamento.php;/servicios/normativa/espana/modificacion-reglamento/;Servicios y trámites;Modificación del Reglamento del DPH. Real Decreto 670/2013, de 6 de septiembre, por el que;ok;
pagina;/servicios/legislacion/espa%C3%B1a/modificacion_reglamento.php;/servicios/normativa/espana/modificacion-reglamento/;Servicios y trámites;Modificación del Reglamento del DPH. Real Decreto 670/2013, de 6 de septiembre, por el que;ok;Variante codificada de la misma URL
pagina;/servicios/legislacion/españa/nitratos.php;/servicios/normativa/espana/nitratos/;Servicios y trámites;Nitratos: protección de las aguas contra la contaminación producida por los nitratos proce;ok;
pagina;/servicios/legislacion/espa%C3%B1a/nitratos.php;/servicios/normativa/espana/nitratos/;Servicios y trámites;Nitratos: protección de las aguas contra la contaminación producida por los nitratos proce;ok;Variante codificada de la misma URL
pagina;/servicios/legislacion/españa/planificacion_civil.php;/servicios/normativa/espana/planificacion-civil/;Servicios y trámites;Directriz B. de Planificacion P. Civil ante el Riesgo de Inundaciones. RESOLUCIÓN de 31 de;ok;
pagina;/servicios/legislacion/espa%C3%B1a/planificacion_civil.php;/servicios/normativa/espana/planificacion-civil/;Servicios y trámites;Directriz B. de Planificacion P. Civil ante el Riesgo de Inundaciones. RESOLUCIÓN de 31 de;ok;Variante codificada de la misma URL
pagina;/servicios/legislacion/españa/proteccion_aguas_subterraneas.php;/servicios/normativa/espana/proteccion-aguas-subterraneas/;Servicios y trámites;Protección de las aguas subterráneas contra la contaminación y el deterioro. Real Decreto;ok;
pagina;/servicios/legislacion/espa%C3%B1a/proteccion_aguas_subterraneas.php;/servicios/normativa/espana/proteccion-aguas-subterraneas/;Servicios y trámites;Protección de las aguas subterráneas contra la contaminación y el deterioro. Real Decreto;ok;Variante codificada de la misma URL
pagina;/servicios/legislacion/españa/reglamento_administracion.php;/servicios/normativa/espana/reglamento-administracion/;Servicios y trámites;Reglamento de la administración pública del agua. R.D. 927/88, de 29 de julio, por el que;ok;
pagina;/servicios/legislacion/espa%C3%B1a/reglamento_administracion.php;/servicios/normativa/espana/reglamento-administracion/;Servicios y trámites;Reglamento de la administración pública del agua. R.D. 927/88, de 29 de julio, por el que;ok;Variante codificada de la misma URL
pagina;/servicios/legislacion/españa/responsabilidad.php;/servicios/normativa/espana/responsabilidad/;Servicios y trámites;Responsabilidad medioambiental. Ley 26/2007, de 23 de Octubre, de Responsabilidad Medioamb;ok;
pagina;/servicios/legislacion/espa%C3%B1a/responsabilidad.php;/servicios/normativa/espana/responsabilidad/;Servicios y trámites;Responsabilidad medioambiental. Ley 26/2007, de 23 de Octubre, de Responsabilidad Medioamb;ok;Variante codificada de la misma URL
pagina;/servicios/legislacion/españa/reutilizacion.php;/servicios/normativa/espana/reutilizacion/;Servicios y trámites;Reutilización de las aguas depuradas. R.D. 1620/2007, de 7 de diciembre, por el que se est;ok;
pagina;/servicios/legislacion/espa%C3%B1a/reutilizacion.php;/servicios/normativa/espana/reutilizacion/;Servicios y trámites;Reutilización de las aguas depuradas. R.D. 1620/2007, de 7 de diciembre, por el que se est;ok;Variante codificada de la misma URL
pagina;/servicios/legislacion/españa/sector_publico.php;/servicios/normativa/espana/sector-publico/;Servicios y trámites;Ley de contratos del Sector Público. RD que lo desarrolla parcialmente RD 817/2009, de 8 d;ok;
pagina;/servicios/legislacion/espa%C3%B1a/sector_publico.php;/servicios/normativa/espana/sector-publico/;Servicios y trámites;Ley de contratos del Sector Público. RD que lo desarrolla parcialmente RD 817/2009, de 8 d;ok;Variante codificada de la misma URL
pagina;/servicios/legislacion/españa/seguridad_presas.php;/servicios/normativa/espana/seguridad-presas/;Servicios y trámites;RT sobre Seguridad de Presas y Embalses. O. de 12 de marzo de 1996, por la que se aprueba;ok;
pagina;/servicios/legislacion/espa%C3%B1a/seguridad_presas.php;/servicios/normativa/espana/seguridad-presas/;Servicios y trámites;RT sobre Seguridad de Presas y Embalses. O. de 12 de marzo de 1996, por la que se aprueba;ok;Variante codificada de la misma URL
pagina;/servicios/legislacion/españa/tratamiento_aguas.php;/servicios/normativa/espana/tratamiento-aguas/;Servicios y trámites;Tratamiento aguas residuales urbanas: Real Decreto 509/1996 normas aplicables. Real Decret;ok;
pagina;/servicios/legislacion/espa%C3%B1a/tratamiento_aguas.php;/servicios/normativa/espana/tratamiento-aguas/;Servicios y trámites;Tratamiento aguas residuales urbanas: Real Decreto 509/1996 normas aplicables. Real Decret;ok;Variante codificada de la misma URL
pagina;/servicios/legislacion/españa/valoracion_danos.php;/servicios/normativa/espana/valoracion-danos/;Servicios y trámites;Valoración de los daños al DPH y las normas sobre toma de muestras y análisis. ORDEN MAM/8;ok;
pagina;/servicios/legislacion/espa%C3%B1a/valoracion_danos.php;/servicios/normativa/espana/valoracion-danos/;Servicios y trámites;Valoración de los daños al DPH y las normas sobre toma de muestras y análisis. ORDEN MAM/8;ok;Variante codificada de la misma URL
pagina;/servicios/legislacion/europa/aguas_residuales.php;/servicios/normativa/union-europea/aguas-residuales/;Servicios y trámites;Directiva de Aguas residuales urbanas. Directiva 91/271/CEE del Consejo, de 21 de mayo de;ok;
pagina;/servicios/legislacion/europa/directiva_inundaciones.php;/servicios/normativa/union-europea/directiva-inundaciones/;Servicios y trámites;Directiva de inundaciones. Directiva 2007/60/CE del PE y del Consejo de 23 de octubre de 2;ok;
pagina;/servicios/legislacion/europa/directiva_marco_agua.php;/servicios/normativa/union-europea/directiva-marco-agua/;Servicios y trámites;Directiva Marco del Agua DMA. Directiva 2000/60/CE del PE y del Consejo por la que se esta;ok;
pagina;/servicios/legislacion/europa/directiva_nitratos.php;/servicios/normativa/union-europea/directiva-nitratos/;Servicios y trámites;Directiva de Nitratos. Directiva 91/676/CEE del Consejo, de 12 de diciembre de 1991, relat;ok;
pagina;/servicios/legislacion/europa/directiva_subterranea.php;/servicios/normativa/union-europea/directiva-subterranea/;Servicios y trámites;Directiva de subterráneas. DIRECTIVA 2006/118/CE del parlamento europeo y del consejo rela;ok;
pagina;/servicios/legislacion/europa/sustancias_prioritarias.php;/servicios/normativa/union-europea/sustancias-prioritarias/;Servicios y trámites;Lista de sustancias prioritarias. Decisión no 2455/2001/CE por la que se aprueba la lista;ok;
pagina;/servicios/tarifa.php;/servicios/tasas/;Servicios y trámites;Tasas;ok;
pagina;/servicios/tarifas.php;/servicios/tarifas-canones-y-precios-publicos/;Servicios y trámites;Tarifas, cánones y precios públicos;ok;
pagina;/subvenciones.php;/fondos-europeos/subvenciones-al-sobrecoste/;Fondos europeos y subvenciones;Subvenciones al sobrecoste;ok;
pagina;/transparencia.php;/transparencia/;Transparencia;Transparencia;ok;
documento;/boe/dias/2007/11/21/pdfs/A47567-47572.pdf;;;;no existe en origen (404);
visor;/cartografia/Catalogo_Cauces/css/fontawesome-all.min.css;/visores/Catalogo_Cauces/css/fontawesome-all.min.css;;;ok;
visor;/cartografia/Catalogo_Cauces/css/L.Control.MousePosition.css;/visores/Catalogo_Cauces/css/L.Control.MousePosition.css;;;ok;
visor;/cartografia/Catalogo_Cauces/css/leaflet-loader.css;/visores/Catalogo_Cauces/css/leaflet-loader.css;;;ok;
visor;/cartografia/Catalogo_Cauces/css/leaflet-search.css;/visores/Catalogo_Cauces/css/leaflet-search.css;;;ok;
visor;/cartografia/Catalogo_Cauces/css/leaflet.css;/visores/Catalogo_Cauces/css/leaflet.css;;;ok;
visor;/cartografia/Catalogo_Cauces/css/leaflet.defaultextent.css;/visores/Catalogo_Cauces/css/leaflet.defaultextent.css;;;ok;
visor;/cartografia/Catalogo_Cauces/css/qgis2web.css;/visores/Catalogo_Cauces/css/qgis2web.css;;;ok;
visor;/cartografia/Catalogo_Cauces/data/00_Catalogo_Bcos_Cuencas_1.js;/visores/Catalogo_Cauces/data/00_Catalogo_Bcos_Cuencas_1.js;;;ok;
visor;/cartografia/Catalogo_Cauces/data/Canalizacion.js;/visores/Catalogo_Cauces/data/Canalizacion.js;;;ok;
visor;/cartografia/Catalogo_Cauces/data/Catalogo_v2_2.js;/visores/Catalogo_Cauces/data/Catalogo_v2_2.js;;;ok;
visor;/cartografia/Catalogo_Cauces/data/Deslinde_0.js;/visores/Catalogo_Cauces/data/Deslinde_0.js;;;ok;
visor;/cartografia/Catalogo_Cauces/js/Autolinker.min.js;/visores/Catalogo_Cauces/js/Autolinker.min.js;;;ok;
visor;/cartografia/Catalogo_Cauces/js/L.Control.MousePosition.js;/visores/Catalogo_Cauces/js/L.Control.MousePosition.js;;;ok;
visor;/cartografia/Catalogo_Cauces/js/L.LatLng.UTM.js;/visores/Catalogo_Cauces/js/L.LatLng.UTM.js;;;ok;
visor;/cartografia/Catalogo_Cauces/js/labelgun.min.js;/visores/Catalogo_Cauces/js/labelgun.min.js;;;ok;
visor;/cartografia/Catalogo_Cauces/js/labels.js;/visores/Catalogo_Cauces/js/labels.js;;;ok;
visor;/cartografia/Catalogo_Cauces/js/leaflet-hash.js;/visores/Catalogo_Cauces/js/leaflet-hash.js;;;ok;
visor;/cartografia/Catalogo_Cauces/js/leaflet-loader.js;/visores/Catalogo_Cauces/js/leaflet-loader.js;;;ok;
visor;/cartografia/Catalogo_Cauces/js/leaflet-search.js;/visores/Catalogo_Cauces/js/leaflet-search.js;;;ok;
visor;/cartografia/Catalogo_Cauces/js/leaflet.defaultextent.js;/visores/Catalogo_Cauces/js/leaflet.defaultextent.js;;;ok;
visor;/cartografia/Catalogo_Cauces/js/leaflet.js;/visores/Catalogo_Cauces/js/leaflet.js;;;ok;
visor;/cartografia/Catalogo_Cauces/js/leaflet.pattern.js;/visores/Catalogo_Cauces/js/leaflet.pattern.js;;;ok;
visor;/cartografia/Catalogo_Cauces/js/leaflet.rotatedMarker.js;/visores/Catalogo_Cauces/js/leaflet.rotatedMarker.js;;;ok;
visor;/cartografia/Catalogo_Cauces/js/leaflet.wms.js;/visores/Catalogo_Cauces/js/leaflet.wms.js;;;ok;
visor;/cartografia/Catalogo_Cauces/js/proj4.js;/visores/Catalogo_Cauces/js/proj4.js;;;ok;
visor;/cartografia/Catalogo_Cauces/js/proj4leaflet.js;/visores/Catalogo_Cauces/js/proj4leaflet.js;;;ok;
visor;/cartografia/Catalogo_Cauces/js/qgis2web_expressions.js;/visores/Catalogo_Cauces/js/qgis2web_expressions.js;;;ok;
visor;/cartografia/Catalogo_Cauces/js/rbush.min.js;/visores/Catalogo_Cauces/js/rbush.min.js;;;ok;
imagen;/cartografia/Catalogo_Cauces/legend/Canalz.png;/visores/Catalogo_Cauces/legend/Canalz.png;;;ok;
imagen;/cartografia/Catalogo_Cauces/legend/Cauces.png;/visores/Catalogo_Cauces/legend/Cauces.png;;;ok;
imagen;/cartografia/Catalogo_Cauces/legend/Cuencas.png;/visores/Catalogo_Cauces/legend/Cuencas.png;;;ok;
imagen;/cartografia/Catalogo_Cauces/legend/Deslinde.png;/visores/Catalogo_Cauces/legend/Deslinde.png;;;ok;
visor;/cartografia/CensoInstalaciones/css/leaflet.defaultextent.css;/visores/CensoInstalaciones/css/leaflet.defaultextent.css;;;ok;
visor;/cartografia/CensoInstalaciones/images/marker-boring.svg;/visores/CensoInstalaciones/images/marker-boring.svg;;Marcador boring;ok;
visor;/cartografia/CensoInstalaciones/images/marker-exploration.svg;/visores/CensoInstalaciones/images/marker-exploration.svg;;Marcador exploration;ok;
visor;/cartografia/CensoInstalaciones/images/marker-gallery.svg;/visores/CensoInstalaciones/images/marker-gallery.svg;;Marcador gallery;ok;
visor;/cartografia/CensoInstalaciones/images/marker-mixed_well.svg;/visores/CensoInstalaciones/images/marker-mixed_well.svg;;Marcador mixed_well;ok;
visor;/cartografia/CensoInstalaciones/images/marker-other.svg;/visores/CensoInstalaciones/images/marker-other.svg;;Marcador other;ok;
visor;/cartografia/CensoInstalaciones/images/marker-unknown.svg;;;Marcador unknown;no existe en origen (404);
visor;/cartografia/CensoInstalaciones/images/marker-well.svg;/visores/CensoInstalaciones/images/marker-well.svg;;Marcador well;ok;
visor;/cartografia/CensoInstalaciones/plugin/leaflet.defaultextent.js;/visores/CensoInstalaciones/plugin/leaflet.defaultextent.js;;;ok;
visor;/cartografia/CensoInstalaciones/plugin/Leaflet.Spain.WMS.js;/visores/CensoInstalaciones/plugin/Leaflet.Spain.WMS.js;;;ok;
imagen;/divulgacion/recu_no/5_T_desal_sw_clip_image001_0001.gif;;;;no existe en origen (404);
documento;/el_consejo/fomento.txt;/documentos/el_consejo/fomento.txt;;;ok;
documento;/el_consejo/funciones.txt;/documentos/el_consejo/funciones.txt;;;ok;
documento;/el_consejo/introduccion.txt;/documentos/el_consejo/introduccion.txt;;;ok;
documento;/el_consejo/Organigrama.docx;/documentos/el_consejo/organigrama.docx;;;ok;
documento;/el_consejo/Organigrama.odt;/documentos/el_consejo/organigrama.odt;;;ok;
documento;/el_consejo/Organigrama.pdf;/documentos/el_consejo/organigrama.pdf;;;ok;
documento;/el_consejo/Organigrama.txt;/documentos/el_consejo/organigrama.txt;;;ok;
documento;/el_consejo/organos_gobierno_gerente.txt;/documentos/el_consejo/organos_gobierno_gerente.txt;;;ok;
documento;/el_consejo/organos_gobierno_junta_general.txt;/documentos/el_consejo/organos_gobierno_junta_general.txt;;;ok;
documento;/el_consejo/organos_gobierno_junta_gobierno.txt;/documentos/el_consejo/organos_gobierno_junta_gobierno.txt;;;ok;
documento;/el_consejo/organos_gobierno_presidente.txt;/documentos/el_consejo/organos_gobierno_presidente.txt;;;ok;
documento;/el_consejo/organos_gobierno_vicepresidente.txt;/documentos/el_consejo/organos_gobierno_vicepresidente.txt;;;ok;
documento;/el_consejo/ubicacion.txt;/documentos/el_consejo/ubicacion.txt;;;ok;
documento;/geocarto/descarga/Metadato/Barrancos_Cuencas.xml;/documentos/geocarto/descarga/metadato/barrancos_cuencas.xml;;Metadato;ok;
documento;/geocarto/descarga/Metadato/Consumos_Agrarios.xml;/documentos/geocarto/descarga/metadato/consumos_agrarios.xml;;Metadato;ok;
documento;/geocarto/descarga/Metadato/Cultivos.xml;/documentos/geocarto/descarga/metadato/cultivos.xml;;Metadato;ok;
documento;/geocarto/descarga/Metadato/Desalacion_depuracion.xml;/documentos/geocarto/descarga/metadato/desalacion_depuracion.xml;;Metadato;ok;
documento;/geocarto/descarga/Metadato/Infraestructuras.xml;/documentos/geocarto/descarga/metadato/infraestructuras.xml;;Metadato;ok;
documento;/geocarto/descarga/Metadato/MasasAguaSubterranea.xml;/documentos/geocarto/descarga/metadato/masasaguasubterranea.xml;;Metadato;ok;
documento;/geocarto/descarga/Metadato/Permeabilidad.xml;/documentos/geocarto/descarga/metadato/permeabilidad.xml;;Metadato;ok;
documento;/geocarto/descarga/Metadato/Pozos.xml;/documentos/geocarto/descarga/metadato/pozos.xml;;Metadato;ok;
documento;/geocarto/descarga/Metadato/Precipitaciones.xml;/documentos/geocarto/descarga/metadato/precipitaciones.xml;;Metadato;ok;
documento;/geocarto/descarga/Metadato/Presas.xml;/documentos/geocarto/descarga/metadato/presas.xml;;Metadato;ok;
documento;/geocarto/descarga/Metadato/RedControl.xml;/documentos/geocarto/descarga/metadato/redcontrol.xml;;Metadato;ok;
documento;/geocarto/descarga/Metadato/RedPluviometrica.xml;/documentos/geocarto/descarga/metadato/redpluviometrica.xml;;Metadato;ok;
documento;/geocarto/descarga/Metadato/Relieve.xml;/documentos/geocarto/descarga/metadato/relieve.xml;;Metadato;ok;
documento;/geocarto/descarga/Metadato/Zonificacion.xml;/documentos/geocarto/descarga/metadato/zonificacion.xml;;Metadato;ok;
documento;/geocarto/descarga/Shp/Presas.zip;/documentos/geocarto/descarga/shp/presas.zip;;Archivo SHP;ok;
imagen;/icons/ecblank.gif;;;;no existe en origen (404);
imagen;/img/0_(10).gif;/imagenes/img/0_-10.gif;;None;ok;
imagen;/img/0.gif;/imagenes/img/0.gif;;;ok;
imagen;/img/01_04_general.gif;/imagenes/img/01_04_general.gif;;;ok;
imagen;/img/1_densidad_peq.gif;/imagenes/img/1_densidad_peq.gif;;;ok;
imagen;/img/1_gambuesa.jpg;/imagenes/img/1_gambuesa.jpg;;;ok;
imagen;/img/1_niebla.jpg;/imagenes/img/1_niebla.jpg;;;ok;
imagen;/img/1_panoramica_artenara.jpg;/imagenes/img/1_panoramica_artenara.jpg;;;ok;
imagen;/img/1_permeabilidad.gif;/imagenes/img/1_permeabilidad.gif;;;ok;
imagen;/img/16.gif;/imagenes/img/16.gif;;;ok;
imagen;/img/2005-03-07_PresaPintor0091.JPG;/imagenes/img/2005-03-07_presapintor0091.jpg;;;ok;
imagen;/img/20250719 FotoNoticia Abastecimiento de agua en El Valle de Agaete.jpg;/imagenes/img/20250719-fotonoticia-abastecimiento-de-agua-en-el-valle-de-agaete.jpg;;;ok;
imagen;/img/20250719%20FotoNoticia%20Abastecimiento%20de%20agua%20en%20El%20Valle%20de%20Agaete.jpg;/imagenes/img/20250719-fotonoticia-abastecimiento-de-agua-en-el-valle-de-agaete.jpg;;;ok;Variante codificada de la misma URL
imagen;/img/20250721 FotoNoticia El nuevo depósito de El Fondillo.jpg;/imagenes/img/20250721-fotonoticia-el-nuevo-deposito-de-el-fondillo.jpg;;;ok;
imagen;/img/20250721%20FotoNoticia%20El%20nuevo%20dep%C3%B3sito%20de%20El%20Fondillo.jpg;/imagenes/img/20250721-fotonoticia-el-nuevo-deposito-de-el-fondillo.jpg;;;ok;Variante codificada de la misma URL
imagen;/img/20251111_FotoNoticia_Arranca la obra submarina de Salto de Chira.webp;/imagenes/img/20251111_fotonoticia_arranca-la-obra-submarina-de-salto-de-chira.webp;;;ok;
imagen;/img/20251111_FotoNoticia_Arranca%20la%20obra%20submarina%20de%20Salto%20de%20Chira.webp;/imagenes/img/20251111_fotonoticia_arranca-la-obra-submarina-de-salto-de-chira.webp;;;ok;Variante codificada de la misma URL
imagen;/img/20251111_FotoNoticia_La excavación de la caverna de la central concentra la obra subterránea.jpg;/imagenes/img/20251111_fotonoticia_la-excavacion-de-la-caverna-de-la-central-concentra-la-obra-subterranea.jpg;;;ok;
imagen;/img/20251111_FotoNoticia_La%20excavaci%C3%B3n%20de%20la%20caverna%20de%20la%20central%20concentra%20la%20obra%20subterr%C3%A1nea.jpg;/imagenes/img/20251111_fotonoticia_la-excavacion-de-la-caverna-de-la-central-concentra-la-obra-subterranea.jpg;;;ok;Variante codificada de la misma URL
imagen;/img/20260401_FotoNoticia_La red de presas de Gran Canaria.jpg;/imagenes/img/20260401_fotonoticia_la-red-de-presas-de-gran-canaria.jpg;;;ok;
imagen;/img/20260401_FotoNoticia_La%20red%20de%20presas%20de%20Gran%20Canaria.jpg;/imagenes/img/20260401_fotonoticia_la-red-de-presas-de-gran-canaria.jpg;;;ok;Variante codificada de la misma URL
imagen;/img/23.gif;/imagenes/img/23.gif;;;ok;
imagen;/img/250715 Fotonoticia reunión Cabildo Gran Canaria.jpeg;/imagenes/img/250715-fotonoticia-reunion-cabildo-gran-canaria.jpeg;;;ok;
imagen;/img/250715%20Fotonoticia%20reuni%C3%B3n%20Cabildo%20Gran%20Canaria.jpeg;/imagenes/img/250715-fotonoticia-reunion-cabildo-gran-canaria.jpeg;;;ok;Variante codificada de la misma URL
imagen;/img/250726 FotoNoticia Obras en tres barrancos.webp;/imagenes/img/250726-fotonoticia-obras-en-tres-barrancos.webp;;;ok;
imagen;/img/250726%20FotoNoticia%20Obras%20en%20tres%20barrancos.webp;/imagenes/img/250726-fotonoticia-obras-en-tres-barrancos.webp;;;ok;Variante codificada de la misma URL
imagen;/img/250726 FotoNoticia Un millón de euros mitigará inundaciones.webp;/imagenes/img/250726-fotonoticia-un-millon-de-euros-mitigara-inundaciones.webp;;;ok;
imagen;/img/250726%20FotoNoticia%20Un%20mill%C3%B3n%20de%20euros%20mitigar%C3%A1%20inundaciones.webp;/imagenes/img/250726-fotonoticia-un-millon-de-euros-mitigara-inundaciones.webp;;;ok;Variante codificada de la misma URL
imagen;/img/2894_reunion.jpg;/imagenes/img/2894_reunion.jpg;;;ok;
imagen;/img/3_D_almac_precip_peq.gif;/imagenes/img/3_d_almac_precip_peq.gif;;;ok;
imagen;/img/3_D_almac_precip.gif;/imagenes/img/3_d_almac_precip.gif;;Figura 3.- Comparación almacenamiento-precipitación;ok;
imagen;/img/3_D_aprovecham_peq.jpg;/imagenes/img/3_d_aprovecham_peq.jpg;;;ok;
imagen;/img/3_D_aprovechamientos.gif;/imagenes/img/3_d_aprovechamientos.gif;;Figura 1.- Aprovechamientos por cuencas;ok;
imagen;/img/3_D_presas_peq.gif;/imagenes/img/3_d_presas_peq.gif;;;ok;
imagen;/img/3_D_presas.gif;/imagenes/img/3_d_presas.gif;;Figura 2.- Capacidad de las presas;ok;
imagen;/img/3_T_max_avdas_peq.gif;/imagenes/img/3_t_max_avdas_peq.gif;;;ok;
imagen;/img/3_T_max_avdas.gif;/imagenes/img/3_t_max_avdas.gif;;Tabla 3.- Máximas avenidas por cuencas;ok;
imagen;/img/3_T_obras_almac_peq.gif;/imagenes/img/3_t_obras_almac_peq.gif;;;ok;
imagen;/img/3_T_presas_peq.gif;/imagenes/img/3_t_presas_peq.gif;;;ok;
imagen;/img/4_casa_maq.jpg;/imagenes/img/4_casa_maq.jpg;;;ok;
imagen;/img/4_D_sit_adm.gif;/imagenes/img/4_d_sit_adm.gif;;;ok;
imagen;/img/4_fondo_pozo.jpg;/imagenes/img/4_fondo_pozo.jpg;;;ok;
imagen;/img/4_humedal.jpg;/imagenes/img/4_humedal.jpg;;;ok;
imagen;/img/4_M_captaciones.gif;/imagenes/img/4_m_captaciones.gif;;;ok;
imagen;/img/4_M_descensos_peq.gif;/imagenes/img/4_m_descensos_peq.gif;;;ok;
imagen;/img/4_M_descensos.gif;/imagenes/img/4_m_descensos.gif;;;ok;
imagen;/img/4_M_hidroq_peq.gif;/imagenes/img/4_m_hidroq_peq.gif;;;ok;
imagen;/img/4_M_hidroq.gif;/imagenes/img/4_m_hidroq.gif;;;ok;
imagen;/img/4_M_niveles_peq.gif;/imagenes/img/4_m_niveles_peq.gif;;;ok;
imagen;/img/4_M_niveles.gif;/imagenes/img/4_m_niveles.gif;;;ok;
imagen;/img/4_pozo.jpg;/imagenes/img/4_pozo.jpg;;;ok;
imagen;/img/4_T_tipo_capt_munic_peq.gif;/imagenes/img/4_t_tipo_capt_munic_peq.gif;;;ok;
imagen;/img/4_T_tipo_capt_munic.gif;/imagenes/img/4_t_tipo_capt_munic.gif;;Tabla 1.- Estado de captación por término municipal;ok;
imagen;/img/5_M_depuradoras_peq.gif;/imagenes/img/5_m_depuradoras_peq.gif;;;ok;
imagen;/img/5_M_depuradoras.gif;/imagenes/img/5_m_depuradoras.gif;;Figura 1.- Estaciones Depuradoras;ok;
imagen;/img/5_M_desaladoras_as.gif;/imagenes/img/5_m_desaladoras_as.gif;;Figura 3.- Desaladoras de agua salobre;ok;
imagen;/img/5_M_desaladoras_sw.gif;/imagenes/img/5_m_desaladoras_sw.gif;;Figura 2.- Desaladoras de agua de mar;ok;
imagen;/img/5_panoramica.jpg;/imagenes/img/5_panoramica.jpg;;;ok;
imagen;/img/5_T_edar_peq.gif;/imagenes/img/5_t_edar_peq.gif;;;ok;
imagen;/img/6_M_cultivos.gif;/imagenes/img/6_m_cultivos.gif;;;ok;
imagen;/img/6_T_abast_munic.gif;/imagenes/img/6_t_abast_munic.gif;;Tabla 2.- Características del abastecimiento;ok;
imagen;/img/9.gif;/imagenes/img/9.gif;;;ok;
imagen;/img/agrivoltaica_bosque_comestible.webp;/imagenes/img/agrivoltaica_bosque_comestible.webp;;;ok;
imagen;/img/Alerta-2018-01-29.png;/imagenes/img/alerta-2018-01-29.png;;;ok;
imagen;/img/antonio-morales-debate-insular-gran-canaria.webp;/imagenes/img/antonio-morales-debate-insular-gran-canaria.webp;;;ok;
imagen;/img/aquamac.jpg;/imagenes/img/aquamac.jpg;;;ok;
imagen;/img/articulo_4.gif;/imagenes/img/articulo_4.gif;;;ok;
imagen;/img/Avenida_Tasarte_clip_image002.jpg;/imagenes/img/avenida_tasarte_clip_image002.jpg;;Imagen 1 .- Situación de los afluentes al barranco de Tasarte.;ok;
imagen;/img/Avenida_Tasarte_clip_image004.jpg;/imagenes/img/avenida_tasarte_clip_image004.jpg;;Foto 1.- En la zona central de la foto se observa el barranco del Cañadón de Tasarte erosionado, y el resto de barrancos se encuentran prácticamente inalterados.;ok;
imagen;/img/Avenida_Tasarte_clip_image006.gif;/imagenes/img/avenida_tasarte_clip_image006.gif;;;ok;
imagen;/img/Avenida_Tasarte_clip_image009.jpg;/imagenes/img/avenida_tasarte_clip_image009.jpg;;;ok;
imagen;/img/Avenida_Tasarte_clip_image011.jpg;/imagenes/img/avenida_tasarte_clip_image011.jpg;;;ok;
imagen;/img/Avenida_Tasarte_clip_image015.jpg;/imagenes/img/avenida_tasarte_clip_image015.jpg;;;ok;
imagen;/img/Avenida_Tasarte_clip_image017.jpg;/imagenes/img/avenida_tasarte_clip_image017.jpg;;;ok;
imagen;/img/Avenida_Tasarte_clip_image019.jpg;/imagenes/img/avenida_tasarte_clip_image019.jpg;;;ok;
imagen;/img/balance.gif;/imagenes/img/balance.gif;;;ok;
imagen;/img/Barrancos_Cuencas.jpg;/imagenes/img/barrancos_cuencas.jpg;;;ok;
imagen;/img/BIDE-A.gif;/imagenes/img/bide-a.gif;;BOE-A-2009-16772.pdf;ok;
imagen;/img/BOE_A_2013.gif;/imagenes/img/boe_a_2013.gif;;BOE-A-2013-9775 Reglamento DPH 6-09-2013.pdf;ok;
imagen;/img/BOE.gif;/imagenes/img/boe.gif;;boe.gif (2116 bytes);ok;
imagen;/img/borrasca-canarias.jpg;/imagenes/img/borrasca-canarias.jpg;;;ok;
imagen;/img/c2_europa.jpg;/imagenes/img/c2_europa.jpg;;;ok;
imagen;/img/cabildo.JPG;/imagenes/img/cabildo.jpg;;;ok;
imagen;/img/cable-barranco.webp;/imagenes/img/cable-barranco.webp;;;ok;
imagen;/img/CCauces.jpg;/imagenes/img/ccauces.jpg;;;ok;
imagen;/img/chira-aerrea-Canarias7.webp;/imagenes/img/chira-aerrea-canarias7.webp;;;ok;
imagen;/img/ciagc.gif;/imagenes/img/ciagc.gif;;;ok;
imagen;/img/collage-barranquillo-salinetas.webp;/imagenes/img/collage-barranquillo-salinetas.webp;;;ok;
imagen;/img/collapse.gif;/imagenes/img/collapse.gif;;;ok;
imagen;/img/comision_adaptacion_cambio_climatico.webp;/imagenes/img/comision_adaptacion_cambio_climatico.webp;;;ok;
imagen;/img/Consumos_Agrarios.jpg;/imagenes/img/consumos_agrarios.jpg;;;ok;
imagen;/img/cuando-salto-chira.webp;/imagenes/img/cuando-salto-chira.webp;;;ok;
imagen;/img/Cultivos.jpg;/imagenes/img/cultivos.jpg;;;ok;
imagen;/img/D_evapo_precip.gif;/imagenes/img/d_evapo_precip.gif;;;ok;
imagen;/img/D_precip_mensual.gif;/imagenes/img/d_precip_mensual.gif;;;ok;
imagen;/img/D_precip_periodo.gif;/imagenes/img/d_precip_periodo.gif;;;ok;
imagen;/img/decreto.gif;/imagenes/img/decreto.gif;;;ok;
imagen;/img/Del_Regante_GUI174.jpg;/imagenes/img/del_regante_gui174.jpg;;;ok;
imagen;/img/desalacion_cambio_climatico_noticia.webp;/imagenes/img/desalacion_cambio_climatico_noticia.webp;;;ok;
imagen;/img/Desalacion_depuracion.jpg;/imagenes/img/desalacion_depuracion.jpg;;;ok;
imagen;/img/desaladoras_clip_image002.gif;/imagenes/img/desaladoras_clip_image002.gif;;;ok;
imagen;/img/desaladoras_clip_image004.gif;/imagenes/img/desaladoras_clip_image004.gif;;;ok;
imagen;/img/desaladoras_clip_image006.gif;/imagenes/img/desaladoras_clip_image006.gif;;;ok;
imagen;/img/desaladoras_clip_image008.jpg;/imagenes/img/desaladoras_clip_image008.jpg;;;ok;
imagen;/img/desaladoras_clip_image010.gif;/imagenes/img/desaladoras_clip_image010.gif;;;ok;
imagen;/img/desaladoras_clip_image012.gif;/imagenes/img/desaladoras_clip_image012.gif;;;ok;
imagen;/img/desaladoras_clip_image014.gif;/imagenes/img/desaladoras_clip_image014.gif;;;ok;
imagen;/img/desaladoras_clip_image016.gif;/imagenes/img/desaladoras_clip_image016.gif;;;ok;
imagen;/img/desaladoras-portatiles.webp;/imagenes/img/desaladoras-portatiles.webp;;;ok;
imagen;/img/DesaLIFE-agua-potable-energía.webp;/imagenes/img/desalife-agua-potable-energia.webp;;;ok;
imagen;/img/DesaLIFE-agua-potable-energ%C3%ADa.webp;/imagenes/img/desalife-agua-potable-energia.webp;;;ok;Variante codificada de la misma URL
imagen;/img/dir_inundaciones.gif;/imagenes/img/dir_inundaciones.gif;;Dir_Inundaciones.pdf;ok;
imagen;/img/directivas_prioritarias.gif;/imagenes/img/directivas_prioritarias.gif;;Directiva prioritarias.pdf;ok;
imagen;/img/dma_conceptos_clip_image003.jpg;/imagenes/img/dma_conceptos_clip_image003.jpg;;;ok;
imagen;/img/dma_conceptos_clip_image005.gif;/imagenes/img/dma_conceptos_clip_image005.gif;;;ok;
imagen;/img/dma_conceptos_clip_image007.gif;/imagenes/img/dma_conceptos_clip_image007.gif;;;ok;
imagen;/img/dma_conceptos_clip_image009.gif;/imagenes/img/dma_conceptos_clip_image009.gif;;;ok;
imagen;/img/emisario-guia_galdar.webp;/imagenes/img/emisario-guia_galdar.webp;;;ok;
imagen;/img/escudo.gif;/imagenes/img/escudo.gif;;escudo2.gif (2629 bytes);ok;
imagen;/img/esdudos-emblemas-programas-cofinanciados3.jpg;/imagenes/img/esdudos-emblemas-programas-cofinanciados3.jpg;;;ok;
imagen;/img/evaluacion_riesgos_inundacion.gif;/imagenes/img/evaluacion_riesgos_inundacion.gif;;2010-07 RD_Evaluacion_riesgos_inundacion.pdf;ok;
imagen;/img/favicon.gif;/imagenes/img/favicon.gif;;;ok;
imagen;/img/Firgas_presa_2.JPG;/imagenes/img/firgas_presa_2.jpg;;;ok;
imagen;/img/Fondos_feder_clip_image002.jpg;/imagenes/img/fondos_feder_clip_image002.jpg;;;ok;
imagen;/img/FotoNoticia_chira_entra_en_fase_clave.webp;/imagenes/img/fotonoticia_chira_entra_en_fase_clave.webp;;;ok;
imagen;/img/FotoNoticia_cuenta_atrás_agua_desalada_Soria.webp;/imagenes/img/fotonoticia_cuenta_atras_agua_desalada_soria.webp;;;ok;
imagen;/img/FotoNoticia_cuenta_atr%C3%A1s_agua_desalada_Soria.webp;/imagenes/img/fotonoticia_cuenta_atras_agua_desalada_soria.webp;;;ok;Variante codificada de la misma URL
imagen;/img/galeria_piloto_Canarias7.jpg;/imagenes/img/galeria_piloto_canarias7.jpg;;;ok;
imagen;/img/gc-contra-desertizacion.webp;/imagenes/img/gc-contra-desertizacion.webp;;;ok;
imagen;/img/get_adobe_reader.gif;/imagenes/img/get_adobe_reader.gif;;;ok;
imagen;/img/get_google_earth.gif;/imagenes/img/get_google_earth.gif;;;ok;
imagen;/img/Gran-Canaria-un-modelo-claro-de-isla-sostenible.webp;/imagenes/img/gran-canaria-un-modelo-claro-de-isla-sostenible.webp;;;ok;
imagen;/img/granca.JPG;/imagenes/img/granca.jpg;;;ok;
imagen;/img/guiabarranco.jpg;/imagenes/img/guiabarranco.jpg;;;ok;
imagen;/img/Infraestructuras.jpg;/imagenes/img/infraestructuras.jpg;;;ok;
imagen;/img/InstitutoGeologicoMinero.gif;/imagenes/img/institutogeologicominero.gif;;;ok;
imagen;/img/instrumentos_pdf_0.gif;/imagenes/img/instrumentos_pdf_0.gif;;55-2006 Instrumentos de ordenacion.pdf;ok;
imagen;/img/IslaPluv.jpg;/imagenes/img/islapluv.jpg;;;ok;
imagen;/img/Isoyetas_peq.gif;/imagenes/img/isoyetas_peq.gif;;;ok;
imagen;/img/Isoyetas_rango_peq.gif;/imagenes/img/isoyetas_rango_peq.gif;;;ok;
imagen;/img/jornada_online.jpg;/imagenes/img/jornada_online.jpg;;;ok;
imagen;/img/jovenes_por_agua.jpg;/imagenes/img/jovenes_por_agua.jpg;;;ok;
imagen;/img/lluvias-gc-oliver.webp;/imagenes/img/lluvias-gc-oliver.webp;;;ok;
imagen;/img/logo_pdf.gif;/imagenes/img/logo_pdf.gif;;;ok;
imagen;/img/logo11.jpg;/imagenes/img/logo11.jpg;;;ok;
imagen;/img/logociagc_cian_peq_agua_clara.gif;/imagenes/img/logociagc_cian_peq_agua_clara.gif;;;ok;
imagen;/img/logociagc.jpg;/imagenes/img/logociagc.jpg;;;ok;
imagen;/img/logotipo_programa_color.jpg;/imagenes/img/logotipo_programa_color.jpg;;;ok;
imagen;/img/MancomunidadSureste.gif;/imagenes/img/mancomunidadsureste.gif;;;ok;
imagen;/img/manual_directiva.gif;/imagenes/img/manual_directiva.gif;;03_Manual_Directiva_91_271_CEE_tcm7-28959.pdf;ok;
imagen;/img/marca.gif;/imagenes/img/marca.gif;;;ok;
imagen;/img/MasasAguaSubterranea.jpg;/imagenes/img/masasaguasubterranea.jpg;;;ok;
imagen;/img/mejoras-redes-santa-lucia.webp;/imagenes/img/mejoras-redes-santa-lucia.webp;;;ok;
imagen;/img/MinisterioEducacionCiencia.jpg;/imagenes/img/ministerioeducacionciencia.jpg;;;ok;
imagen;/img/modelo-desalación-agua.webp;/imagenes/img/modelo-desalacion-agua.webp;;;ok;
imagen;/img/modelo-desalaci%C3%B3n-agua.webp;/imagenes/img/modelo-desalacion-agua.webp;;;ok;Variante codificada de la misma URL
imagen;/img/noticia_22112024.jpg;/imagenes/img/noticia_22112024.jpg;;;ok;
imagen;/img/noticia_29102024_2.jpg;/imagenes/img/noticia_29102024_2.jpg;;;ok;
imagen;/img/noticia_29102024_3.jpg;/imagenes/img/noticia_29102024_3.jpg;;;ok;
imagen;/img/noticia_29102024.jpg;/imagenes/img/noticia_29102024.jpg;;;ok;
imagen;/img/noticia20240930.jpg;/imagenes/img/noticia20240930.jpg;;;ok;
imagen;/img/nueva_directiva_aguas.gif;/imagenes/img/nueva_directiva_aguas.gif;;NUEVA DIRECTIVA DE AGUAS.pdf;ok;
imagen;/img/oliver-embalses-2.webp;/imagenes/img/oliver-embalses-2.webp;;;ok;
imagen;/img/oliver-embalses.webp;/imagenes/img/oliver-embalses.webp;;;ok;
imagen;/img/OrgGeneral.png;/imagenes/img/orggeneral.png;;;ok;
imagen;/img/P_anual_1924_peq.jpg;/imagenes/img/p_anual_1924_peq.jpg;;;ok;
imagen;/img/P_anual_1924.gif;/imagenes/img/p_anual_1924.gif;;Figura 2.- Distribución anual de las precipitaciones desde 1924.;ok;
imagen;/img/P_anual_1950_peq.jpg;/imagenes/img/p_anual_1950_peq.jpg;;;ok;
imagen;/img/P_anual_1950.gif;/imagenes/img/p_anual_1950.gif;;Figura 3.- Distribución anual de las precipitaciones desde 1950.;ok;
imagen;/img/P_anual_norte_peq.jpg;/imagenes/img/p_anual_norte_peq.jpg;;;ok;
imagen;/img/P_anual_norte.gif;/imagenes/img/p_anual_norte.gif;;Figura 8.- Distribución anual en la zona Norte.;ok;
imagen;/img/P_anual_porcota_peq.jpg;/imagenes/img/p_anual_porcota_peq.jpg;;;ok;
imagen;/img/P_anual_porcota.gif;/imagenes/img/p_anual_porcota.gif;;Figura 7.- Distribución anual por cota.;ok;
imagen;/img/P_anual_porzonas_peq.jpg;/imagenes/img/p_anual_porzonas_peq.jpg;;;ok;
imagen;/img/P_anual_porzonas.gif;/imagenes/img/p_anual_porzonas.gif;;Figura 4.- Distribución anual de las precipitaciones por zonas.;ok;
imagen;/img/P_anual_resto_peq.jpg;/imagenes/img/p_anual_resto_peq.jpg;;;ok;
imagen;/img/P_anual_resto.gif;/imagenes/img/p_anual_resto.gif;;Figura 9.- Distribución anual por cota en la zona Sur.;ok;
imagen;/img/P_desv_AH_peq.jpg;/imagenes/img/p_desv_ah_peq.jpg;;;ok;
imagen;/img/P_desv_AH.gif;/imagenes/img/p_desv_ah.gif;;Figura 11.- Desviaciones del promedio para la estación Arucas heredad.;ok;
imagen;/img/P_Desv_LA_peq.jpg;/imagenes/img/p_desv_la_peq.jpg;;;ok;
imagen;/img/P_Desv_LA.gif;/imagenes/img/p_desv_la.gif;;Figura 10.- Desviaciones del promedio para la estación Lomo Aljorradero.;ok;
imagen;/img/P_desv_RT_peq.jpg;/imagenes/img/p_desv_rt_peq.jpg;;;ok;
imagen;/img/P_desv_RT.gif;/imagenes/img/p_desv_rt.gif;;Figura 12.- Desviaciones del promedio para la estación Rincón de Tenteniguada.;ok;
imagen;/img/P_estaciones_peq.jpg;/imagenes/img/p_estaciones_peq.jpg;;;ok;
imagen;/img/P_estaciones.gif;/imagenes/img/p_estaciones.gif;;Figura 1.- Número de estaciones;ok;
imagen;/img/P_mensual_peq.jpg;/imagenes/img/p_mensual_peq.jpg;;;ok;
imagen;/img/P_mensual_porzonas_peq.jpg;/imagenes/img/p_mensual_porzonas_peq.jpg;;;ok;
imagen;/img/P_mensual_porzonas.gif;/imagenes/img/p_mensual_porzonas.gif;;Figura 6.- Distribución mensual de las precipitaciones por zonas.;ok;
imagen;/img/P_mensual.gif;/imagenes/img/p_mensual.gif;;Figura 5.- Distribución mensual de las precipitaciones.;ok;
imagen;/img/p_tabla.jpg;/imagenes/img/p_tabla.jpg;;;ok;
imagen;/img/pcag_1.gif;/imagenes/img/pcag_1.gif;;PLIEGO DE CLAUSULAS ADMINISTRATIVAS GENERALES PARA LA CONTRATACION DE OBRAS DEL ESTADO;ok;
imagen;/img/pcag_2.gif;/imagenes/img/pcag_2.gif;;;ok;
imagen;/img/Permeabilidad.jpg;/imagenes/img/permeabilidad.jpg;;;ok;
imagen;/img/politica_territorial_9_millones.jpg;/imagenes/img/politica_territorial_9_millones.jpg;;;ok;
imagen;/img/Pozos.jpg;/imagenes/img/pozos.jpg;;;ok;
imagen;/img/Precipitaciones.jpg;/imagenes/img/precipitaciones.jpg;;;ok;
imagen;/img/Presa_chira_gran_canaria.JPG;/imagenes/img/presa_chira_gran_canaria.jpg;;;ok;
imagen;/img/Presa_de_chira.jpg;/imagenes/img/presa_de_chira.jpg;;;ok;
imagen;/img/Presas_de_GranCanaria_clip_image001_0000.jpg;/imagenes/img/presas_de_grancanaria_clip_image001_0000.jpg;;;ok;
imagen;/img/Presas_de_GranCanaria_clip_image001_0001.jpg;/imagenes/img/presas_de_grancanaria_clip_image001_0001.jpg;;;ok;
imagen;/img/Presas_de_GranCanaria_clip_image001_0002.jpg;/imagenes/img/presas_de_grancanaria_clip_image001_0002.jpg;;;ok;
imagen;/img/Presas_de_GranCanaria_clip_image001.jpg;/imagenes/img/presas_de_grancanaria_clip_image001.jpg;;;ok;
imagen;/img/Presas_de_GranCanaria_clip_image002_0008.gif;/imagenes/img/presas_de_grancanaria_clip_image002_0008.gif;;;ok;
imagen;/img/Presas_de_GranCanaria_clip_image002_0010.gif;/imagenes/img/presas_de_grancanaria_clip_image002_0010.gif;;;ok;
imagen;/img/Presas_de_GranCanaria_clip_image002_0011.gif;/imagenes/img/presas_de_grancanaria_clip_image002_0011.gif;;Presas;ok;
imagen;/img/Presas_de_GranCanaria_clip_image002_0012.gif;/imagenes/img/presas_de_grancanaria_clip_image002_0012.gif;;Capacidad de Embalse;ok;
imagen;/img/Presas_de_GranCanaria_clip_image002_0013.gif;/imagenes/img/presas_de_grancanaria_clip_image002_0013.gif;;Presas por Cotas;ok;
imagen;/img/presas-gran-canaria.webp;/imagenes/img/presas-gran-canaria.webp;;;ok;
imagen;/img/Presas.jpg;/imagenes/img/presas.jpg;;;ok;
imagen;/img/Presidente.jpg;/imagenes/img/presidente.jpg;;;ok;
imagen;/img/Queso.jpg;/imagenes/img/queso.jpg;;;ok;
imagen;/img/recursos.gif;/imagenes/img/recursos.gif;;;ok;
imagen;/img/redcontrol_image001.png;/imagenes/img/redcontrol_image001.png;;;ok;
imagen;/img/redcontrol_image003.png;/imagenes/img/redcontrol_image003.png;;;ok;
imagen;/img/redcontrol_image005.png;/imagenes/img/redcontrol_image005.png;;;ok;
imagen;/img/redcontrol_image007.png;/imagenes/img/redcontrol_image007.png;;;ok;
imagen;/img/RedControl.jpg;/imagenes/img/redcontrol.jpg;;;ok;
imagen;/img/RedPluviometrica.jpg;/imagenes/img/redpluviometrica.jpg;;;ok;
imagen;/img/refuerzo-sistema-electrico.webp;/imagenes/img/refuerzo-sistema-electrico.webp;;;ok;
imagen;/img/reglamento_estatal.gif;/imagenes/img/reglamento_estatal.gif;;Reglamento Estatal Valoración daños.pdf;ok;
imagen;/img/reglamento.gif;/imagenes/img/reglamento.gif;;;ok;
imagen;/img/Relieve.jpg;/imagenes/img/relieve.jpg;;;ok;
imagen;/img/reloj-de-pared.jpg;/imagenes/img/reloj-de-pared.jpg;;;ok;
imagen;/img/reparacion_balsa_mota_noticia.png;/imagenes/img/reparacion_balsa_mota_noticia.png;;;ok;
imagen;/img/riego_Canarias7.jpg;/imagenes/img/riego_canarias7.jpg;;;ok;
imagen;/img/salto_chira_16.jpg;/imagenes/img/salto_chira_16.jpg;;;ok;
imagen;/img/salto_chira_sentencia.webp;/imagenes/img/salto_chira_sentencia.webp;;;ok;
imagen;/img/salto-chira.webp;/imagenes/img/salto-chira.webp;;;ok;
imagen;/img/SaltoChira_Visita(5).jpg;/imagenes/img/saltochira_visita-5.jpg;;;ok;
imagen;/img/SaltoChira_Visita (1).jpg;/imagenes/img/saltochira_visita-1.jpg;;;ok;
imagen;/img/SaltoChira_Visita%20(1).jpg;/imagenes/img/saltochira_visita-1.jpg;;;ok;Variante codificada de la misma URL
imagen;/img/SaltoChira_Visita (2).jpg;/imagenes/img/saltochira_visita-2.jpg;;;ok;
imagen;/img/SaltoChira_Visita%20(2).jpg;/imagenes/img/saltochira_visita-2.jpg;;;ok;Variante codificada de la misma URL
imagen;/img/sara_aagensen_transicion_ecologica.webp;/imagenes/img/sara_aagensen_transicion_ecologica.webp;;;ok;
imagen;/img/Siberio_y_Caidero.JPG;/imagenes/img/siberio_y_caidero.jpg;;;ok;
imagen;/img/sliderdesa.webp;/imagenes/img/sliderdesa.webp;;Desaladoras;ok;
imagen;/img/sliderplan.webp;/imagenes/img/sliderplan.webp;;Plan Hidrológico;ok;
imagen;/img/sliderpresa.webp;/imagenes/img/sliderpresa.webp;;Presas;ok;
imagen;/img/soria-chira-las-ninas.webp;/imagenes/img/soria-chira-las-ninas.webp;;;ok;
imagen;/img/SubvencionesLogo.png;/imagenes/img/subvencioneslogo.png;;;ok;
imagen;/img/tragsa-ahonda-salinetas.webp;/imagenes/img/tragsa-ahonda-salinetas.webp;;;ok;
imagen;/img/UE.gif;/imagenes/img/ue.gif;;;ok;
imagen;/img/verde-campos-sur-gran-canaria.webp;/imagenes/img/verde-campos-sur-gran-canaria.webp;;;ok;
imagen;/img/viaje_salto_chira.webp;/imagenes/img/viaje_salto_chira.webp;;;ok;
imagen;/img/VicePresidente.jpg;/imagenes/img/vicepresidente.jpg;;;ok;
imagen;/img/visita_edar_guia_galdar.webp;/imagenes/img/visita_edar_guia_galdar.webp;;;ok;
imagen;/img/vista_publicacion_enlace.gif;/imagenes/img/vista_publicacion_enlace.gif;;;ok;
imagen;/img/word_(2).gif;/imagenes/img/word_-2.gif;;LEGISLACIÓN BÁSICA.doc;ok;
imagen;/img/word_24_2017.gif;/imagenes/img/word_24_2017.gif;;;ok;
imagen;/img/yonay_concepcion_noticia.webp;/imagenes/img/yonay_concepcion_noticia.webp;;;ok;
imagen;/img/Zonificacion.jpg;/imagenes/img/zonificacion.jpg;;;ok;
imagen;/Logo_SDC.png;/imagenes/logo_sdc.png;;;ok;
documento;/pae_Home/dam/jcr:d09286f0-8771-4922-8241-0925d771b5e7/Norma_UNE_139803_2012.pdf;;;;no existe en origen (404);
documento;/pdfs/Anuncios/0178-SI.pdf;/documentos/pdfs/anuncios/0178-si.pdf;;Descargar Anuncio;ok;
documento;/pdfs/Anuncios/1289-2024 (0362 CCR)_ANUNCIO CCR LECHUZA Y MESETILLA.pdf;/documentos/pdfs/anuncios/1289-2024-0362-ccr-_anuncio-ccr-lechuza-y-mesetilla.pdf;;Descargar Anuncio;ok;
documento;/pdfs/Anuncios/1289-2024%20(0362%20CCR)_ANUNCIO%20CCR%20LECHUZA%20Y%20MESETILLA.pdf;/documentos/pdfs/anuncios/1289-2024-0362-ccr-_anuncio-ccr-lechuza-y-mesetilla.pdf;;Descargar Anuncio;ok;Variante codificada de la misma URL
documento;/pdfs/Anuncios/1637-2024 (0361 CCR)_ANUNCIO CCR LA JARRA - LOMO DE PEDRO ALFONSO.pdf;/documentos/pdfs/anuncios/1637-2024-0361-ccr-_anuncio-ccr-la-jarra-lomo-de-pedro-alfonso.pdf;;Descargar Anuncio;ok;
documento;/pdfs/Anuncios/1637-2024%20(0361%20CCR)_ANUNCIO%20CCR%20LA%20JARRA%20-%20LOMO%20DE%20PEDRO%20ALFONSO.pdf;/documentos/pdfs/anuncios/1637-2024-0361-ccr-_anuncio-ccr-la-jarra-lomo-de-pedro-alfonso.pdf;;Descargar Anuncio;ok;Variante codificada de la misma URL
documento;/pdfs/Anuncios/1697-2024 (0360 CCR)_ANUNCIO CCR POZO EL LLANO.pdf;/documentos/pdfs/anuncios/1697-2024-0360-ccr-_anuncio-ccr-pozo-el-llano.pdf;;Descargar Anuncio;ok;
documento;/pdfs/Anuncios/1697-2024%20(0360%20CCR)_ANUNCIO%20CCR%20POZO%20EL%20LLANO.pdf;/documentos/pdfs/anuncios/1697-2024-0360-ccr-_anuncio-ccr-pozo-el-llano.pdf;;Descargar Anuncio;ok;Variante codificada de la misma URL
documento;/pdfs/Anuncios/175-SI.pdf;/documentos/pdfs/anuncios/175-si.pdf;;Descargar Anuncio;ok;
documento;/pdfs/Anuncios/20241220_Revision_EPRI.pdf;/documentos/pdfs/anuncios/20241220_revision_epri.pdf;;Descargar Anuncio;ok;
documento;/pdfs/Anuncios/340-2024 (0349 CCR).pdf;/documentos/pdfs/anuncios/340-2024-0349-ccr.pdf;;Descargar Anuncio;ok;
documento;/pdfs/Anuncios/340-2024%20(0349%20CCR).pdf;/documentos/pdfs/anuncios/340-2024-0349-ccr.pdf;;Descargar Anuncio;ok;Variante codificada de la misma URL
documento;/pdfs/Anuncios/419-2021 (0329 CCR)_ANUNCIO CCR QUEVEDO DE ARRIBA.pdf;/documentos/pdfs/anuncios/419-2021-0329-ccr-_anuncio-ccr-quevedo-de-arriba.pdf;;Descargar Anuncio;ok;
documento;/pdfs/Anuncios/419-2021%20(0329%20CCR)_ANUNCIO%20CCR%20QUEVEDO%20DE%20ARRIBA.pdf;/documentos/pdfs/anuncios/419-2021-0329-ccr-_anuncio-ccr-quevedo-de-arriba.pdf;;Descargar Anuncio;ok;Variante codificada de la misma URL
documento;/pdfs/Anuncios/707-2019-0356-CCR.pdf;/documentos/pdfs/anuncios/707-2019-0356-ccr.pdf;;Descargar Anuncio;ok;
documento;/pdfs/Anuncios/729-2024 (0357 CCR).pdf;/documentos/pdfs/anuncios/729-2024-0357-ccr.pdf;;Descargar Anuncio;ok;
documento;/pdfs/Anuncios/729-2024%20(0357%20CCR).pdf;/documentos/pdfs/anuncios/729-2024-0357-ccr.pdf;;Descargar Anuncio;ok;Variante codificada de la misma URL
documento;/pdfs/Anuncios/808-2024 (0359 CCR)_ANUNCIO CCR LA LONGUERA DE TIRAJANA.pdf;/documentos/pdfs/anuncios/808-2024-0359-ccr-_anuncio-ccr-la-longuera-de-tirajana.pdf;;Descargar Anuncio;ok;
documento;/pdfs/Anuncios/808-2024%20(0359%20CCR)_ANUNCIO%20CCR%20LA%20LONGUERA%20DE%20TIRAJANA.pdf;/documentos/pdfs/anuncios/808-2024-0359-ccr-_anuncio-ccr-la-longuera-de-tirajana.pdf;;Descargar Anuncio;ok;Variante codificada de la misma URL
documento;/pdfs/Anuncios/ANUNCIO_1116-2025 (0364 CCR).pdf;/documentos/pdfs/anuncios/anuncio_1116-2025-0364-ccr.pdf;;Descargar Anuncio;ok;
documento;/pdfs/Anuncios/ANUNCIO_1116-2025%20(0364%20CCR).pdf;/documentos/pdfs/anuncios/anuncio_1116-2025-0364-ccr.pdf;;Descargar Anuncio;ok;Variante codificada de la misma URL
documento;/pdfs/Anuncios/ANUNCIO_1741-2024.pdf;/documentos/pdfs/anuncios/anuncio_1741-2024.pdf;;Descargar Anuncio;ok;
documento;/pdfs/Anuncios/ANUNCIO_1844-2019.pdf;/documentos/pdfs/anuncios/anuncio_1844-2019.pdf;;Descargar Anuncio;ok;
documento;/pdfs/Anuncios/ANUNCIO_1952-2025 (183-SI).pdf;/documentos/pdfs/anuncios/anuncio_1952-2025-183-si.pdf;;Descargar Anuncio;ok;
documento;/pdfs/Anuncios/ANUNCIO_1952-2025%20(183-SI).pdf;/documentos/pdfs/anuncios/anuncio_1952-2025-183-si.pdf;;Descargar Anuncio;ok;Variante codificada de la misma URL
documento;/pdfs/Anuncios/ANUNCIO_396-2025 (181-SI).pdf;/documentos/pdfs/anuncios/anuncio_396-2025-181-si.pdf;;Descargar Anuncio;ok;
documento;/pdfs/Anuncios/ANUNCIO_396-2025%20(181-SI).pdf;/documentos/pdfs/anuncios/anuncio_396-2025-181-si.pdf;;Descargar Anuncio;ok;Variante codificada de la misma URL
documento;/pdfs/Anuncios/ANUNCIO_797-2025 (0366 CCR).pdf;/documentos/pdfs/anuncios/anuncio_797-2025-0366-ccr.pdf;;Descargar Anuncio;ok;
documento;/pdfs/Anuncios/ANUNCIO_797-2025%20(0366%20CCR).pdf;/documentos/pdfs/anuncios/anuncio_797-2025-0366-ccr.pdf;;Descargar Anuncio;ok;Variante codificada de la misma URL
documento;/pdfs/Anuncios/ANUNCIO_83-2025 (182-SI) _MEGAHOTEL FARO, SL.pdf;/documentos/pdfs/anuncios/anuncio_83-2025-182-si-_megahotel-faro-sl.pdf;;Descargar Anuncio;ok;
documento;/pdfs/Anuncios/ANUNCIO_83-2025%20(182-SI)%20_MEGAHOTEL%20FARO,%20SL.pdf;/documentos/pdfs/anuncios/anuncio_83-2025-182-si-_megahotel-faro-sl.pdf;;Descargar Anuncio;ok;Variante codificada de la misma URL
documento;/pdfs/Anuncios/ANUNCIO_968-2023 (179-SI).pdf;/documentos/pdfs/anuncios/anuncio_968-2023-179-si.pdf;;Descargar Anuncio;ok;
documento;/pdfs/Anuncios/ANUNCIO_968-2023%20(179-SI).pdf;/documentos/pdfs/anuncios/anuncio_968-2023-179-si.pdf;;Descargar Anuncio;ok;Variante codificada de la misma URL
documento;/pdfs/Anuncios/ANUNCIO 1102-2024 (0592-OCP).pdf;/documentos/pdfs/anuncios/anuncio-1102-2024-0592-ocp.pdf;;Descargar Anuncio;ok;
documento;/pdfs/Anuncios/ANUNCIO%201102-2024%20(0592-OCP).pdf;/documentos/pdfs/anuncios/anuncio-1102-2024-0592-ocp.pdf;;Descargar Anuncio;ok;Variante codificada de la misma URL
documento;/pdfs/Anuncios/ANUNCIO 1378-2025 (0590-OCP)_ISLA CAR, S.L._.pdf;/documentos/pdfs/anuncios/anuncio-1378-2025-0590-ocp-_isla-car-s.l._.pdf;;Descargar Anuncio;ok;
documento;/pdfs/Anuncios/ANUNCIO%201378-2025%20(0590-OCP)_ISLA%20CAR,%20S.L._.pdf;/documentos/pdfs/anuncios/anuncio-1378-2025-0590-ocp-_isla-car-s.l._.pdf;;Descargar Anuncio;ok;Variante codificada de la misma URL
documento;/pdfs/Anuncios/ANUNCIO 591-2019 (0080-OCP)_VALERÓN AGRÍCOLA, SCOOP_.pdf;/documentos/pdfs/anuncios/anuncio-591-2019-0080-ocp-_valeron-agricola-scoop_.pdf;;Descargar Anuncio;ok;
documento;/pdfs/Anuncios/ANUNCIO%20591-2019%20(0080-OCP)_VALER%C3%93N%20AGR%C3%8DCOLA,%20SCOOP_.pdf;/documentos/pdfs/anuncios/anuncio-591-2019-0080-ocp-_valeron-agricola-scoop_.pdf;;Descargar Anuncio;ok;Variante codificada de la misma URL
documento;/pdfs/Anuncios/ANUNCIO 730-2025 (0591-OCP)_FRANCISCO J. MORALES ARAÑA_.pdf;/documentos/pdfs/anuncios/anuncio-730-2025-0591-ocp-_francisco-j.-morales-arana_.pdf;;Descargar Anuncio;ok;
documento;/pdfs/Anuncios/ANUNCIO%20730-2025%20(0591-OCP)_FRANCISCO%20J.%20MORALES%20ARA%C3%91A_.pdf;/documentos/pdfs/anuncios/anuncio-730-2025-0591-ocp-_francisco-j.-morales-arana_.pdf;;Descargar Anuncio;ok;Variante codificada de la misma URL
documento;/pdfs/Anuncios/ANUNCIO 948-2023 (0564-OCP)_COAGRISAN.pdf;/documentos/pdfs/anuncios/anuncio-948-2023-0564-ocp-_coagrisan.pdf;;Descargar Anuncio;ok;
documento;/pdfs/Anuncios/ANUNCIO%20948-2023%20(0564-OCP)_COAGRISAN.pdf;/documentos/pdfs/anuncios/anuncio-948-2023-0564-ocp-_coagrisan.pdf;;Descargar Anuncio;ok;Variante codificada de la misma URL
documento;/pdfs/Anuncios/Mapa_Situación de la ocupación respecto del DPH_COMPRIMIDO.pdf;/documentos/pdfs/anuncios/mapa_situacion-de-la-ocupacion-respecto-del-dph_comprimido.pdf;;Descargar Mapa;ok;
documento;/pdfs/Anuncios/Mapa_Situaci%C3%B3n%20de%20la%20ocupaci%C3%B3n%20respecto%20del%20DPH_COMPRIMIDO.pdf;/documentos/pdfs/anuncios/mapa_situacion-de-la-ocupacion-respecto-del-dph_comprimido.pdf;;Descargar Mapa;ok;Variante codificada de la misma URL
documento;/pdfs/Anuncios/Mapa de la ocupación 80-OCP.pdf;/documentos/pdfs/anuncios/mapa-de-la-ocupacion-80-ocp.pdf;;Descargar Mapa;ok;
documento;/pdfs/Anuncios/Mapa%20de%20la%20ocupaci%C3%B3n%2080-OCP.pdf;/documentos/pdfs/anuncios/mapa-de-la-ocupacion-80-ocp.pdf;;Descargar Mapa;ok;Variante codificada de la misma URL
imagen;/pdfs/Canagua/Canagua2024.gif;/imagenes/pdfs/canagua/canagua2024.gif;;;ok;
documento;/pdfs/Canagua/Dosier-Canagua-2024.pdf;/documentos/pdfs/canagua/dosier-canagua-2024.pdf;;;ok;
imagen;/pdfs/Canagua/RRSS_1200X628.jpg;/imagenes/pdfs/canagua/rrss_1200x628.jpg;;;ok;
imagen;/pdfs/Cartografia/Barrancos_Cuencas.jpg;/imagenes/pdfs/cartografia/barrancos_cuencas.jpg;;Archivo JPG;ok;
documento;/pdfs/Cartografia/Barrancos_Cuencas.pdf;/documentos/pdfs/cartografia/barrancos_cuencas.pdf;;Archivo PDF;ok;
documento;/pdfs/Cartografia/Barrancos_Cuencas.zip;/documentos/pdfs/cartografia/barrancos_cuencas.zip;;Archivo Jpg GeoReferenciado;ok;
imagen;/pdfs/Cartografia/Consumos_Agrarios.jpg;/imagenes/pdfs/cartografia/consumos_agrarios.jpg;;Archivo JPG;ok;
documento;/pdfs/Cartografia/Consumos_Agrarios.pdf;/documentos/pdfs/cartografia/consumos_agrarios.pdf;;Archivo PDF;ok;
documento;/pdfs/Cartografia/Consumos_Agrarios.zip;/documentos/pdfs/cartografia/consumos_agrarios.zip;;Archivo Jpg GeoReferenciado;ok;
imagen;/pdfs/Cartografia/Cultivos.jpg;/imagenes/pdfs/cartografia/cultivos.jpg;;Archivo JPG;ok;
documento;/pdfs/Cartografia/Cultivos.pdf;/documentos/pdfs/cartografia/cultivos.pdf;;Archivo PDF;ok;
documento;/pdfs/Cartografia/Cultivos.zip;/documentos/pdfs/cartografia/cultivos.zip;;Archivo Jpg GeoReferenciado;ok;
imagen;/pdfs/Cartografia/Desalacion_depuracion.jpg;/imagenes/pdfs/cartografia/desalacion_depuracion.jpg;;Archivo JPG;ok;
documento;/pdfs/Cartografia/Desalacion_depuracion.pdf;/documentos/pdfs/cartografia/desalacion_depuracion.pdf;;Archivo PDF;ok;
imagen;/pdfs/Cartografia/Infraestructuras.jpg;/imagenes/pdfs/cartografia/infraestructuras.jpg;;Archivo JPG;ok;
documento;/pdfs/Cartografia/Infraestructuras.pdf;/documentos/pdfs/cartografia/infraestructuras.pdf;;Archivo PDF;ok;
imagen;/pdfs/Cartografia/MasasAguaSubterranea.jpg;/imagenes/pdfs/cartografia/masasaguasubterranea.jpg;;Archivo JPG;ok;
documento;/pdfs/Cartografia/MasasAguaSubterranea.pdf;/documentos/pdfs/cartografia/masasaguasubterranea.pdf;;Archivo PDF;ok;
documento;/pdfs/Cartografia/MasasAguaSubterranea.zip;/documentos/pdfs/cartografia/masasaguasubterranea.zip;;Archivo Jpg GeoReferenciado;ok;
imagen;/pdfs/Cartografia/Permeabilidad.jpg;/imagenes/pdfs/cartografia/permeabilidad.jpg;;Archivo JPG;ok;
documento;/pdfs/Cartografia/Permeabilidad.pdf;/documentos/pdfs/cartografia/permeabilidad.pdf;;Archivo PDF;ok;
documento;/pdfs/Cartografia/Permeabilidad.zip;/documentos/pdfs/cartografia/permeabilidad.zip;;Archivo Jpg GeoReferenciado;ok;
imagen;/pdfs/Cartografia/Pozos.jpg;/imagenes/pdfs/cartografia/pozos.jpg;;Archivo JPG;ok;
documento;/pdfs/Cartografia/Pozos.pdf;/documentos/pdfs/cartografia/pozos.pdf;;Archivo PDF;ok;
imagen;/pdfs/Cartografia/Precipitaciones.jpg;/imagenes/pdfs/cartografia/precipitaciones.jpg;;Archivo JPG;ok;
documento;/pdfs/Cartografia/Precipitaciones.pdf;/documentos/pdfs/cartografia/precipitaciones.pdf;;Archivo PDF;ok;
documento;/pdfs/Cartografia/Precipitaciones.zip;/documentos/pdfs/cartografia/precipitaciones.zip;;Archivo Jpg GeoReferenciado;ok;
imagen;/pdfs/Cartografia/Presas.jpg;/imagenes/pdfs/cartografia/presas.jpg;;Archivo JPG;ok;
documento;/pdfs/Cartografia/Presas.pdf;/documentos/pdfs/cartografia/presas.pdf;;Archivo PDF;ok;
documento;/pdfs/Cartografia/Presas.zip;/documentos/pdfs/cartografia/presas.zip;;Archivo Jpg GeoReferenciado;ok;
imagen;/pdfs/Cartografia/RedControl.jpg;/imagenes/pdfs/cartografia/redcontrol.jpg;;Archivo JPG;ok;
documento;/pdfs/Cartografia/RedControl.pdf;/documentos/pdfs/cartografia/redcontrol.pdf;;Archivo PDF;ok;
documento;/pdfs/Cartografia/RedControl.zip;;;;no existe en origen (300);
imagen;/pdfs/Cartografia/RedPluviometrica.jpg;/imagenes/pdfs/cartografia/redpluviometrica.jpg;;Archivo JPG;ok;
documento;/pdfs/Cartografia/RedPluviometrica.pdf;/documentos/pdfs/cartografia/redpluviometrica.pdf;;Archivo PDF;ok;
documento;/pdfs/Cartografia/RedPluviometrica.zip;/documentos/pdfs/cartografia/redpluviometrica.zip;;Archivo Jpg GeoReferenciado;ok;
imagen;/pdfs/Cartografia/Relieve.jpg;/imagenes/pdfs/cartografia/relieve.jpg;;Archivo JPG;ok;
documento;/pdfs/Cartografia/Relieve.pdf;/documentos/pdfs/cartografia/relieve.pdf;;Archivo PDF;ok;
documento;/pdfs/Cartografia/Relieve.zip;/documentos/pdfs/cartografia/relieve.zip;;Archivo Jpg GeoReferenciado;ok;
imagen;/pdfs/Cartografia/Zonificacion.jpg;/imagenes/pdfs/cartografia/zonificacion.jpg;;Archivo JPG;ok;
documento;/pdfs/Cartografia/Zonificacion.pdf;/documentos/pdfs/cartografia/zonificacion.pdf;;Archivo PDF;ok;
documento;/pdfs/ConcursoHidroelectrico/Apertura_Proposiciones.pdf;/documentos/pdfs/concursohidroelectrico/apertura_proposiciones.pdf;;Convocatoria de Mesa para la apertura de propuestas;ok;
documento;/pdfs/ConcursoHidroelectrico/BOE-B-2011-1965.pdf;/documentos/pdfs/concursohidroelectrico/boe-b-2011-1965.pdf;;Corrección de error: Base 8.1 párrafo 2.°;ok;
documento;/pdfs/ConcursoHidroelectrico/ChiraSoria_BOE.pdf;/documentos/pdfs/concursohidroelectrico/chirasoria_boe.pdf;;Anuncio del BOE;ok;
documento;/pdfs/ConcursoHidroelectrico/ChiraSoria_Pliego2.pdf;/documentos/pdfs/concursohidroelectrico/chirasoria_pliego2.pdf;;Pliego Administrativo;ok;
documento;/pdfs/ConcursoHidroelectrico/ChiraSoria_Reseñas.pdf;/documentos/pdfs/concursohidroelectrico/chirasoria_resenas.pdf;;Datos de interés;ok;
documento;/pdfs/ConcursoHidroelectrico/ChiraSoria_Rese%C3%B1as.pdf;/documentos/pdfs/concursohidroelectrico/chirasoria_resenas.pdf;;Datos de interés;ok;Variante codificada de la misma URL
documento;/pdfs/ConcursoHidroelectrico/Las presas de Gran Canaria y el Salto de Chira_Yonay Concepción_XIIJEP.pdf;/documentos/pdfs/concursohidroelectrico/las-presas-de-gran-canaria-y-el-salto-de-chira_yonay-concepcion_xiijep.pdf;;Presentación;ok;
documento;/pdfs/ConcursoHidroelectrico/Las%20presas%20de%20Gran%20Canaria%20y%20el%20Salto%20de%20Chira_Yonay%20Concepci%C3%B3n_XIIJEP.pdf;/documentos/pdfs/concursohidroelectrico/las-presas-de-gran-canaria-y-el-salto-de-chira_yonay-concepcion_xiijep.pdf;;Presentación;ok;Variante codificada de la misma URL
documento;/pdfs/ConcursoHidroelectrico/Memoria-Chira-Soria.pdf;/documentos/pdfs/concursohidroelectrico/memoria-chira-soria.pdf;;Memoria Anteproyecto;ok;
documento;/pdfs/ConcursoHidroelectrico/OfertaEconomica.doc;/documentos/pdfs/concursohidroelectrico/ofertaeconomica.doc;;Modelo de proposición económica (WORD Editable);ok;
documento;/pdfs/ConcursoHidroelectrico/OfertaEconomica.pdf;/documentos/pdfs/concursohidroelectrico/ofertaeconomica.pdf;;Modelo de proposición económica (PDF);ok;
documento;/pdfs/ConcursoHidroelectrico/SaltodeChira_AF_05.05_web.pdf;/documentos/pdfs/concursohidroelectrico/saltodechira_af_05.05_web.pdf;;Dosier Informativo;ok;
documento;/pdfs/Convenios/Agaete.pdf;/documentos/pdfs/convenios/agaete.pdf;;;ok;
documento;/pdfs/Convenios/Artenara.pdf;/documentos/pdfs/convenios/artenara.pdf;;;ok;
documento;/pdfs/Convenios/Arucas.pdf;/documentos/pdfs/convenios/arucas.pdf;;;ok;
documento;/pdfs/Convenios/CentrosdeTrabajo.pdf;/documentos/pdfs/convenios/centrosdetrabajo.pdf;;;ok;
documento;/pdfs/Convenios/ConvenioGobCanCabildo.pdf;/documentos/pdfs/convenios/conveniogobcancabildo.pdf;;;ok;
documento;/pdfs/Convenios/Convenios_2018.pdf;/documentos/pdfs/convenios/convenios_2018.pdf;;;ok;
documento;/pdfs/Convenios/Decreto.pdf;/documentos/pdfs/convenios/decreto.pdf;;;ok;
documento;/pdfs/Convenios/Firgas.pdf;/documentos/pdfs/convenios/firgas.pdf;;;ok;
documento;/pdfs/Convenios/Galdar.pdf;/documentos/pdfs/convenios/galdar.pdf;;;ok;
documento;/pdfs/Convenios/Guia.pdf;/documentos/pdfs/convenios/guia.pdf;;;ok;
documento;/pdfs/Convenios/La Aldea.pdf;/documentos/pdfs/convenios/la-aldea.pdf;;;ok;
documento;/pdfs/Convenios/La%20Aldea.pdf;/documentos/pdfs/convenios/la-aldea.pdf;;;ok;Variante codificada de la misma URL
documento;/pdfs/Convenios/Mogan.pdf;/documentos/pdfs/convenios/mogan.pdf;;;ok;
documento;/pdfs/Convenios/Moya.pdf;/documentos/pdfs/convenios/moya.pdf;;;ok;
documento;/pdfs/Convenios/San Mateo.pdf;/documentos/pdfs/convenios/san-mateo.pdf;;;ok;
documento;/pdfs/Convenios/San%20Mateo.pdf;/documentos/pdfs/convenios/san-mateo.pdf;;;ok;Variante codificada de la misma URL
documento;/pdfs/Convenios/Tejeda.pdf;/documentos/pdfs/convenios/tejeda.pdf;;;ok;
documento;/pdfs/Convenios/Teror.pdf;/documentos/pdfs/convenios/teror.pdf;;;ok;
documento;/pdfs/Convenios/Valleseco.pdf;/documentos/pdfs/convenios/valleseco.pdf;;;ok;
documento;/pdfs/Divulgacion/1-F_Rubio_AcuiferosCosterosGranCanaria.pdf;/documentos/pdfs/divulgacion/1-f_rubio_acuiferoscosterosgrancanaria.pdf;;Descargar Ponencia;ok;
documento;/pdfs/Divulgacion/2-JL_Guerra_TrabajosInvestigacion.pdf;/documentos/pdfs/divulgacion/2-jl_guerra_trabajosinvestigacion.pdf;;Descargar Ponencia;ok;
documento;/pdfs/Divulgacion/3-E_Galindo_EncuadreYContenido.pdf;/documentos/pdfs/divulgacion/3-e_galindo_encuadreycontenido.pdf;;Descargar Ponencia;ok;
documento;/pdfs/Divulgacion/4-M_del_Pozo_ResultadosYPropuestas.pdf;/documentos/pdfs/divulgacion/4-m_del_pozo_resultadosypropuestas.pdf;;Descargar Ponencia;ok;
documento;/pdfs/Divulgacion/CAPITULO_I._Informe_de_sintesis.pdf;/documentos/pdfs/divulgacion/capitulo_i._informe_de_sintesis.pdf;;Capitulo 1. Informe de síntesis;ok;
documento;/pdfs/Divulgacion/CAPITULO_II._Demandas_y_Consumos_de_agua.pdf;/documentos/pdfs/divulgacion/capitulo_ii._demandas_y_consumos_de_agua.pdf;;Capitulo 2. Demandas y consumos de agua;ok;
documento;/pdfs/Divulgacion/CAPITULO_III._Geologia.pdf;/documentos/pdfs/divulgacion/capitulo_iii._geologia.pdf;;Capitulo 3. Geología;ok;
documento;/pdfs/Divulgacion/ConvocatoriaJovenesAnexo1.pdf;/documentos/pdfs/divulgacion/convocatoriajovenesanexo1.pdf;;Descargar Anexo 1;ok;
documento;/pdfs/Divulgacion/DatosSignificativosChiraSoria.pdf;/documentos/pdfs/divulgacion/datossignificativoschirasoria.pdf;;Datos Significativos;ok;
documento;/pdfs/Divulgacion/laminas_GC.pdf;/documentos/pdfs/divulgacion/laminas_gc.pdf;;Laminas GC;ok;
documento;/pdfs/Divulgacion/Libro_Prov_Las_Palmas.pdf;/documentos/pdfs/divulgacion/libro_prov_las_palmas.pdf;;Libro Prov Las Palmas;ok;
documento;/pdfs/Divulgacion/Plano_II_1.pdf;/documentos/pdfs/divulgacion/plano_ii_1.pdf;;Plano II;ok;
documento;/pdfs/Documentacion/AguaDesalada.pdf;/documentos/pdfs/documentacion/aguadesalada.pdf;;Agua Desalada. (07-05-2008);ok;
documento;/pdfs/Documentacion/alta_tercero_fisica.pdf;/documentos/pdfs/documentacion/alta_tercero_fisica.pdf;;Persona Física (23/06/2025);ok;
documento;/pdfs/Documentacion/alta_tercero_juridica.pdf;/documentos/pdfs/documentacion/alta_tercero_juridica.pdf;;Persona Jurídica (23/06/2025);ok;
documento;/pdfs/Documentacion/Altadetercerosinternacional.pdf;/documentos/pdfs/documentacion/altadetercerosinternacional.pdf;;Alta terceros (International Payments) (23/06/2025);ok;
documento;/pdfs/Documentacion/certificado_instalacion.pdf;/documentos/pdfs/documentacion/certificado_instalacion.pdf;;Certificado de Instalación para Suministro de Agua de Riego;ok;
documento;/pdfs/Documentacion/CondicionesGenerales.pdf;/documentos/pdfs/documentacion/condicionesgenerales.pdf;;Condiciones Generales;ok;
documento;/pdfs/Documentacion/Ficha_agronomica.ods;/documentos/pdfs/documentacion/ficha_agronomica.ods;;Ficha Agronómica (Dotación);ok;
documento;/pdfs/Documentacion/ficha_agronomica.pdf;/documentos/pdfs/documentacion/ficha_agronomica.pdf;;Ficha Agronómica de la Explotación;ok;
documento;/pdfs/Documentacion/ficha_regante_comunidad.pdf;/documentos/pdfs/documentacion/ficha_regante_comunidad.pdf;;Declaración de Cultivos y Sistemas de Riego para Uso de Agua Regenerada (Ficha Comunidad de Regantes);ok;
documento;/pdfs/Documentacion/ficha_regante_individual.pdf;/documentos/pdfs/documentacion/ficha_regante_individual.pdf;;Declaración de Cultivos y Sistemas de Riego para Uso de Agua Regenerada (Ficha individual);ok;
documento;/pdfs/Documentacion/HojaSolicitud_CIAGC.pdf;/documentos/pdfs/documentacion/hojasolicitud_ciagc.pdf;;formulario de contacto.;ok;
documento;/pdfs/Documentacion/Modelo_Propuesta_Adquisicion.doc;/documentos/pdfs/documentacion/modelo_propuesta_adquisicion.doc;;Descargar modelo en formato WORD (23/06/2025);ok;
documento;/pdfs/Documentacion/Modelo_Solicitud_SSAA.pdf;/documentos/pdfs/documentacion/modelo_solicitud_ssaa.pdf;;Descargar modelo en formato PDF (23/06/2025);ok;
documento;/pdfs/Documentacion/Modelo Aval.pdf;/documentos/pdfs/documentacion/modelo-aval.pdf;;Modelo Aval (20/01/2026);ok;
documento;/pdfs/Documentacion/Modelo%20Aval.pdf;/documentos/pdfs/documentacion/modelo-aval.pdf;;Modelo Aval (20/01/2026);ok;Variante codificada de la misma URL
documento;/pdfs/Documentacion/Modelo Aval - UTE.pdf;/documentos/pdfs/documentacion/modelo-aval-ute.pdf;;Modelo Aval - UTE (20/01/2026);ok;
documento;/pdfs/Documentacion/Modelo%20Aval%20-%20UTE.pdf;/documentos/pdfs/documentacion/modelo-aval-ute.pdf;;Modelo Aval - UTE (20/01/2026);ok;Variante codificada de la misma URL
documento;/pdfs/Documentacion/Modelo seguro caución.pdf;/documentos/pdfs/documentacion/modelo-seguro-caucion.pdf;;Modelo seguro caución (20/01/2026);ok;
documento;/pdfs/Documentacion/Modelo%20seguro%20cauci%C3%B3n.pdf;/documentos/pdfs/documentacion/modelo-seguro-caucion.pdf;;Modelo seguro caución (20/01/2026);ok;Variante codificada de la misma URL
documento;/pdfs/Documentacion/Modelo seguro caución - UTE.pdf;/documentos/pdfs/documentacion/modelo-seguro-caucion-ute.pdf;;Modelo seguro caución - UTE (20/01/2026);ok;
documento;/pdfs/Documentacion/Modelo%20seguro%20cauci%C3%B3n%20-%20UTE.pdf;/documentos/pdfs/documentacion/modelo-seguro-caucion-ute.pdf;;Modelo seguro caución - UTE (20/01/2026);ok;Variante codificada de la misma URL
documento;/pdfs/Documentacion/Nuevo_Precio_Presas.pdf;/documentos/pdfs/documentacion/nuevo_precio_presas.pdf;;Nuevo precio del Agua de Presas. (01-01-2010);ok;
documento;/pdfs/Documentacion/OrdenanzasFiscales.pdf;/documentos/pdfs/documentacion/ordenanzasfiscales.pdf;;Ordenanza Fiscal General Reguladora. (15-08-2007);ok;
documento;/pdfs/Documentacion/PreciosAgua.pdf;/documentos/pdfs/documentacion/preciosagua.pdf;;Agua de Presas y Depurada. (26-03-2004);ok;
documento;/pdfs/Documentacion/solicitud_conexion.pdf;/documentos/pdfs/documentacion/solicitud_conexion.pdf;;Solicitud de Conexión o Cambio de Titularidad de la Red de Aguas de Riego del CIAGC;ok;
imagen;/pdfs/ecoislas/ecoislas_600x450.png;/imagenes/pdfs/ecoislas/ecoislas_600x450.png;;;ok;
documento;/pdfs/Elecciones/26_ActaElecciones_10-04-2024_firmada.pdf;/documentos/pdfs/elecciones/26_actaelecciones_10-04-2024_firmada.pdf;;Descargar Archivo;ok;
documento;/pdfs/Elecciones/Anuncio_BOP_lista_de_compromisarios.pdf;/documentos/pdfs/elecciones/anuncio_bop_lista_de_compromisarios.pdf;;Anuncio del B.O.P.;ok;
documento;/pdfs/Elecciones/Anuncio_BOP_lista_de_compromisarios2.pdf;/documentos/pdfs/elecciones/anuncio_bop_lista_de_compromisarios2.pdf;;Anuncio del B.O.P.;ok;
documento;/pdfs/Elecciones/Anuncio_prensa_elecciones.pdf;/documentos/pdfs/elecciones/anuncio_prensa_elecciones.pdf;;Descargar Archivo;ok;
documento;/pdfs/Elecciones/Anuncio elecciones y compromisarios 2024.pdf;/documentos/pdfs/elecciones/anuncio-elecciones-y-compromisarios-2024.pdf;;Descargar Archivo;ok;
documento;/pdfs/Elecciones/Anuncio%20elecciones%20y%20compromisarios%202024.pdf;/documentos/pdfs/elecciones/anuncio-elecciones-y-compromisarios-2024.pdf;;Descargar Archivo;ok;Variante codificada de la misma URL
documento;/pdfs/Elecciones/AnuncioBOP12102022.pdf;/documentos/pdfs/elecciones/anunciobop12102022.pdf;;Anuncio del B.O.P. - 12-10-2022;ok;
documento;/pdfs/Elecciones/BOP_20230707.pdf;/documentos/pdfs/elecciones/bop_20230707.pdf;;Anuncio del B.O.P. - 07-07-2023;ok;
documento;/pdfs/Elecciones/CensoAlegaciones-CONSORCIOS_EMPRESAS_PUBLICAS.doc;/documentos/pdfs/elecciones/censoalegaciones-consorcios_empresas_publicas.doc;;Listado de Consorcios y Empresas públicas;ok;
documento;/pdfs/Elecciones/CensoAlegaciones-ORGANIZACIONES_AGRARIAS.doc;/documentos/pdfs/elecciones/censoalegaciones-organizaciones_agrarias.doc;;Listado de Organizaciones Agrarias;ok;
documento;/pdfs/Elecciones/CensoAlegaciones-ORGANIZACIONES_CONSUMIDORES.doc;/documentos/pdfs/elecciones/censoalegaciones-organizaciones_consumidores.doc;;Listado de Organizaciones de Consumidores y Usuarios de Agua;ok;
documento;/pdfs/Elecciones/CensoAlegaciones-ORGANIZACIONES_EMPRESARIALES.doc;/documentos/pdfs/elecciones/censoalegaciones-organizaciones_empresariales.doc;;Listado de Organizaciones Empresariales;ok;
documento;/pdfs/Elecciones/CensoAlegaciones-ORGANIZACIONES_SINDICALES.doc;/documentos/pdfs/elecciones/censoalegaciones-organizaciones_sindicales.doc;;Listado de Organizaciones Sindicales;ok;
documento;/pdfs/Elecciones/CensoAlegaciones-TITULARES_APROVECHAMIENTOS.doc;/documentos/pdfs/elecciones/censoalegaciones-titulares_aprovechamientos.doc;;Listado de Entidades Concesionarias y Titulares de Aprovechamientos;ok;
documento;/pdfs/Elecciones/CONSORCIOS_EMPRESAS_PUBLICAS.pdf;/documentos/pdfs/elecciones/consorcios_empresas_publicas.pdf;;Listado de Consorcios y Empresas públicas;ok;
documento;/pdfs/Elecciones/def_CONSORCIOS_EMPRESAS_PUBLICAS.pdf;/documentos/pdfs/elecciones/def_consorcios_empresas_publicas.pdf;;Listado de Consorcios y Empresas públicas;ok;
documento;/pdfs/Elecciones/def_ORGANIZACIONES_AGRARIAS.pdf;/documentos/pdfs/elecciones/def_organizaciones_agrarias.pdf;;Listado de Organizaciones Agrarias;ok;
documento;/pdfs/Elecciones/def_ORGANIZACIONES_CONSUMIDORES.pdf;/documentos/pdfs/elecciones/def_organizaciones_consumidores.pdf;;Listado de Organizaciones de Consumidores y Usuarios de Agua;ok;
documento;/pdfs/Elecciones/def_ORGANIZACIONES_EMPRESARIALES.pdf;/documentos/pdfs/elecciones/def_organizaciones_empresariales.pdf;;Listado de Organizaciones Empresariales;ok;
documento;/pdfs/Elecciones/def_ORGANIZACIONES_SINDICALES.pdf;/documentos/pdfs/elecciones/def_organizaciones_sindicales.pdf;;Listado de Organizaciones Sindicales;ok;
documento;/pdfs/Elecciones/def_TITULARES_APROVECHAMIENTOS.pdf;/documentos/pdfs/elecciones/def_titulares_aprovechamientos.pdf;;Listado de Entidades Concesionarias y Titulares de Aprovechamientos;ok;
documento;/pdfs/Elecciones/Listado_de_compromisarios_titulares_aprovechamientos.pdf;/documentos/pdfs/elecciones/listado_de_compromisarios_titulares_aprovechamientos.pdf;;Listado de compromisarios;ok;
documento;/pdfs/Elecciones/Modelo_de_instancia_CCReditable.pdf;/documentos/pdfs/elecciones/modelo_de_instancia_ccreditable.pdf;;Modelo de instancia;ok;
documento;/pdfs/Elecciones/Modelo_de_solicitud_proclamación_candidato_titulares_aprov.rtf;/documentos/pdfs/elecciones/modelo_de_solicitud_proclamacion_candidato_titulares_aprov.rtf;;Descargar Archivo en formato WORD;ok;
documento;/pdfs/Elecciones/Modelo_de_solicitud_proclamaci%C3%B3n_candidato_titulares_aprov.rtf;/documentos/pdfs/elecciones/modelo_de_solicitud_proclamacion_candidato_titulares_aprov.rtf;;Descargar Archivo en formato WORD;ok;Variante codificada de la misma URL
documento;/pdfs/Elecciones/ORGANIZACIONES_AGRARIAS.pdf;/documentos/pdfs/elecciones/organizaciones_agrarias.pdf;;Listado de Organizaciones Agrarias;ok;
documento;/pdfs/Elecciones/ORGANIZACIONES_CONSUMIDORES.pdf;/documentos/pdfs/elecciones/organizaciones_consumidores.pdf;;Listado de Organizaciones de Consumidores y Usuarios de Agua;ok;
documento;/pdfs/Elecciones/ORGANIZACIONES_EMPRESARIALES.pdf;/documentos/pdfs/elecciones/organizaciones_empresariales.pdf;;Listado de Organizaciones Empresariales;ok;
documento;/pdfs/Elecciones/ORGANIZACIONES_SINDICALES.pdf;/documentos/pdfs/elecciones/organizaciones_sindicales.pdf;;Listado de Organizaciones Sindicales;ok;
documento;/pdfs/Elecciones/Resultado_elecciones_CIAGC.pdf;/documentos/pdfs/elecciones/resultado_elecciones_ciagc.pdf;;Descargar Archivo;ok;
documento;/pdfs/Elecciones/Resultado_sorteo_200_Comunidades_Regantes.pdf;/documentos/pdfs/elecciones/resultado_sorteo_200_comunidades_regantes.pdf;;Listado de Comunidades de regantes designadas notarialmente;ok;
documento;/pdfs/Elecciones/TITULARES_APROVECHAMIENTOS.pdf;/documentos/pdfs/elecciones/titulares_aprovechamientos.pdf;;Listado de Entidades Concesionarias y Titulares de Aprovechamientos;ok;
documento;/pdfs/FondosFeder/03-08-bop.pdf;/documentos/pdfs/fondosfeder/03-08-bop.pdf;;Descargar Anuncio;ok;
documento;/pdfs/FondosFeder/03-08-pcap.pdf;/documentos/pdfs/fondosfeder/03-08-pcap.pdf;;Descargar pliego administrativo;ok;
documento;/pdfs/FondosFeder/06-08-bop.pdf;/documentos/pdfs/fondosfeder/06-08-bop.pdf;;Descargar Anuncio;ok;
documento;/pdfs/FondosFeder/06-08-pcap.pdf;/documentos/pdfs/fondosfeder/06-08-pcap.pdf;;Descargar pliego administrativo;ok;
documento;/pdfs/FondosFeder/14-07-bop.pdf;/documentos/pdfs/fondosfeder/14-07-bop.pdf;;Descargar Anuncio;ok;
documento;/pdfs/FondosFeder/14-07-pcap.pdf;/documentos/pdfs/fondosfeder/14-07-pcap.pdf;;Descargar pliego administrativo;ok;
documento;/pdfs/FondosFeder/29-14-Aclaración-dudas.pdf;/documentos/pdfs/fondosfeder/29-14-aclaracion-dudas.pdf;;Aclaración dudas del Pliego Administrativo;ok;
documento;/pdfs/FondosFeder/29-14-Aclaraci%C3%B3n-dudas.pdf;/documentos/pdfs/fondosfeder/29-14-aclaracion-dudas.pdf;;Aclaración dudas del Pliego Administrativo;ok;Variante codificada de la misma URL
documento;/pdfs/FondosFeder/29-14-adjudic.pdf;/documentos/pdfs/fondosfeder/29-14-adjudic.pdf;;Anuncio de adjudicación;ok;
documento;/pdfs/FondosFeder/29-14-BOP-Visita.pdf;/documentos/pdfs/fondosfeder/29-14-bop-visita.pdf;;"Anuncio BOP; Visita instalaciones EDAM Bocabarranco";ok;
documento;/pdfs/FondosFeder/29-14-BOP.pdf;/documentos/pdfs/fondosfeder/29-14-bop.pdf;;Anuncio del BOP;ok;
documento;/pdfs/FondosFeder/29-14-form.pdf;/documentos/pdfs/fondosfeder/29-14-form.pdf;;Anuncio de formalización;ok;
documento;/pdfs/FondosFeder/29-14-Mesa.pdf;/documentos/pdfs/fondosfeder/29-14-mesa.pdf;;Convocatoria Mesa de Contratación (sobre n° 2): 13 de Octubre, 09:30 horas;ok;
documento;/pdfs/FondosFeder/29-14-Mesa3.pdf;/documentos/pdfs/fondosfeder/29-14-mesa3.pdf;;Convocatoria Mesa de Contratación (sobre n° 3): 3 de Noviembre, 9:00 horas;ok;
documento;/pdfs/FondosFeder/29-14-padmin.pdf;/documentos/pdfs/fondosfeder/29-14-padmin.pdf;;Pliego administrativo;ok;
documento;/pdfs/FondosFeder/29-14-ptec.pdf;/documentos/pdfs/fondosfeder/29-14-ptec.pdf;;Proyecto;ok;
documento;/pdfs/FondosFeder/29-14-visita.pdf;/documentos/pdfs/fondosfeder/29-14-visita.pdf;;Visita a las instalaciones: 11 de septiembre de 2014;ok;
documento;/pdfs/FondosFeder/AMP_GUIA_GALDAR_CARTEL_OBRA.pdf;/documentos/pdfs/fondosfeder/amp_guia_galdar_cartel_obra.pdf;;Cartel de la Obra;ok;
documento;/pdfs/FondosFeder/AMP EDAR GUIA GALDAR FACEBOOK FONDOS FEDER.pdf;/documentos/pdfs/fondosfeder/amp-edar-guia-galdar-facebook-fondos-feder.pdf;;Nota de FACEBOOK;ok;
documento;/pdfs/FondosFeder/AMP%20EDAR%20GUIA%20GALDAR%20FACEBOOK%20FONDOS%20FEDER.pdf;/documentos/pdfs/fondosfeder/amp-edar-guia-galdar-facebook-fondos-feder.pdf;;Nota de FACEBOOK;ok;Variante codificada de la misma URL
documento;/pdfs/FondosFeder/AMP EDAR GUIA GALDAR TWITTER FONDOS FEDER.pdf;/documentos/pdfs/fondosfeder/amp-edar-guia-galdar-twitter-fondos-feder.pdf;;Nota de X (Twitter);ok;
documento;/pdfs/FondosFeder/AMP%20EDAR%20GUIA%20GALDAR%20TWITTER%20FONDOS%20FEDER.pdf;/documentos/pdfs/fondosfeder/amp-edar-guia-galdar-twitter-fondos-feder.pdf;;Nota de X (Twitter);ok;Variante codificada de la misma URL
imagen;/pdfs/FondosFeder/AMPLIACION EDAR GUIA GALDAR (1).jpeg;/imagenes/pdfs/fondosfeder/ampliacion-edar-guia-galdar-1.jpeg;;- Foto 1 -;ok;
imagen;/pdfs/FondosFeder/AMPLIACION%20EDAR%20GUIA%20GALDAR%20(1).jpeg;/imagenes/pdfs/fondosfeder/ampliacion-edar-guia-galdar-1.jpeg;;- Foto 1 -;ok;Variante codificada de la misma URL
imagen;/pdfs/FondosFeder/AMPLIACION EDAR GUIA GALDAR (2).jpeg;/imagenes/pdfs/fondosfeder/ampliacion-edar-guia-galdar-2.jpeg;;- Foto 2 -;ok;
imagen;/pdfs/FondosFeder/AMPLIACION%20EDAR%20GUIA%20GALDAR%20(2).jpeg;/imagenes/pdfs/fondosfeder/ampliacion-edar-guia-galdar-2.jpeg;;- Foto 2 -;ok;Variante codificada de la misma URL
imagen;/pdfs/FondosFeder/AMPLIACION EDAR GUIA GALDAR (3).jpeg;/imagenes/pdfs/fondosfeder/ampliacion-edar-guia-galdar-3.jpeg;;- Foto 3 -;ok;
imagen;/pdfs/FondosFeder/AMPLIACION%20EDAR%20GUIA%20GALDAR%20(3).jpeg;/imagenes/pdfs/fondosfeder/ampliacion-edar-guia-galdar-3.jpeg;;- Foto 3 -;ok;Variante codificada de la misma URL
imagen;/pdfs/FondosFeder/AMPLIACION EDAR GUIA GALDAR (4).jpeg;/imagenes/pdfs/fondosfeder/ampliacion-edar-guia-galdar-4.jpeg;;- Foto 4 -;ok;
imagen;/pdfs/FondosFeder/AMPLIACION%20EDAR%20GUIA%20GALDAR%20(4).jpeg;/imagenes/pdfs/fondosfeder/ampliacion-edar-guia-galdar-4.jpeg;;- Foto 4 -;ok;Variante codificada de la misma URL
imagen;/pdfs/FondosFeder/AMPLIACION EDAR GUIA GALDAR (5).jpeg;/imagenes/pdfs/fondosfeder/ampliacion-edar-guia-galdar-5.jpeg;;- Foto 5 -;ok;
imagen;/pdfs/FondosFeder/AMPLIACION%20EDAR%20GUIA%20GALDAR%20(5).jpeg;/imagenes/pdfs/fondosfeder/ampliacion-edar-guia-galdar-5.jpeg;;- Foto 5 -;ok;Variante codificada de la misma URL
imagen;/pdfs/FondosFeder/AMPLIACION EDAR GUIA GALDAR (6).jpeg;/imagenes/pdfs/fondosfeder/ampliacion-edar-guia-galdar-6.jpeg;;- Foto 6 -;ok;
imagen;/pdfs/FondosFeder/AMPLIACION%20EDAR%20GUIA%20GALDAR%20(6).jpeg;/imagenes/pdfs/fondosfeder/ampliacion-edar-guia-galdar-6.jpeg;;- Foto 6 -;ok;Variante codificada de la misma URL
imagen;/pdfs/FondosFeder/AMPLIACION EDAR GUIA GALDAR (7).jpeg;/imagenes/pdfs/fondosfeder/ampliacion-edar-guia-galdar-7.jpeg;;- Foto 7 -;ok;
imagen;/pdfs/FondosFeder/AMPLIACION%20EDAR%20GUIA%20GALDAR%20(7).jpeg;/imagenes/pdfs/fondosfeder/ampliacion-edar-guia-galdar-7.jpeg;;- Foto 7 -;ok;Variante codificada de la misma URL
imagen;/pdfs/FondosFeder/AMPLIACION EDAR GUIA GALDAR (8).jpeg;/imagenes/pdfs/fondosfeder/ampliacion-edar-guia-galdar-8.jpeg;;- Foto 8 -;ok;
imagen;/pdfs/FondosFeder/AMPLIACION%20EDAR%20GUIA%20GALDAR%20(8).jpeg;/imagenes/pdfs/fondosfeder/ampliacion-edar-guia-galdar-8.jpeg;;- Foto 8 -;ok;Variante codificada de la misma URL
imagen;/pdfs/FondosFeder/AMPLIACION EDAR GUIA GALDAR (9).jpeg;/imagenes/pdfs/fondosfeder/ampliacion-edar-guia-galdar-9.jpeg;;- Foto 9 -;ok;
imagen;/pdfs/FondosFeder/AMPLIACION%20EDAR%20GUIA%20GALDAR%20(9).jpeg;/imagenes/pdfs/fondosfeder/ampliacion-edar-guia-galdar-9.jpeg;;- Foto 9 -;ok;Variante codificada de la misma URL
imagen;/pdfs/FondosFeder/LogoFondosFeder.png;/imagenes/pdfs/fondosfeder/logofondosfeder.png;;;ok;
documento;/pdfs/FondosFeder/Nota_de_Prensa_GAL-82.pdf;/documentos/pdfs/fondosfeder/nota_de_prensa_gal-82.pdf;;Nota de prensa;ok;
documento;/pdfs/FondosFeder/Planos.rar;/documentos/pdfs/fondosfeder/planos.rar;;Planos;ok;
video;/pdfs/FondosFeder/VIDEO DRON AMPLIACION EDAR GUIA GALDAR.mp4;/videos/pdfs/fondosfeder/video-dron-ampliacion-edar-guia-galdar.mp4;;Video: A vista de DRON;ok;
video;/pdfs/FondosFeder/VIDEO%20DRON%20AMPLIACION%20EDAR%20GUIA%20GALDAR.mp4;/videos/pdfs/fondosfeder/video-dron-ampliacion-edar-guia-galdar.mp4;;Video: A vista de DRON;ok;Variante codificada de la misma URL
documento;/pdfs/InfPu/PMP-2020-01.pdf;/documentos/pdfs/infpu/pmp-2020-01.pdf;;Enero;ok;
documento;/pdfs/InfPu/PMP-2020-02.pdf;/documentos/pdfs/infpu/pmp-2020-02.pdf;;Febrero;ok;
documento;/pdfs/InfPu/PMP-2020-03.pdf;/documentos/pdfs/infpu/pmp-2020-03.pdf;;Marzo;ok;
documento;/pdfs/InfPu/PMP-2020-04.pdf;/documentos/pdfs/infpu/pmp-2020-04.pdf;;Abril;ok;
documento;/pdfs/InfPu/PMP-2020-05.pdf;/documentos/pdfs/infpu/pmp-2020-05.pdf;;Mayo;ok;
documento;/pdfs/InfPu/PMP-2020-08.pdf;/documentos/pdfs/infpu/pmp-2020-08.pdf;;Agosto;ok;
documento;/pdfs/InfPu/PMP-2020-09.pdf;/documentos/pdfs/infpu/pmp-2020-09.pdf;;Septiembre;ok;
documento;/pdfs/InfPu/PMP-2020-10.pdf;/documentos/pdfs/infpu/pmp-2020-10.pdf;;Octubre;ok;
documento;/pdfs/InfPu/PMP-2020-11.pdf;/documentos/pdfs/infpu/pmp-2020-11.pdf;;Noviembre;ok;
documento;/pdfs/InfPu/PMP-2020-12.pdf;/documentos/pdfs/infpu/pmp-2020-12.pdf;;Diciembre;ok;
documento;/pdfs/InfPu/PMP-2021-01.pdf;/documentos/pdfs/infpu/pmp-2021-01.pdf;;Enero;ok;
documento;/pdfs/InfPu/PMP-2021-02.pdf;/documentos/pdfs/infpu/pmp-2021-02.pdf;;Febrero;ok;
documento;/pdfs/InfPu/PMP-2021-04.pdf;/documentos/pdfs/infpu/pmp-2021-04.pdf;;Abril;ok;
documento;/pdfs/InfPu/PMP-2021-05.pdf;/documentos/pdfs/infpu/pmp-2021-05.pdf;;Mayo;ok;
documento;/pdfs/InfPu/PMP-2021-06.pdf;/documentos/pdfs/infpu/pmp-2021-06.pdf;;Junio;ok;
documento;/pdfs/InfPu/PMP-2021-09.pdf;/documentos/pdfs/infpu/pmp-2021-09.pdf;;Septiembre;ok;
documento;/pdfs/InfPu/PMP-2021-10.pdf;/documentos/pdfs/infpu/pmp-2021-10.pdf;;Octubre;ok;
documento;/pdfs/InfPu/PMP-2021-11.pdf;/documentos/pdfs/infpu/pmp-2021-11.pdf;;Noviembre;ok;
documento;/pdfs/InfPu/PMP-2021-12.pdf;/documentos/pdfs/infpu/pmp-2021-12.pdf;;Diciembre;ok;
documento;/pdfs/InfPu/PMP-2022-01.pdf;/documentos/pdfs/infpu/pmp-2022-01.pdf;;Enero;ok;
documento;/pdfs/InfPu/PMP-2022-02.pdf;/documentos/pdfs/infpu/pmp-2022-02.pdf;;Febrero;ok;
documento;/pdfs/InfPu/PMP-2022-03.pdf;/documentos/pdfs/infpu/pmp-2022-03.pdf;;Marzo;ok;
documento;/pdfs/InfPu/PMP-2022-04.pdf;/documentos/pdfs/infpu/pmp-2022-04.pdf;;Abril;ok;
documento;/pdfs/InfPu/PMP-2022-05.pdf;/documentos/pdfs/infpu/pmp-2022-05.pdf;;Mayo;ok;
documento;/pdfs/InfPu/PMP-2022-06.pdf;/documentos/pdfs/infpu/pmp-2022-06.pdf;;Junio;ok;
documento;/pdfs/InfPu/PMP-2022-07.pdf;/documentos/pdfs/infpu/pmp-2022-07.pdf;;Julio;ok;
documento;/pdfs/InfPu/PMP-2022-08.pdf;/documentos/pdfs/infpu/pmp-2022-08.pdf;;Agosto;ok;
documento;/pdfs/InfPu/PMP-2022-10.pdf;/documentos/pdfs/infpu/pmp-2022-10.pdf;;Octubre;ok;
documento;/pdfs/InfPu/PMP-2022-12.pdf;/documentos/pdfs/infpu/pmp-2022-12.pdf;;Diciembre;ok;
documento;/pdfs/InfPu/PMP-2023-01.pdf;/documentos/pdfs/infpu/pmp-2023-01.pdf;;Enero;ok;
documento;/pdfs/InfPu/PMP-2023-02.pdf;/documentos/pdfs/infpu/pmp-2023-02.pdf;;Febrero;ok;
documento;/pdfs/InfPu/PMP-2023-03.pdf;/documentos/pdfs/infpu/pmp-2023-03.pdf;;Marzo;ok;
documento;/pdfs/InfPu/PMP-2023-04.pdf;/documentos/pdfs/infpu/pmp-2023-04.pdf;;Abril;ok;
documento;/pdfs/InfPu/PMP-2023-05.pdf;/documentos/pdfs/infpu/pmp-2023-05.pdf;;Mayo;ok;
documento;/pdfs/InfPu/PMP-2023-06.pdf;;;Junio;no existe en origen (404);
documento;/pdfs/InfPu/PMP-2023-07.pdf;/documentos/pdfs/infpu/pmp-2023-07.pdf;;Julio;ok;
documento;/pdfs/InfPu/PMP-2023-08.pdf;/documentos/pdfs/infpu/pmp-2023-08.pdf;;Agosto;ok;
documento;/pdfs/InfPu/PMP-2023-09.pdf;/documentos/pdfs/infpu/pmp-2023-09.pdf;;Septiembre;ok;
documento;/pdfs/InfPu/PMP-2023-10.pdf;/documentos/pdfs/infpu/pmp-2023-10.pdf;;Octubre;ok;
documento;/pdfs/InfPu/PMP-2023-11.pdf;/documentos/pdfs/infpu/pmp-2023-11.pdf;;Noviembre;ok;
documento;/pdfs/InfPu/PMP-2024-01.pdf;/documentos/pdfs/infpu/pmp-2024-01.pdf;;Enero;ok;
documento;/pdfs/InfPu/PMP-2024-02.pdf;/documentos/pdfs/infpu/pmp-2024-02.pdf;;Febrero;ok;
documento;/pdfs/InfPu/PMP-2024-03.pdf;/documentos/pdfs/infpu/pmp-2024-03.pdf;;Marzo;ok;
documento;/pdfs/InfPu/PMP-2024-04.pdf;/documentos/pdfs/infpu/pmp-2024-04.pdf;;Abril;ok;
documento;/pdfs/InfPu/PMP-2024-05.pdf;/documentos/pdfs/infpu/pmp-2024-05.pdf;;Mayo;ok;
documento;/pdfs/InfPu/PMP-2024-06.pdf;/documentos/pdfs/infpu/pmp-2024-06.pdf;;Junio;ok;
documento;/pdfs/InfPu/PMP-2024-07.pdf;;;Julio;no existe en origen (404);
documento;/pdfs/InfPu/PMP-2024-08.pdf;/documentos/pdfs/infpu/pmp-2024-08.pdf;;Agosto;ok;
documento;/pdfs/InfPu/PMP-2024-09.pdf;/documentos/pdfs/infpu/pmp-2024-09.pdf;;Septiembre;ok;
documento;/pdfs/InfPu/PMP-2024-10.pdf;;;Octubre;no existe en origen (404);
documento;/pdfs/InfPu/PMP-2024-11.pdf;/documentos/pdfs/infpu/pmp-2024-11.pdf;;Noviembre;ok;
documento;/pdfs/InfPu/PMP-2024-12.pdf;;;Diciembre;no existe en origen (404);
documento;/pdfs/InfPu/PMP-2025-01.pdf;/documentos/pdfs/infpu/pmp-2025-01.pdf;;Enero;ok;
documento;/pdfs/InfPu/PMP-2025-02.pdf;/documentos/pdfs/infpu/pmp-2025-02.pdf;;Febrero;ok;
documento;/pdfs/InfPu/PMP-2025-03.pdf;/documentos/pdfs/infpu/pmp-2025-03.pdf;;Marzo;ok;
documento;/pdfs/InfPu/PMP-2025-04.pdf;/documentos/pdfs/infpu/pmp-2025-04.pdf;;Abril;ok;
documento;/pdfs/InfPu/PMP-2025-05.pdf;/documentos/pdfs/infpu/pmp-2025-05.pdf;;Mayo;ok;
documento;/pdfs/InfPu/PMP-2025-06.pdf;/documentos/pdfs/infpu/pmp-2025-06.pdf;;Junio;ok;
documento;/pdfs/InfPu/PMP-2025-07.pdf;/documentos/pdfs/infpu/pmp-2025-07.pdf;;Julio;ok;
documento;/pdfs/InfPu/PMP-2025-12.pdf;/documentos/pdfs/infpu/pmp-2025-12.pdf;;Diciembre;ok;
documento;/pdfs/Inundaciones/0.0_Memoria.pdf;/documentos/pdfs/inundaciones/0.0_memoria.pdf;;;ok;
documento;/pdfs/Inundaciones/00-boc-a-2021-144-3454.pdf;/documentos/pdfs/inundaciones/00-boc-a-2021-144-3454.pdf;;;ok;
documento;/pdfs/Inundaciones/03-ES120_EsAE_PH_PGRI_Firmado.pdf;/documentos/pdfs/inundaciones/03-es120_esae_ph_pgri_firmado.pdf;;;ok;
documento;/pdfs/Inundaciones/04-ES120_PGRI-PPP.pdf;/documentos/pdfs/inundaciones/04-es120_pgri-ppp.pdf;;;ok;
documento;/pdfs/Inundaciones/1.0_ARPSIs_fluviales.pdf;/documentos/pdfs/inundaciones/1.0_arpsis_fluviales.pdf;;;ok;
documento;/pdfs/Inundaciones/1.1_ES120_ARPSI_0039.pdf;/documentos/pdfs/inundaciones/1.1_es120_arpsi_0039.pdf;;;ok;
documento;/pdfs/Inundaciones/1.1_ES120_ARPSI_0040.pdf;/documentos/pdfs/inundaciones/1.1_es120_arpsi_0040.pdf;;;ok;
documento;/pdfs/Inundaciones/1.1_ES120_ARPSI_0041.pdf;/documentos/pdfs/inundaciones/1.1_es120_arpsi_0041.pdf;;;ok;
documento;/pdfs/Inundaciones/1.1_ES120_ARPSI_0042.pdf;/documentos/pdfs/inundaciones/1.1_es120_arpsi_0042.pdf;;;ok;
documento;/pdfs/Inundaciones/1.1_ES120_ARPSI_0043.pdf;/documentos/pdfs/inundaciones/1.1_es120_arpsi_0043.pdf;;;ok;
documento;/pdfs/Inundaciones/1.1_ES120_ARPSI_0044.pdf;/documentos/pdfs/inundaciones/1.1_es120_arpsi_0044.pdf;;;ok;
documento;/pdfs/Inundaciones/190729_PGRI_GC_V_Inicial.pdf;/documentos/pdfs/inundaciones/190729_pgri_gc_v_inicial.pdf;;;ok;
documento;/pdfs/Inundaciones/2.0_ARPSIs_costeras.pdf;/documentos/pdfs/inundaciones/2.0_arpsis_costeras.pdf;;;ok;
documento;/pdfs/Inundaciones/2.1.1_ES120_Situacion.pdf;/documentos/pdfs/inundaciones/2.1.1_es120_situacion.pdf;;;ok;
documento;/pdfs/Inundaciones/2.1.2_ES120_PELIGROSIDAD_T100.pdf;/documentos/pdfs/inundaciones/2.1.2_es120_peligrosidad_t100.pdf;;;ok;
documento;/pdfs/Inundaciones/2.1.3_ES120_PELIGROSIDAD_T500.pdf;/documentos/pdfs/inundaciones/2.1.3_es120_peligrosidad_t500.pdf;;;ok;
documento;/pdfs/Inundaciones/2.1.4_ES120_POB_T100.pdf;/documentos/pdfs/inundaciones/2.1.4_es120_pob_t100.pdf;;;ok;
documento;/pdfs/Inundaciones/2.1.5_ES120_POB_T500.pdf;/documentos/pdfs/inundaciones/2.1.5_es120_pob_t500.pdf;;;ok;
documento;/pdfs/Inundaciones/2.1.6_ES120_ECO_T100.pdf;/documentos/pdfs/inundaciones/2.1.6_es120_eco_t100.pdf;;;ok;
documento;/pdfs/Inundaciones/2.1.7_ES120_ECO_T500.pdf;/documentos/pdfs/inundaciones/2.1.7_es120_eco_t500.pdf;;;ok;
documento;/pdfs/Inundaciones/2.1.8_ES120_MA_T100.pdf;/documentos/pdfs/inundaciones/2.1.8_es120_ma_t100.pdf;;;ok;
documento;/pdfs/Inundaciones/2.1.9_ES120_MA_T500.pdf;/documentos/pdfs/inundaciones/2.1.9_es120_ma_t500.pdf;;;ok;
documento;/pdfs/Inundaciones/20250730_250728 boc-a-2025-150-2772.pdf;/documentos/pdfs/inundaciones/20250730_250728-boc-a-2025-150-2772.pdf;;;ok;
documento;/pdfs/Inundaciones/20250730_250728%20boc-a-2025-150-2772.pdf;/documentos/pdfs/inundaciones/20250730_250728-boc-a-2025-150-2772.pdf;;;ok;Variante codificada de la misma URL
documento;/pdfs/Inundaciones/3.0_InformeConsulta.pdf;/documentos/pdfs/inundaciones/3.0_informeconsulta.pdf;;;ok;
documento;/pdfs/Inundaciones/Anuncio_aprobacion_definitiva_EPRI.pdf;/documentos/pdfs/inundaciones/anuncio_aprobacion_definitiva_epri.pdf;;;ok;
documento;/pdfs/Inundaciones/Anuncio_consulta_publica_Mapas.pdf;/documentos/pdfs/inundaciones/anuncio_consulta_publica_mapas.pdf;;;ok;
documento;/pdfs/Inundaciones/BOC-02-06-15-AD.pdf;/documentos/pdfs/inundaciones/boc-02-06-15-ad.pdf;;;ok;
documento;/pdfs/Inundaciones/boc-a-2019-033-734.pdf;/documentos/pdfs/inundaciones/boc-a-2019-033-734.pdf;;;ok;
documento;/pdfs/Inundaciones/boc-a-2019-033-736.pdf;/documentos/pdfs/inundaciones/boc-a-2019-033-736.pdf;;;ok;
documento;/pdfs/Inundaciones/boc-a-2019-177-4443.pdf;/documentos/pdfs/inundaciones/boc-a-2019-177-4443.pdf;;;ok;
documento;/pdfs/Inundaciones/boc-a-2025-003-66_7 de enero de 2025.pdf;/documentos/pdfs/inundaciones/boc-a-2025-003-66_7-de-enero-de-2025.pdf;;;ok;
documento;/pdfs/Inundaciones/boc-a-2025-003-66_7%20de%20enero%20de%202025.pdf;/documentos/pdfs/inundaciones/boc-a-2025-003-66_7-de-enero-de-2025.pdf;;;ok;Variante codificada de la misma URL
documento;/pdfs/Inundaciones/BOP-2020-12-10.pdf;/documentos/pdfs/inundaciones/bop-2020-12-10.pdf;;;ok;
documento;/pdfs/Inundaciones/BorradorPlan_DIE_GranCanaria__20190110.pdf;/documentos/pdfs/inundaciones/borradorplan_die_grancanaria__20190110.pdf;;;ok;
documento;/pdfs/Inundaciones/Documento_Inicial_Estrategico_Gran Canaria__FIRMADO.pdf;/documentos/pdfs/inundaciones/documento_inicial_estrategico_gran-canaria__firmado.pdf;;;ok;
documento;/pdfs/Inundaciones/Documento_Inicial_Estrategico_Gran%20Canaria__FIRMADO.pdf;/documentos/pdfs/inundaciones/documento_inicial_estrategico_gran-canaria__firmado.pdf;;;ok;Variante codificada de la misma URL
documento;/pdfs/Inundaciones/EPRI_Anexo3_Part_Pública_y_Apéndice-02_00.pdf;/documentos/pdfs/inundaciones/epri_anexo3_part_publica_y_apendice-02_00.pdf;;;ok;
documento;/pdfs/Inundaciones/EPRI_Anexo3_Part_P%C3%BAblica_y_Ap%C3%A9ndice-02_00.pdf;/documentos/pdfs/inundaciones/epri_anexo3_part_publica_y_apendice-02_00.pdf;;;ok;Variante codificada de la misma URL
documento;/pdfs/Inundaciones/Epri00-Memoria.pdf;/documentos/pdfs/inundaciones/epri00-memoria.pdf;;;ok;
documento;/pdfs/Inundaciones/Epri10-MemoriaFluviales.pdf;/documentos/pdfs/inundaciones/epri10-memoriafluviales.pdf;;;ok;
documento;/pdfs/Inundaciones/Epri20-Memoriacosteras.pdf;/documentos/pdfs/inundaciones/epri20-memoriacosteras.pdf;;;ok;
documento;/pdfs/Inundaciones/Epri30-InformeConsultaPublica.pdf;/documentos/pdfs/inundaciones/epri30-informeconsultapublica.pdf;;;ok;
documento;/pdfs/Inundaciones/ES120_EPRI_Anexo1_planos-02_00.pdf;/documentos/pdfs/inundaciones/es120_epri_anexo1_planos-02_00.pdf;;;ok;
documento;/pdfs/Inundaciones/ES120_EPRI_Anexo2_fichas-02_00-c.pdf;/documentos/pdfs/inundaciones/es120_epri_anexo2_fichas-02_00-c.pdf;;;ok;
documento;/pdfs/Inundaciones/ES120_EPRI_Anexo2_fichas-02_00.pdf;/documentos/pdfs/inundaciones/es120_epri_anexo2_fichas-02_00.pdf;;;ok;
documento;/pdfs/Inundaciones/ES120_EPRI_Anexo3_Part_Pública-02_00.pdf;/documentos/pdfs/inundaciones/es120_epri_anexo3_part_publica-02_00.pdf;;;ok;
documento;/pdfs/Inundaciones/ES120_EPRI_Anexo3_Part_P%C3%BAblica-02_00.pdf;/documentos/pdfs/inundaciones/es120_epri_anexo3_part_publica-02_00.pdf;;;ok;Variante codificada de la misma URL
documento;/pdfs/Inundaciones/ES120_EPRI_Memoria-02_00.pdf;/documentos/pdfs/inundaciones/es120_epri_memoria-02_00.pdf;;;ok;
documento;/pdfs/Inundaciones/ES120_EPRI_Memoria-04_00.pdf;/documentos/pdfs/inundaciones/es120_epri_memoria-04_00.pdf;;;ok;
documento;/pdfs/Inundaciones/ES120_EsAE_PH_PGRI_Memoria_Fdo.pdf;/documentos/pdfs/inundaciones/es120_esae_ph_pgri_memoria_fdo.pdf;;;ok;
documento;/pdfs/Inundaciones/ES120_MPRI_Anexos-03_00.pdf;/documentos/pdfs/inundaciones/es120_mpri_anexos-03_00.pdf;;;ok;
documento;/pdfs/Inundaciones/ES120_PGRI-Memoria_Completa_AP.pdf;/documentos/pdfs/inundaciones/es120_pgri-memoria_completa_ap.pdf;;;ok;
documento;/pdfs/Inundaciones/EsAE_PGRI_GC_FIRMADO.pdf;/documentos/pdfs/inundaciones/esae_pgri_gc_firmado.pdf;;;ok;
documento;/pdfs/Inundaciones/MPRI CONSOLIDADO PGRIGC3.pdf;/documentos/pdfs/inundaciones/mpri-consolidado-pgrigc3.pdf;;;ok;
documento;/pdfs/Inundaciones/MPRI%20CONSOLIDADO%20PGRIGC3.pdf;/documentos/pdfs/inundaciones/mpri-consolidado-pgrigc3.pdf;;;ok;Variante codificada de la misma URL
documento;/pdfs/Inundaciones/presentacion_sesionesdparticipacion.pdf;/documentos/pdfs/inundaciones/presentacion_sesionesdparticipacion.pdf;;Presentación;ok;
documento;/pdfs/Juntas/jg_20070518.pdf;/documentos/pdfs/juntas/jg_20070518.pdf;;18 de Mayo de 2007;ok;
documento;/pdfs/Juntas/jg_20070618.pdf;/documentos/pdfs/juntas/jg_20070618.pdf;;18 de Junio de 2007;ok;
documento;/pdfs/Juntas/jg_20070707.pdf;/documentos/pdfs/juntas/jg_20070707.pdf;;7 de Julio de 2007;ok;
documento;/pdfs/Juntas/jg_20070913.pdf;/documentos/pdfs/juntas/jg_20070913.pdf;;13 de Septiembre de 2007;ok;
documento;/pdfs/Juntas/jg_20071116.pdf;/documentos/pdfs/juntas/jg_20071116.pdf;;16 de Noviembre de 2007;ok;
documento;/pdfs/Juntas/jg_20080414.pdf;/documentos/pdfs/juntas/jg_20080414.pdf;;14 de Abril de 2008;ok;
documento;/pdfs/Juntas/jg_20080718.pdf;/documentos/pdfs/juntas/jg_20080718.pdf;;18 de Julio de 2008;ok;
documento;/pdfs/Juntas/jg_20081202.pdf;/documentos/pdfs/juntas/jg_20081202.pdf;;2 de Diciembre de 2008;ok;
documento;/pdfs/Juntas/jg_20090707.pdf;/documentos/pdfs/juntas/jg_20090707.pdf;;7 de Julio de 2009;ok;
documento;/pdfs/Juntas/jg_20100527.pdf;/documentos/pdfs/juntas/jg_20100527.pdf;;27 de Mayo de 2010;ok;
documento;/pdfs/Juntas/jg_20100715.pdf;/documentos/pdfs/juntas/jg_20100715.pdf;;15 de Julio de 2010;ok;
documento;/pdfs/Juntas/jg20091221-2.pdf;/documentos/pdfs/juntas/jg20091221-2.pdf;;21 de Diciembre de 2009;ok;
documento;/pdfs/Juntas/jg20101202.pdf;/documentos/pdfs/juntas/jg20101202.pdf;;2 de Febrero de 2010;ok;
documento;/pdfs/Juntas/jg20110411.pdf;/documentos/pdfs/juntas/jg20110411.pdf;;11 de Abril de 2011;ok;
documento;/pdfs/Juntas/jg20110614.pdf;/documentos/pdfs/juntas/jg20110614.pdf;;14 de Junio de 2011;ok;
documento;/pdfs/Juntas/jgob_20080718.pdf;/documentos/pdfs/juntas/jgob_20080718.pdf;;18 de Julio de 2008;ok;
documento;/pdfs/Juntas/jgob20070124.pdf;/documentos/pdfs/juntas/jgob20070124.pdf;;24 de Enero de 2007;ok;
documento;/pdfs/Juntas/jgob20070130.pdf;/documentos/pdfs/juntas/jgob20070130.pdf;;30 de Enero de 2007;ok;
documento;/pdfs/Juntas/jgob20070308.pdf;/documentos/pdfs/juntas/jgob20070308.pdf;;8 de Marzo de 2007;ok;
documento;/pdfs/Juntas/jgob20070326.pdf;/documentos/pdfs/juntas/jgob20070326.pdf;;26 de Marzo de 2007;ok;
documento;/pdfs/Juntas/jgob20070517.pdf;/documentos/pdfs/juntas/jgob20070517.pdf;;17 de Mayo de 2007;ok;
documento;/pdfs/Juntas/jgob20070618.pdf;/documentos/pdfs/juntas/jgob20070618.pdf;;18 de Junio de 2007;ok;
documento;/pdfs/Juntas/jgob20070731.pdf;/documentos/pdfs/juntas/jgob20070731.pdf;;31 de Julio de 2007;ok;
documento;/pdfs/Juntas/jgob20070913.pdf;/documentos/pdfs/juntas/jgob20070913.pdf;;13 de Septiembre de 2007;ok;
documento;/pdfs/Juntas/jgob20071116.pdf;/documentos/pdfs/juntas/jgob20071116.pdf;;16 de Noviembre de 2007;ok;
documento;/pdfs/Juntas/jgob20080228.pdf;/documentos/pdfs/juntas/jgob20080228.pdf;;28 de Febrero de 2008;ok;
documento;/pdfs/Juntas/jgob20080414.pdf;/documentos/pdfs/juntas/jgob20080414.pdf;;14 de Abril de 2008;ok;
documento;/pdfs/Juntas/jgob20080916.pdf;/documentos/pdfs/juntas/jgob20080916.pdf;;16 de Septiembre de 2008;ok;
documento;/pdfs/Juntas/jgob20081111.pdf;/documentos/pdfs/juntas/jgob20081111.pdf;;11 de Noviembre de 2008;ok;
documento;/pdfs/Juntas/jgob20081202.pdf;/documentos/pdfs/juntas/jgob20081202.pdf;;2 de Diciembre de 2008;ok;
documento;/pdfs/Juntas/jgob20081223.pdf;/documentos/pdfs/juntas/jgob20081223.pdf;;23 de Diciembre de 2008;ok;
documento;/pdfs/Juntas/jgob20090128.pdf;/documentos/pdfs/juntas/jgob20090128.pdf;;28 de Enero de 2009;ok;
documento;/pdfs/Juntas/jgob20090324.pdf;/documentos/pdfs/juntas/jgob20090324.pdf;;24 de Marzo de 2009;ok;
documento;/pdfs/Juntas/jgob20090508.pdf;/documentos/pdfs/juntas/jgob20090508.pdf;;8 de Mayo de 2009;ok;
documento;/pdfs/Juntas/jgob20090707.pdf;/documentos/pdfs/juntas/jgob20090707.pdf;;7 de Julio de 2009;ok;
documento;/pdfs/Juntas/jgob20090812.pdf;/documentos/pdfs/juntas/jgob20090812.pdf;;12 de Agosto de 2009;ok;
documento;/pdfs/Juntas/jgob20091110.pdf;/documentos/pdfs/juntas/jgob20091110.pdf;;10 de Noviembre de 2009;ok;
documento;/pdfs/Juntas/jgob20091221.pdf;/documentos/pdfs/juntas/jgob20091221.pdf;;21 de Diciembre de 2009;ok;
documento;/pdfs/Juntas/jgob20100224.pdf;/documentos/pdfs/juntas/jgob20100224.pdf;;24 de Febrero de 2010;ok;
documento;/pdfs/Juntas/JGob20100505.pdf;/documentos/pdfs/juntas/jgob20100505.pdf;;5 de Mayo de 2010;ok;
documento;/pdfs/Juntas/jgob20100715.pdf;/documentos/pdfs/juntas/jgob20100715.pdf;;15 de Julio de 2010;ok;
documento;/pdfs/Juntas/jgob20100924.pdf;/documentos/pdfs/juntas/jgob20100924.pdf;;24 de Septiembre 2010;ok;
documento;/pdfs/Juntas/jgob20101202.pdf;/documentos/pdfs/juntas/jgob20101202.pdf;;2 de Diciembre de 2010;ok;
documento;/pdfs/Juntas/jgob20101215.pdf;/documentos/pdfs/juntas/jgob20101215.pdf;;15 de Diciembre de 2010;ok;
documento;/pdfs/Juntas/jgob20110303.pdf;/documentos/pdfs/juntas/jgob20110303.pdf;;3 de Marzo de 2011;ok;
documento;/pdfs/Juntas/jgob20110411.pdf;/documentos/pdfs/juntas/jgob20110411.pdf;;11 de Abril de 2011;ok;
documento;/pdfs/Juntas/jgob20110505.pdf;/documentos/pdfs/juntas/jgob20110505.pdf;;5 de Mayo de 2011;ok;
documento;/pdfs/Juntas/jgob20110614.pdf;/documentos/pdfs/juntas/jgob20110614.pdf;;;ok;
documento;/pdfs/Marco_Agua/1_Informe_sobre_Red_de_Control.pdf;/documentos/pdfs/marco_agua/1_informe_sobre_red_de_control.pdf;;Informe sobre la Red de Control;ok;
documento;/pdfs/Marco_Agua/2-Medina-Jornadas-Planificacion-Modelos-aguas_transicion.pdf;/documentos/pdfs/marco_agua/2-medina-jornadas-planificacion-modelos-aguas_transicion.pdf;;2-Medina-Jornadas-Planificacion-Modelos-aguas transicion;ok;
documento;/pdfs/Marco_Agua/2000brochure_es.pdf;/documentos/pdfs/marco_agua/2000brochure_es.pdf;;2000Brochure_es;ok;
documento;/pdfs/Marco_Agua/2007-02-23_Informe_sobre_Participación_Pública_según_la_DMA.pdf;/documentos/pdfs/marco_agua/2007-02-23_informe_sobre_participacion_publica_segun_la_dma.pdf;;2007-02-23 Informe sobre Participación Pública según la DMA;ok;
documento;/pdfs/Marco_Agua/2007-02-23_Informe_sobre_Participaci%C3%B3n_P%C3%BAblica_seg%C3%BAn_la_DMA.pdf;/documentos/pdfs/marco_agua/2007-02-23_informe_sobre_participacion_publica_segun_la_dma.pdf;;2007-02-23 Informe sobre Participación Pública según la DMA;ok;Variante codificada de la misma URL
documento;/pdfs/Marco_Agua/2007-02-26_Informe_sobre_Artículo_V_y_VI_de_la_DMA.pdf;/documentos/pdfs/marco_agua/2007-02-26_informe_sobre_articulo_v_y_vi_de_la_dma.pdf;;2007-02-26 Informe sobre Artículo V y VI de la DMA;ok;
documento;/pdfs/Marco_Agua/2007-02-26_Informe_sobre_Art%C3%ADculo_V_y_VI_de_la_DMA.pdf;/documentos/pdfs/marco_agua/2007-02-26_informe_sobre_articulo_v_y_vi_de_la_dma.pdf;;2007-02-26 Informe sobre Artículo V y VI de la DMA;ok;Variante codificada de la misma URL
documento;/pdfs/Marco_Agua/Aderito_Mendes-El_nuevo_ciclo_de_planificacion_hidrologica.pdf;/documentos/pdfs/marco_agua/aderito_mendes-el_nuevo_ciclo_de_planificacion_hidrologica.pdf;;Adérito Mendes-El nuevo ciclo de planificación hidrológica;ok;
documento;/pdfs/Marco_Agua/Agustin_Arguelles-cal_prog_ciccp3.pdf;/documentos/pdfs/marco_agua/agustin_arguelles-cal_prog_ciccp3.pdf;;Agustín Argüelles-cal_prog_ciccp3;ok;
documento;/pdfs/Marco_Agua/Alberto_Garrido-Mesa_redonda.Necesidades_Tecnologicas_y_Cientificas_(A_Garrido).pdf;/documentos/pdfs/marco_agua/alberto_garrido-mesa_redonda.necesidades_tecnologicas_y_cientificas_-a_garrido.pdf;;Alberto Garrido-Mesa redonda. Necesidades Tecnológicas y Científicas (A Garrido);ok;
documento;/pdfs/Marco_Agua/Antoni_Munne-v2.04225_04_026_Jornadas_Madrid_(28_3_07).pdf;/documentos/pdfs/marco_agua/antoni_munne-v2.04225_04_026_jornadas_madrid_-28_3_07.pdf;;Antoni Munne- v2.04225_04_026_Jornadas Madrid (28_3_07);ok;
documento;/pdfs/Marco_Agua/Aplicacion_directiva_europea_agua_completo.pdf;/documentos/pdfs/marco_agua/aplicacion_directiva_europea_agua_completo.pdf;;Aplicación directiva europea agua completo;ok;
documento;/pdfs/Marco_Agua/Calendario_programa_GC.pdf;/documentos/pdfs/marco_agua/calendario_programa_gc.pdf;;Calendario programa GC;ok;
documento;/pdfs/Marco_Agua/Clemente_Prieto-Presentacion_Iberdrola.pdf;/documentos/pdfs/marco_agua/clemente_prieto-presentacion_iberdrola.pdf;;Clemente Prieto-Presentación Iberdrola;ok;
documento;/pdfs/Marco_Agua/com_2007_0128_en.pdf;/documentos/pdfs/marco_agua/com_2007_0128_en.pdf;;com_2007_0128_en;ok;
documento;/pdfs/Marco_Agua/Cristina_Danes-Inventario_de_presiones.pdf;/documentos/pdfs/marco_agua/cristina_danes-inventario_de_presiones.pdf;;Cristina Danés-Inventario de presiones;ok;
documento;/pdfs/Marco_Agua/DesplegableJornadasPlanificacionHMarzo07v.pdf;/documentos/pdfs/marco_agua/desplegablejornadasplanificacionhmarzo07v.pdf;;Desplegable Jornadas Planificación HMarzo07v;ok;
documento;/pdfs/Marco_Agua/directiva_marco.pdf;/documentos/pdfs/marco_agua/directiva_marco.pdf;;directiva marco;ok;
documento;/pdfs/Marco_Agua/DMA_canarias05-06v2_a_PDF.pdf;/documentos/pdfs/marco_agua/dma_canarias05-06v2_a_pdf.pdf;;DMA canarias 05-06v2;ok;
documento;/pdfs/Marco_Agua/dma_utilicela_racionalmente.pdf;/documentos/pdfs/marco_agua/dma_utilicela_racionalmente.pdf;;DMA utilicela racionalmente;ok;
documento;/pdfs/Marco_Agua/Enrique_Cabrera-Madrid_28_03_2007.pdf;/documentos/pdfs/marco_agua/enrique_cabrera-madrid_28_03_2007.pdf;;Enrique Cabrera-Madrid 28_03_2007;ok;
documento;/pdfs/Marco_Agua/Federico_Estrada-Asignaciones_y_reservas_2.0.pdf;/documentos/pdfs/marco_agua/federico_estrada-asignaciones_y_reservas_2.0.pdf;;Federico Estrada-Asignaciones y reservas 2.0;ok;
documento;/pdfs/Marco_Agua/Federico_Estrada-IPH_4.0.pdf;/documentos/pdfs/marco_agua/federico_estrada-iph_4.0.pdf;;Federico Estrada-IPH 4.0;ok;
documento;/pdfs/Marco_Agua/Federico_Estrada-RPH_2.0.pdf;/documentos/pdfs/marco_agua/federico_estrada-rph_2.0.pdf;;Federico Estrada-RPH 2.0;ok;
documento;/pdfs/Marco_Agua/Fernando_Esteban-EAE2007_ParaImpresion.pdf;/documentos/pdfs/marco_agua/fernando_esteban-eae2007_paraimpresion.pdf;;Fernando Esteban-EAE2007_ParaImpresión;ok;
documento;/pdfs/Marco_Agua/Fernando_Octavio_de_Toledo-Los_Planes_en_Cuencas_Transfronterizas_de_Espana_y_Portugal.pdf;/documentos/pdfs/marco_agua/fernando_octavio_de_toledo-los_planes_en_cuencas_transfronterizas_de_espana_y_portugal.pdf;;Fernando Octavio de Toledo-Los Planes en Cuencas Transfronterizas de España y Portugal;ok;
documento;/pdfs/Marco_Agua/Ficha_Condiciones_de_Referencia.pdf;/documentos/pdfs/marco_agua/ficha_condiciones_de_referencia.pdf;;Ficha Condiciones de Referencia;ok;
documento;/pdfs/Marco_Agua/Francisco_Martin-administraciones_competentes.pdf;/documentos/pdfs/marco_agua/francisco_martin-administraciones_competentes.pdf;;Francisco Martín-administraciones competentes;ok;
documento;/pdfs/Marco_Agua/Genaro_Borras-06239_00_0022_Jornada_CICCP_Director_30.03.07.pdf;/documentos/pdfs/marco_agua/genaro_borras-06239_00_0022_jornada_ciccp_director_30.03.07.pdf;;Genaro Borras-06239_00_0022_Jornada CICCP Director_30.03.07;ok;
documento;/pdfs/Marco_Agua/Giovanni_Bidoglio-Planificacion_hidrologica_final1.pdf;/documentos/pdfs/marco_agua/giovanni_bidoglio-planificacion_hidrologica_final1.pdf;;Giovanni Bidoglio- Planificacion hidrologica final1;ok;
documento;/pdfs/Marco_Agua/GuidanceNo1-Economics-WATECO-WG2.6.pdf;/documentos/pdfs/marco_agua/guidanceno1-economics-wateco-wg2.6.pdf;;GuidanceNo1-Economics-WATECO-WG2.6;ok;
documento;/pdfs/Marco_Agua/GuidanceNo11-PlanningProcessWG2.9.pdf;/documentos/pdfs/marco_agua/guidanceno11-planningprocesswg2.9.pdf;;GuidanceNo11-PlanningProcessWG2.9;ok;
documento;/pdfs/Marco_Agua/GuidanceNo8-PublicparticipationWG2.9.pdf;/documentos/pdfs/marco_agua/guidanceno8-publicparticipationwg2.9.pdf;;GuidanceNo8-PublicparticipationWG2.9;ok;
documento;/pdfs/Marco_Agua/Guido_Schmidt_WWF.pdf;/documentos/pdfs/marco_agua/guido_schmidt_wwf.pdf;;Guido Schmidt WWF;ok;
documento;/pdfs/Marco_Agua/gw_characterisation.pdf;/documentos/pdfs/marco_agua/gw_characterisation.pdf;;gw_characterisation;ok;
documento;/pdfs/Marco_Agua/gw_risk_assessment.pdf;/documentos/pdfs/marco_agua/gw_risk_assessment.pdf;;gw_risk_assessment;ok;
documento;/pdfs/Marco_Agua/Ignacio_del_Rio_Marrero-DMAColCam07MasasSuperf.pdf;/documentos/pdfs/marco_agua/ignacio_del_rio_marrero-dmacolcam07masassuperf.pdf;;Ignacio del Río Marrero-DMAColCam07MasasSuperf;ok;
documento;/pdfs/Marco_Agua/Ignacio_del_Rio_Marrero-Elaboracion_y_aprobacion_de_ph.pdf;/documentos/pdfs/marco_agua/ignacio_del_rio_marrero-elaboracion_y_aprobacion_de_ph.pdf;;Ignacio del Río Marrero-Elaboración y aprobación de ph;ok;
documento;/pdfs/Marco_Agua/index.txt;/documentos/pdfs/marco_agua/index.txt;;index;ok;
documento;/pdfs/Marco_Agua/Informe2003-ES.doc;/documentos/pdfs/marco_agua/informe2003-es.doc;;Informe 2003 ES;ok;
documento;/pdfs/Marco_Agua/Instruccion_de_Planificacion_Hidrologica.pdf;/documentos/pdfs/marco_agua/instruccion_de_planificacion_hidrologica.pdf;;Instrucción de Planificación Hidrológica;ok;
documento;/pdfs/Marco_Agua/IPH_v10.0a.pdf;/documentos/pdfs/marco_agua/iph_v10.0a.pdf;;IPH v10.0a;ok;
documento;/pdfs/Marco_Agua/IPH_v51_4ColCamfinalB.pdf;/documentos/pdfs/marco_agua/iph_v51_4colcamfinalb.pdf;;IPH v51 4ColCamfinalB;ok;
documento;/pdfs/Marco_Agua/Javier_Alvarez-InventarioRecursosHidricos.pdf;/documentos/pdfs/marco_agua/javier_alvarez-inventariorecursoshidricos.pdf;;Javier Álvarez-InventarioRecursosHídricos;ok;
documento;/pdfs/Marco_Agua/Javier_Cachon-Presentacion_28-03-07.pdf;/documentos/pdfs/marco_agua/javier_cachon-presentacion_28-03-07.pdf;;Javier Cachón-Presentación 28-03-07;ok;
documento;/pdfs/Marco_Agua/Javier_Ferrer_Polo-Instruccion_QEco_def.pdf;/documentos/pdfs/marco_agua/javier_ferrer_polo-instruccion_qeco_def.pdf;;Javier Ferrer Polo-Instruccion_QEco_def;ok;
documento;/pdfs/Marco_Agua/Javier_Ferrer_Polo-Modelos_presiones_16.pdf;/documentos/pdfs/marco_agua/javier_ferrer_polo-modelos_presiones_16.pdf;;Javier Ferrer Polo-Modelos_presiones_16;ok;
documento;/pdfs/Marco_Agua/Javier_Ruza-Resultados_referencia_provisionales.pdf;/documentos/pdfs/marco_agua/javier_ruza-resultados_referencia_provisionales.pdf;;Javier Ruza-Resultados referencia provisionales;ok;
documento;/pdfs/Marco_Agua/Javier_Ruza-Sistemas_de_clasificacion_del_estado_ecologico.pdf;/documentos/pdfs/marco_agua/javier_ruza-sistemas_de_clasificacion_del_estado_ecologico.pdf;;Javier Ruza-Sistemas de clasificacion del estado ecologico;ok;
documento;/pdfs/Marco_Agua/Joan_Corominas-PLAN_HIDROLOGICO_CUENCAS_INTERNAS_ANDALUZAS_reducida.pdf;/documentos/pdfs/marco_agua/joan_corominas-plan_hidrologico_cuencas_internas_andaluzas_reducida.pdf;;Joan Corominas-PLAN HIDROLOGICO CUENCAS INTERNAS ANDALUZAS_reducida;ok;
documento;/pdfs/Marco_Agua/Joaquin_Andreu-Sistemas_Soporte_Decision.pdf;/documentos/pdfs/marco_agua/joaquin_andreu-sistemas_soporte_decision.pdf;;Joaquín Andreu-Sistemas Soporte Decisión;ok;
documento;/pdfs/Marco_Agua/Jorge_Rodriguez-Jornadas_planificacion_27Marzo2007.pdf;/documentos/pdfs/marco_agua/jorge_rodriguez-jornadas_planificacion_27marzo2007.pdf;;Jorge Rodriguez-Jornadas_planificacion_27Marzo2007;ok;
documento;/pdfs/Marco_Agua/Jose_Dolz-NUEVO_CICLO_PLANIFICACION_HIDROLOGICA_MMA_03-07.pdf;/documentos/pdfs/marco_agua/jose_dolz-nuevo_ciclo_planificacion_hidrologica_mma_03-07.pdf;;José Dolz-NUEVO CICLO PLANIFICACION HIDROLOGICA MMA 03-07;ok;
documento;/pdfs/Marco_Agua/Jose_Luis_Osuna-PRESENTACION_AGUA_MADRID.pdf;/documentos/pdfs/marco_agua/jose_luis_osuna-presentacion_agua_madrid.pdf;;José Luis Osuna-PRESENTACIÓN AGUA MADRID;ok;
documento;/pdfs/Marco_Agua/Josefina_Maestu-ACE_aplicacion_a_PdMREV2.pdf;/documentos/pdfs/marco_agua/josefina_maestu-ace_aplicacion_a_pdmrev2.pdf;;Josefina Maestu-ACE_aplicacion_a_PdMREV2;ok;
documento;/pdfs/Marco_Agua/Josefina_Maestu-ACE_EU.pdf;/documentos/pdfs/marco_agua/josefina_maestu-ace_eu.pdf;;Josefina Maestu-ACE EU;ok;
documento;/pdfs/Marco_Agua/Josefina_Maestu-CaracteconICCP2007.pdf;/documentos/pdfs/marco_agua/josefina_maestu-caracteconiccp2007.pdf;;Josefina Maestu-CaracteconICCP2007;ok;
documento;/pdfs/Marco_Agua/Juan_Jose_Duran-caracterizacion_mas.jjdv.28marzo2007.pdf;/documentos/pdfs/marco_agua/juan_jose_duran-caracterizacion_mas.jjdv.28marzo2007.pdf;;Juan José Durán-caracterizacion mas.jjdv.28marzo2007;ok;
documento;/pdfs/Marco_Agua/Luis_Garrote.pdf;/documentos/pdfs/marco_agua/luis_garrote.pdf;;Luis Garrote;ok;
documento;/pdfs/Marco_Agua/Manuel_Menendez-presenmenendezobjmeddmared.pdf;/documentos/pdfs/marco_agua/manuel_menendez-presenmenendezobjmeddmared.pdf;;Manuel Menéndez-presenmenendezobjmeddmared;ok;
documento;/pdfs/Marco_Agua/Manuel_Omedas-caminos_2007.pdf;/documentos/pdfs/marco_agua/manuel_omedas-caminos_2007.pdf;;Manuel Omedas-caminos 2007;ok;
documento;/pdfs/Marco_Agua/Manuel_Varela-Planificación_marzo2007.pdf;/documentos/pdfs/marco_agua/manuel_varela-planificacion_marzo2007.pdf;;Manuel Varela-Planificación_marzo2007;ok;
documento;/pdfs/Marco_Agua/Manuel_Varela-Planificaci%C3%B3n_marzo2007.pdf;/documentos/pdfs/marco_agua/manuel_varela-planificacion_marzo2007.pdf;;Manuel Varela-Planificación_marzo2007;ok;Variante codificada de la misma URL
documento;/pdfs/Marco_Agua/Mario_Urrea-ICCP_rev1_impr.pdf;/documentos/pdfs/marco_agua/mario_urrea-iccp_rev1_impr.pdf;;Mario Urrea-ICCP_rev1_impr;ok;
documento;/pdfs/Marco_Agua/MEMORIA.pdf;/documentos/pdfs/marco_agua/memoria.pdf;;MEMORIA.;ok;
documento;/pdfs/Marco_Agua/Miguel_Angel_Bordas-Sistema_de_Informacion_del_Agua_v4.pdf;/documentos/pdfs/marco_agua/miguel_angel_bordas-sistema_de_informacion_del_agua_v4.pdf;;Miguel Ángel Bordas-Sistema de Información del Agua v4;ok;
documento;/pdfs/Marco_Agua/PH_2007-2009.pdf;/documentos/pdfs/marco_agua/ph_2007-2009.pdf;;PH 2007-2009;ok;
documento;/pdfs/Marco_Agua/Presentacion_celesteDMA1.pdf;/documentos/pdfs/marco_agua/presentacion_celestedma1.pdf;;Presentación celeste DMA1;ok;
documento;/pdfs/Marco_Agua/programasmedidas2.pdf;/documentos/pdfs/marco_agua/programasmedidas2.pdf;;programasmedidas2;ok;
documento;/pdfs/Marco_Agua/RD_RPH_CNA_(1).pdf;/documentos/pdfs/marco_agua/rd_rph_cna_-1.pdf;;RD_RPH_CNA;ok;
documento;/pdfs/Marco_Agua/RD_RPH_CNA.pdf;/documentos/pdfs/marco_agua/rd_rph_cna.pdf;;RD_RPH_CNA;ok;
documento;/pdfs/Marco_Agua/RDCAC_A05120-05122.pdf;/documentos/pdfs/marco_agua/rdcac_a05120-05122.pdf;;RDCAC_A05120-05122;ok;
documento;/pdfs/Marco_Agua/RDDEM_A05118-05120.pdf;/documentos/pdfs/marco_agua/rddem_a05118-05120.pdf;;RDDEM_A05118-05120;ok;
documento;/pdfs/Marco_Agua/Reglamento_de_la_Planificación_Hidrológica.pdf;/documentos/pdfs/marco_agua/reglamento_de_la_planificacion_hidrologica.pdf;;Reglamento de la Planificación Hidrológica;ok;
documento;/pdfs/Marco_Agua/Reglamento_de_la_Planificaci%C3%B3n_Hidrol%C3%B3gica.pdf;/documentos/pdfs/marco_agua/reglamento_de_la_planificacion_hidrologica.pdf;;Reglamento de la Planificación Hidrológica;ok;Variante codificada de la misma URL
documento;/pdfs/Marco_Agua/sec_2007_0362_en.pdf;/documentos/pdfs/marco_agua/sec_2007_0362_en.pdf;;sec_2007_0362_en;ok;
documento;/pdfs/Marco_Agua/Staff_Working_Doc_(annexes).doc;/documentos/pdfs/marco_agua/staff_working_doc_-annexes.doc;;Staff Working Doc;ok;
documento;/pdfs/Marco_Agua/Teodoro_Estrela_Monreal-demarcaciones-CAC4.pdf;/documentos/pdfs/marco_agua/teodoro_estrela_monreal-demarcaciones-cac4.pdf;;Teodoro Estrela Monreal-demarcaciones-CAC4;ok;
documento;/pdfs/Marco_Agua/Teodoro_Estrela_Monreal-DMA_Colegio_Caminos_2007_medidas2.pdf;/documentos/pdfs/marco_agua/teodoro_estrela_monreal-dma_colegio_caminos_2007_medidas2.pdf;;Teodoro Estrela Monreal-DMA Colegio Caminos 2007 medidas2;ok;
documento;/pdfs/Marco_Agua/Teodoro_Estrela_Monreal-reglamento-instruccion3.pdf;/documentos/pdfs/marco_agua/teodoro_estrela_monreal-reglamento-instruccion3.pdf;;Teodoro Estrela Monreal-reglamento-instruccion3;ok;
documento;/pdfs/Marco_Agua/Víctor_Arqued-WISE-Aplicación_a_Espana.pdf;/documentos/pdfs/marco_agua/victor_arqued-wise-aplicacion_a_espana.pdf;;Victor Arqued-WISE - Aplicación a España;ok;
documento;/pdfs/Marco_Agua/V%C3%ADctor_Arqued-WISE-Aplicaci%C3%B3n_a_Espana.pdf;/documentos/pdfs/marco_agua/victor_arqued-wise-aplicacion_a_espana.pdf;;Victor Arqued-WISE - Aplicación a España;ok;Variante codificada de la misma URL
documento;/pdfs/Marco_Agua/Vincent_Frey-Colloque-Madrid-mars07.pdf;/documentos/pdfs/marco_agua/vincent_frey-colloque-madrid-mars07.pdf;;Vicent Frey-Colloque-Madrid-mars07;ok;
documento;/pdfs/NextGeneration/cartel.pdf;/documentos/pdfs/nextgeneration/cartel.pdf;;;ok;
documento;/pdfs/NextGeneration/nota_informativa.pdf;/documentos/pdfs/nextgeneration/nota_informativa.pdf;;;ok;
documento;/pdfs/Noticias/2025-11-11_Alerta.pdf;/documentos/pdfs/noticias/2025-11-11_alerta.pdf;;Avisos y recomendaciones;ok;
documento;/pdfs/Noticias/2025-12-12_Alerta.pdf;/documentos/pdfs/noticias/2025-12-12_alerta.pdf;;Avisos y recomendaciones;ok;
documento;/pdfs/Noticias/2026-03-18_Alerta_fenomenos_costeros.pdf;/documentos/pdfs/noticias/2026-03-18_alerta_fenomenos_costeros.pdf;;Alerta Fenómenos Costeros;ok;
documento;/pdfs/Noticias/2026-03-18_Alerta_inundaciones.pdf;/documentos/pdfs/noticias/2026-03-18_alerta_inundaciones.pdf;;Alerta Inundaciones;ok;
documento;/pdfs/Noticias/2026-03-18_Alerta_tormentas.pdf;/documentos/pdfs/noticias/2026-03-18_alerta_tormentas.pdf;;Alerta Tormentas;ok;
documento;/pdfs/Noticias/2026-03-18_Alerta_vientos.pdf;/documentos/pdfs/noticias/2026-03-18_alerta_vientos.pdf;;Alerta Vientos;ok;
documento;/pdfs/Noticias/2026-03-19_Alerta_lluvia.pdf;/documentos/pdfs/noticias/2026-03-19_alerta_lluvia.pdf;;Alerta Lluvia;ok;
documento;/pdfs/Noticias/2026-04-08_Protocolo Borrasca Therese.pdf;/documentos/pdfs/noticias/2026-04-08_protocolo-borrasca-therese.pdf;;Descargar Procedimiento - Borrasca Therese (PDF);ok;
documento;/pdfs/Noticias/2026-04-08_Protocolo%20Borrasca%20Therese.pdf;/documentos/pdfs/noticias/2026-04-08_protocolo-borrasca-therese.pdf;;Descargar Procedimiento - Borrasca Therese (PDF);ok;Variante codificada de la misma URL
documento;/pdfs/Noticias/250715 Fotonoticia reunión Cabildo Gran Canaria.pdf;/documentos/pdfs/noticias/250715-fotonoticia-reunion-cabildo-gran-canaria.pdf;;Noticia de ACUAES;ok;
documento;/pdfs/Noticias/250715%20Fotonoticia%20reuni%C3%B3n%20Cabildo%20Gran%20Canaria.pdf;/documentos/pdfs/noticias/250715-fotonoticia-reunion-cabildo-gran-canaria.pdf;;Noticia de ACUAES;ok;Variante codificada de la misma URL
documento;/pdfs/Noticias/recomendaciones_fenomenos_costeros.pdf;/documentos/pdfs/noticias/recomendaciones_fenomenos_costeros.pdf;;Recomendaciones Fenómenos Meteorológicos;ok;
documento;/pdfs/PlanHidro/20260909_Anexo 1. ETI_DHGC.pdf;/documentos/pdfs/planhidro/20260909_anexo-1.-eti_dhgc.pdf;;ETI Consolidado PHGC4;ok;
documento;/pdfs/PlanHidro/20260909_Anexo%201.%20ETI_DHGC.pdf;/documentos/pdfs/planhidro/20260909_anexo-1.-eti_dhgc.pdf;;ETI Consolidado PHGC4;ok;Variante codificada de la misma URL
documento;/pdfs/PlanHidro/BOC_20190121.pdf;/documentos/pdfs/planhidro/boc_20190121.pdf;;Aprobación Definitiva (25/01/2019);ok;
documento;/pdfs/PlanHidro/BOC-16-01-18.pdf;/documentos/pdfs/planhidro/boc-16-01-18.pdf;;Consulta Pública (16/01/2018);ok;
documento;/pdfs/PlanHidro/BOC-8-8-16.pdf;/documentos/pdfs/planhidro/boc-8-8-16.pdf;;Consulta Pública (08/08/2016);ok;
documento;/pdfs/PlanHidro/boc-a-2015-063-1482.pdf;/documentos/pdfs/planhidro/boc-a-2015-063-1482.pdf;;Aprobación Normas Transitorias (01/04/2015);ok;
documento;/pdfs/PlanHidro/boc-a-2025-028-537.pdf;/documentos/pdfs/planhidro/boc-a-2025-028-537.pdf;;Anuncio del BOC;ok;
documento;/pdfs/PlanHidro/boc-a-2025-150-2773.pdf;/documentos/pdfs/planhidro/boc-a-2025-150-2773.pdf;;Anuncio del BOC;ok;
documento;/pdfs/PlanHidro/DD.II CONSOLIDADOS PHGC4.pdf;/documentos/pdfs/planhidro/dd.ii-consolidados-phgc4.pdf;;DD.II Consolidados PHGC4;ok;
documento;/pdfs/PlanHidro/DD.II%20CONSOLIDADOS%20PHGC4.pdf;/documentos/pdfs/planhidro/dd.ii-consolidados-phgc4.pdf;;DD.II Consolidados PHGC4;ok;Variante codificada de la misma URL
documento;/pdfs/PlanHidro/DeclaracionAmbientalEstrategica.pdf;/documentos/pdfs/planhidro/declaracionambientalestrategica.pdf;;Declaración ambiental estratégica (06/02/2019);ok;
documento;/pdfs/PlanHidro/Decreto_370.2023.pdf;/documentos/pdfs/planhidro/decreto_370.2023.pdf;;Anuncio del BOC: Decreto de aprobación definitiva;ok;
documento;/pdfs/PlanHidro/Directiva_2000.60.CE.pdf;/documentos/pdfs/planhidro/directiva_2000.60.ce.pdf;;Documento completo (532 Kb);ok;
documento;/pdfs/PlanHidro/DocumentoInicial.pdf;/documentos/pdfs/planhidro/documentoinicial.pdf;;Documento Inicial de la Evaluación Ambiental Estratégica - Diciembre 2017;ok;
documento;/pdfs/PlanHidro/EPTI_rev02.pdf;/documentos/pdfs/planhidro/epti_rev02.pdf;;Esquema provisional de temas importantes - Mayo 2016;ok;
documento;/pdfs/PlanHidro/ES120_DDII_Anexo1_Aut_Competentes_v02_00.pdf;/documentos/pdfs/planhidro/es120_ddii_anexo1_aut_competentes_v02_00.pdf;;Anexo I: Autoridades Competentes;ok;
documento;/pdfs/PlanHidro/ES120_DDII_Anexo2_Fichas_Caracterizacion_Adicional_V02_00.pdf;/documentos/pdfs/planhidro/es120_ddii_anexo2_fichas_caracterizacion_adicional_v02_00.pdf;;Anexo II: Fichas Caracterización Masas Agua Subterránea;ok;
documento;/pdfs/PlanHidro/ES120_DDII_Anexo3_UUDD-02_00.pdf;/documentos/pdfs/planhidro/es120_ddii_anexo3_uudd-02_00.pdf;;Anexo III: Unidades de Demanda;ok;
documento;/pdfs/PlanHidro/ES120_DDII_Memoria_V02_00.pdf;/documentos/pdfs/planhidro/es120_ddii_memoria_v02_00.pdf;;Memoria - Diciembre 2024;ok;
documento;/pdfs/PlanHidro/ES120_EACC_Memoria_V03_00.pdf;/documentos/pdfs/planhidro/es120_eacc_memoria_v03_00.pdf;;Memoria - Marzo 2026;ok;
documento;/pdfs/PlanHidro/ES120_EpTI_Memoria-Anexo_03_00.pdf;/documentos/pdfs/planhidro/es120_epti_memoria-anexo_03_00.pdf;;Memoria EpTI - Julio 2025;ok;
documento;/pdfs/PlanHidro/ES120_EsAE_PH_PGRI_Memoria_Fdo.pdf;/documentos/pdfs/planhidro/es120_esae_ph_pgri_memoria_fdo.pdf;;Estudio Ambiental Estratégico - Enero 2023;ok;
documento;/pdfs/PlanHidro/ES120_NormativaV2_firmado.pdf;/documentos/pdfs/planhidro/es120_normativav2_firmado.pdf;;Normativa - Enero 2019;ok;
documento;/pdfs/PlanHidro/ES120_PH_Anexo1_firmado.pdf;/documentos/pdfs/planhidro/es120_ph_anexo1_firmado.pdf;;Anexo 1. Caracterización de las masas de agua;ok;
documento;/pdfs/PlanHidro/ES120_PH_Anexo2_firmado.pdf;/documentos/pdfs/planhidro/es120_ph_anexo2_firmado.pdf;;Anexo 2. Planos del plan y del estudio ambiental estratégico;ok;
documento;/pdfs/PlanHidro/ES120_PH_Anexo3_firmado.pdf;/documentos/pdfs/planhidro/es120_ph_anexo3_firmado.pdf;;Anexo 3. Documento de participación pública y consulta;ok;
documento;/pdfs/PlanHidro/ES120_PH_Anexo4_firmado.pdf;/documentos/pdfs/planhidro/es120_ph_anexo4_firmado.pdf;;Anexo 4. Actualización del plan hidrológico;ok;
documento;/pdfs/PlanHidro/ES120_PH_PP-Memoria-completa.pdf;/documentos/pdfs/planhidro/es120_ph_pp-memoria-completa.pdf;;Memoria - Marzo 2023;ok;
documento;/pdfs/PlanHidro/ES120_PLAN_GC_firmado.pdf;/documentos/pdfs/planhidro/es120_plan_gc_firmado.pdf;;Demarcación hidrogáfica ES120 Gran Canaria;ok;
documento;/pdfs/PlanHidro/ES120-Normativa_3er_ciclo_Completa-AP.pdf;/documentos/pdfs/planhidro/es120-normativa_3er_ciclo_completa-ap.pdf;;Normativa - Marzo 2023;ok;
documento;/pdfs/PlanHidro/ES120 EAE PHGC_firmado.pdf;/documentos/pdfs/planhidro/es120-eae-phgc_firmado.pdf;;Estudio ambiental estratégico - Enero 2019;ok;
documento;/pdfs/PlanHidro/ES120%20EAE%20PHGC_firmado.pdf;/documentos/pdfs/planhidro/es120-eae-phgc_firmado.pdf;;Estudio ambiental estratégico - Enero 2019;ok;Variante codificada de la misma URL
documento;/pdfs/PlanHidro/EsquemaTemasImportantes.pdf;/documentos/pdfs/planhidro/esquematemasimportantes.pdf;;Esquema de Temas Importantes - Diciembre 2017;ok;
documento;/pdfs/PlanHidro/Norm_Adenda.pdf;/documentos/pdfs/planhidro/norm_adenda.pdf;;;ok;
documento;/pdfs/PlanHidro/Norm_Anexos.zip;/documentos/pdfs/planhidro/norm_anexos.zip;;;ok;
documento;/pdfs/PlanHidro/Norm_Artic.pdf;/documentos/pdfs/planhidro/norm_artic.pdf;;;ok;
documento;/pdfs/PlanHidro/Norm_Medidas.pdf;/documentos/pdfs/planhidro/norm_medidas.pdf;;;ok;
documento;/pdfs/PlanHidro/Norm_Planos.zip;/documentos/pdfs/planhidro/norm_planos.zip;;;ok;
documento;/pdfs/PlanHidro/OrdenConjuntafirmada221.pdf;/documentos/pdfs/planhidro/ordenconjuntafirmada221.pdf;;Aprobación Fase Previa;ok;
documento;/pdfs/PlanHidro/PHart47_Anexo.pdf;/documentos/pdfs/planhidro/phart47_anexo.pdf;;;ok;
documento;/pdfs/PlanHidro/PHart47_Balance.pdf;/documentos/pdfs/planhidro/phart47_balance.pdf;;;ok;
documento;/pdfs/PlanHidro/PHart47_MemInfo.pdf;/documentos/pdfs/planhidro/phart47_meminfo.pdf;;;ok;
documento;/pdfs/PlanHidro/PHart47_MemOrd.pdf;/documentos/pdfs/planhidro/phart47_memord.pdf;;;ok;
documento;/pdfs/PlanHidro/PHart47_Particip.pdf;/documentos/pdfs/planhidro/phart47_particip.pdf;;;ok;
documento;/pdfs/PlanHidro/PHart47_PlanosInfo.zip;/documentos/pdfs/planhidro/phart47_planosinfo.zip;;;ok;
documento;/pdfs/PlanHidro/PHGC-DOC-INICIALES-rev01.3.pdf;/documentos/pdfs/planhidro/phgc-doc-iniciales-rev01.3.pdf;;Documentos iniciales de la planificación hidrológica;ok;
documento;/pdfs/PlanHidro/Resumen_INTEGRACION_ASPECTOS_AMB_DOC_ALCANCE_firmado.pdf;/documentos/pdfs/planhidro/resumen_integracion_aspectos_amb_doc_alcance_firmado.pdf;;Resumen de la integración;ok;
documento;/pdfs/Pluviometro/Pluviometria.xls;/documentos/pdfs/pluviometro/pluviometria.xls;;Tabla 1.- Características principles de las estaciones pluviométricas;ok;
documento;/pdfs/Presas/Archivo/COMPROBACIÓN NUMÉRICA PRESA DE AYAGAURES.pdf;/documentos/pdfs/presas/archivo/comprobacion-numerica-presa-de-ayagaures.pdf;;COMPROBACIÓN NUMÉRICA PRESA DE AYAGAURES;ok;
documento;/pdfs/Presas/Archivo/COMPROBACI%C3%93N%20NUM%C3%89RICA%20PRESA%20DE%20AYAGAURES.pdf;/documentos/pdfs/presas/archivo/comprobacion-numerica-presa-de-ayagaures.pdf;;COMPROBACIÓN NUMÉRICA PRESA DE AYAGAURES;ok;Variante codificada de la misma URL
documento;/pdfs/Presas/Archivo/COMPROBACIÓN NUMÉRICA PRESA DE CHIRA.pdf;/documentos/pdfs/presas/archivo/comprobacion-numerica-presa-de-chira.pdf;;COMPROBACIÓN NUMÉRICA PRESA DE CHIRA;ok;
documento;/pdfs/Presas/Archivo/COMPROBACI%C3%93N%20NUM%C3%89RICA%20PRESA%20DE%20CHIRA.pdf;/documentos/pdfs/presas/archivo/comprobacion-numerica-presa-de-chira.pdf;;COMPROBACIÓN NUMÉRICA PRESA DE CHIRA;ok;Variante codificada de la misma URL
documento;/pdfs/Presas/Archivo/COMPROBACIÓN NUMÉRICA PRESA DE FATAGA.pdf;/documentos/pdfs/presas/archivo/comprobacion-numerica-presa-de-fataga.pdf;;COMPROBACIÓN NUMÉRICA PRESA DE FATAGA;ok;
documento;/pdfs/Presas/Archivo/COMPROBACI%C3%93N%20NUM%C3%89RICA%20PRESA%20DE%20FATAGA.pdf;/documentos/pdfs/presas/archivo/comprobacion-numerica-presa-de-fataga.pdf;;COMPROBACIÓN NUMÉRICA PRESA DE FATAGA;ok;Variante codificada de la misma URL
documento;/pdfs/Presas/Archivo/COMPROBACIÓN NUMÉRICA PRESA DE SORIA.pdf;/documentos/pdfs/presas/archivo/comprobacion-numerica-presa-de-soria.pdf;;COMPROBACIÓN NUMÉRICA PRESA DE SORIA;ok;
documento;/pdfs/Presas/Archivo/COMPROBACI%C3%93N%20NUM%C3%89RICA%20PRESA%20DE%20SORIA.pdf;/documentos/pdfs/presas/archivo/comprobacion-numerica-presa-de-soria.pdf;;COMPROBACIÓN NUMÉRICA PRESA DE SORIA;ok;Variante codificada de la misma URL
documento;/pdfs/Presas/Archivo/COMPROBACIÓN NUMÉRICA PRESA EL MULATO.pdf;/documentos/pdfs/presas/archivo/comprobacion-numerica-presa-el-mulato.pdf;;COMPROBACIÓN NUMÉRICA PRESA EL MULATO;ok;
documento;/pdfs/Presas/Archivo/COMPROBACI%C3%93N%20NUM%C3%89RICA%20PRESA%20EL%20MULATO.pdf;/documentos/pdfs/presas/archivo/comprobacion-numerica-presa-el-mulato.pdf;;COMPROBACIÓN NUMÉRICA PRESA EL MULATO;ok;Variante codificada de la misma URL
documento;/pdfs/Presas/Archivo/COMPROBACIÓN NUMÉRICA PRESA EL VAQUERO.pdf;/documentos/pdfs/presas/archivo/comprobacion-numerica-presa-el-vaquero.pdf;;COMPROBACIÓN NUMÉRICA PRESA EL VAQUERO;ok;
documento;/pdfs/Presas/Archivo/COMPROBACI%C3%93N%20NUM%C3%89RICA%20PRESA%20EL%20VAQUERO.pdf;/documentos/pdfs/presas/archivo/comprobacion-numerica-presa-el-vaquero.pdf;;COMPROBACIÓN NUMÉRICA PRESA EL VAQUERO;ok;Variante codificada de la misma URL
documento;/pdfs/Presas/Archivo/COMPROBACIÓN NUMÉRICA PRESA LA CANDELARIA.pdf;/documentos/pdfs/presas/archivo/comprobacion-numerica-presa-la-candelaria.pdf;;COMPROBACIÓN NUMÉRICA PRESA LA CANDELARIA;ok;
documento;/pdfs/Presas/Archivo/COMPROBACI%C3%93N%20NUM%C3%89RICA%20PRESA%20LA%20CANDELARIA.pdf;/documentos/pdfs/presas/archivo/comprobacion-numerica-presa-la-candelaria.pdf;;COMPROBACIÓN NUMÉRICA PRESA LA CANDELARIA;ok;Variante codificada de la misma URL
documento;/pdfs/Presas/Archivo/COMPROBACIÓN NUMÉRICA PRESA LA GAMBUESA.pdf;/documentos/pdfs/presas/archivo/comprobacion-numerica-presa-la-gambuesa.pdf;;COMPROBACIÓN NUMÉRICA PRESA LA GAMBUESA;ok;
documento;/pdfs/Presas/Archivo/COMPROBACI%C3%93N%20NUM%C3%89RICA%20PRESA%20LA%20GAMBUESA.pdf;/documentos/pdfs/presas/archivo/comprobacion-numerica-presa-la-gambuesa.pdf;;COMPROBACIÓN NUMÉRICA PRESA LA GAMBUESA;ok;Variante codificada de la misma URL
documento;/pdfs/Presas/Listado/CentralReversible.pdf;/documentos/pdfs/presas/listado/centralreversible.pdf;;Informe justificativo;ok;
documento;/pdfs/Presas/Listado/CentralreversibleChira-Soria.ppt;/documentos/pdfs/presas/listado/centralreversiblechira-soria.ppt;;Presentación Power Point;ok;
documento;/pdfs/Presas/Listado/DiariodeLasPalmas-Toscon.pdf;/documentos/pdfs/presas/listado/diariodelaspalmas-toscon.pdf;;Descargar pdf con la noticia del Diario de Las Palmas;ok;
documento;/pdfs/Presas/Listado/GrandesPresas.pdf;/documentos/pdfs/presas/listado/grandespresas.pdf;;Fichas de grandes presas de mayo de 2010;ok;
documento;/pdfs/Presas/Listado/LibroPresasdeGranCanaria-2005.pdf;/documentos/pdfs/presas/listado/libropresasdegrancanaria-2005.pdf;;Libro de grandes presas año 2005;ok;
documento;/pdfs/Presas/Listado/PequePresas.pdf;/documentos/pdfs/presas/listado/pequepresas.pdf;;Fichas de presas pequeñas mayo de 2010;ok;
documento;/pdfs/Presas/Volumenes/20210930.pdf;/documentos/pdfs/presas/volumenes/20210930.pdf;;SEPTIEMBRE 2021;ok;
documento;/pdfs/Presas/Volumenes/20211031.pdf;/documentos/pdfs/presas/volumenes/20211031.pdf;;Octubre 2021;ok;
documento;/pdfs/Presas/Volumenes/2023.pdf;/documentos/pdfs/presas/volumenes/2023.pdf;;Lecturas del año 2023 (pdf);ok;
documento;/pdfs/Presas/Volumenes/2024.pdf;/documentos/pdfs/presas/volumenes/2024.pdf;;Lecturas del año 2024 (pdf);ok;
documento;/pdfs/Presas/Volumenes/2025.xlsx;/documentos/pdfs/presas/volumenes/2025.xlsx;;Lecturas del año 2025 (excel);ok;
documento;/pdfs/Presas/Volumenes/2026.xlsx;/documentos/pdfs/presas/volumenes/2026.xlsx;;Lecturas del año 2026 (excel);ok;
documento;/pdfs/Privacidad/1.InformacionProtecciondeDatos.pdf;/documentos/pdfs/privacidad/1.informacionprotecciondedatos.pdf;;Información de Protección de Datos;ok;
documento;/pdfs/Privacidad/2.DerechosProtecciondeDatos.pdf;/documentos/pdfs/privacidad/2.derechosprotecciondedatos.pdf;;Derechos de Proteccion de Datos;ok;
documento;/pdfs/Privacidad/3.RegistrodeActividades.pdf;/documentos/pdfs/privacidad/3.registrodeactividades.pdf;;Registro de Actividades;ok;
documento;/pdfs/Privacidad/4.DelegadoProtecciondeDatos.pdf;/documentos/pdfs/privacidad/4.delegadoprotecciondedatos.pdf;;Delegado de Proteccion de Datos;ok;
documento;/pdfs/RedControl/analisis_quimicos.pdf;/documentos/pdfs/redcontrol/analisis_quimicos.pdf;;Análisis químicos;ok;
documento;/pdfs/RedControl/CotaAgua2009.pdf;/documentos/pdfs/redcontrol/cotaagua2009.pdf;;Evolución de los niveles de agua;ok;
documento;/pdfs/RedControl/PiezometriaporDecada.pdf;/documentos/pdfs/redcontrol/piezometriapordecada.pdf;;Evolución de los niveles medios por décadas;ok;
documento;/pdfs/RedControl/ProfundidadAgua2009.pdf;/documentos/pdfs/redcontrol/profundidadagua2009.pdf;;Profundidades del nivel freático;ok;
documento;/pdfs/Servicios/Depuradora_Jinamar.pdf;/documentos/pdfs/servicios/depuradora_jinamar.pdf;;Costes de Explotación Depuradora de Jinámar (28-03-2019);ok;
documento;/pdfs/Servicios/Nuevo_Precio_Presas.pdf;/documentos/pdfs/servicios/nuevo_precio_presas.pdf;;;ok;
documento;/pdfs/Servicios/OrdenanzasFiscales.pdf;/documentos/pdfs/servicios/ordenanzasfiscales.pdf;;;ok;
documento;/pdfs/Servicios/PreciosAgua_20150323.pdf;/documentos/pdfs/servicios/preciosagua_20150323.pdf;;;ok;
documento;/pdfs/Servicios/PreciosAgua.pdf;/documentos/pdfs/servicios/preciosagua.pdf;;;ok;
documento;/pdfs/Subvenciones/Suvb_Cartel.pdf;/documentos/pdfs/subvenciones/suvb_cartel.pdf;;;ok;
documento;/pdfs/Subvenciones/Suvb_MEMORIA.pdf;/documentos/pdfs/subvenciones/suvb_memoria.pdf;;;ok;
documento;/pdfs/Transparencia/2019_Convenio_Medianias_Ingenio.pdf;/documentos/pdfs/transparencia/2019_convenio_medianias_ingenio.pdf;;;ok;
documento;/pdfs/Transparencia/2019_ConvenioFULPfirmado.pdf;/documentos/pdfs/transparencia/2019_conveniofulpfirmado.pdf;;;ok;
documento;/pdfs/Transparencia/2019_Resolucion_AguaRiego.pdf;/documentos/pdfs/transparencia/2019_resolucion_aguariego.pdf;;;ok;
documento;/pdfs/Transparencia/2019_Subvencion_AguaRiego.pdf;/documentos/pdfs/transparencia/2019_subvencion_aguariego.pdf;;;ok;
documento;/pdfs/Transparencia/2019-acreditacion.pdf;/documentos/pdfs/transparencia/2019-acreditacion.pdf;;Año 2019;ok;
documento;/pdfs/Transparencia/2019-Encomiendas.ods;/documentos/pdfs/transparencia/2019-encomiendas.ods;;;ok;
documento;/pdfs/Transparencia/2019-Encomiendas.xlsx;/documentos/pdfs/transparencia/2019-encomiendas.xlsx;;;ok;
documento;/pdfs/Transparencia/2020_No_convenios.pdf;/documentos/pdfs/transparencia/2020_no_convenios.pdf;;;ok;
documento;/pdfs/Transparencia/2020_Resolucion_AguaRiego.pdf;/documentos/pdfs/transparencia/2020_resolucion_aguariego.pdf;;;ok;
documento;/pdfs/Transparencia/2020_Subvencionn_AguaRiego.pdf;/documentos/pdfs/transparencia/2020_subvencionn_aguariego.pdf;;;ok;
documento;/pdfs/Transparencia/2020-Encomiendas.ods;/documentos/pdfs/transparencia/2020-encomiendas.ods;;;ok;
documento;/pdfs/Transparencia/2020-Encomiendas.xlsx;/documentos/pdfs/transparencia/2020-encomiendas.xlsx;;;ok;
documento;/pdfs/Transparencia/2021_No_convenios.pdf;/documentos/pdfs/transparencia/2021_no_convenios.pdf;;;ok;
documento;/pdfs/Transparencia/2021_PLAN_SUBVENCIONES.pdf;/documentos/pdfs/transparencia/2021_plan_subvenciones.pdf;;;ok;
documento;/pdfs/Transparencia/2021_Subvencion_AguaRiego.pdf;/documentos/pdfs/transparencia/2021_subvencion_aguariego.pdf;;;ok;
documento;/pdfs/Transparencia/2021-Encomiendas.ods;/documentos/pdfs/transparencia/2021-encomiendas.ods;;;ok;
documento;/pdfs/Transparencia/2021-Encomiendas.xlsx;/documentos/pdfs/transparencia/2021-encomiendas.xlsx;;;ok;
documento;/pdfs/Transparencia/2022_PLAN_SUBVENCIONES.pdf;/documentos/pdfs/transparencia/2022_plan_subvenciones.pdf;;;ok;
documento;/pdfs/Transparencia/2022_Subvencion_AguaRiego.pdf;/documentos/pdfs/transparencia/2022_subvencion_aguariego.pdf;;;ok;
documento;/pdfs/Transparencia/2022-Encomiendas.ods;/documentos/pdfs/transparencia/2022-encomiendas.ods;;;ok;
documento;/pdfs/Transparencia/2022-Encomiendas.xlsx;/documentos/pdfs/transparencia/2022-encomiendas.xlsx;;;ok;
documento;/pdfs/Transparencia/2023_PLAN_SUBVENCIONES.pdf;/documentos/pdfs/transparencia/2023_plan_subvenciones.pdf;;;ok;
documento;/pdfs/Transparencia/2023_Subvencion_AguaRiego.ods;/documentos/pdfs/transparencia/2023_subvencion_aguariego.ods;;;ok;
documento;/pdfs/Transparencia/2023_Subvencion_AguaRiego.pdf;/documentos/pdfs/transparencia/2023_subvencion_aguariego.pdf;;;ok;
documento;/pdfs/Transparencia/2023_Subvencion_AguaRiego.xlsx;/documentos/pdfs/transparencia/2023_subvencion_aguariego.xlsx;;;ok;
documento;/pdfs/Transparencia/2023-Encomiendas.ods;/documentos/pdfs/transparencia/2023-encomiendas.ods;;;ok;
documento;/pdfs/Transparencia/2023-Encomiendas.xlsx;/documentos/pdfs/transparencia/2023-encomiendas.xlsx;;;ok;
documento;/pdfs/Transparencia/2024_Concesiones.ods;/documentos/pdfs/transparencia/2024_concesiones.ods;;;ok;
documento;/pdfs/Transparencia/2024_Concesiones.xlsx;/documentos/pdfs/transparencia/2024_concesiones.xlsx;;;ok;
documento;/pdfs/Transparencia/2024_ConvenioULPGCfirmado.pdf;/documentos/pdfs/transparencia/2024_convenioulpgcfirmado.pdf;;;ok;
documento;/pdfs/Transparencia/2024_Subvencion_AguaRiego.ods;/documentos/pdfs/transparencia/2024_subvencion_aguariego.ods;;;ok;
documento;/pdfs/Transparencia/2024_Subvencion_AguaRiego.pdf;/documentos/pdfs/transparencia/2024_subvencion_aguariego.pdf;;;ok;
documento;/pdfs/Transparencia/2024_Subvencion_AguaRiego.xlsx;/documentos/pdfs/transparencia/2024_subvencion_aguariego.xlsx;;;ok;
documento;/pdfs/Transparencia/2024-Convenio_PERTE_BOC.pdf;/documentos/pdfs/transparencia/2024-convenio_perte_boc.pdf;;;ok;
documento;/pdfs/Transparencia/2024-Encomiendas.ods;/documentos/pdfs/transparencia/2024-encomiendas.ods;;;ok;
documento;/pdfs/Transparencia/2024-Encomiendas.xlsx;/documentos/pdfs/transparencia/2024-encomiendas.xlsx;;;ok;
documento;/pdfs/Transparencia/2024-Modificados.ods;/documentos/pdfs/transparencia/2024-modificados.ods;;;ok;
documento;/pdfs/Transparencia/2024-Modificados.xlsx;/documentos/pdfs/transparencia/2024-modificados.xlsx;;;ok;
documento;/pdfs/Transparencia/20241018 RPT CIAGC 2024.ods;;;;no existe en origen (300);
documento;/pdfs/Transparencia/20241018%20RPT%20CIAGC%202024.ods;;;;no existe en origen (300);Variante codificada de la misma URL
documento;/pdfs/Transparencia/20241018 RPT CIAGC 2024.pdf;/documentos/pdfs/transparencia/20241018-rpt-ciagc-2024.pdf;;;ok;
documento;/pdfs/Transparencia/20241018%20RPT%20CIAGC%202024.pdf;/documentos/pdfs/transparencia/20241018-rpt-ciagc-2024.pdf;;;ok;Variante codificada de la misma URL
documento;/pdfs/Transparencia/20241018 RPT CIAGC 2024.txt;/documentos/pdfs/transparencia/20241018-rpt-ciagc-2024.txt;;;ok;
documento;/pdfs/Transparencia/20241018%20RPT%20CIAGC%202024.txt;/documentos/pdfs/transparencia/20241018-rpt-ciagc-2024.txt;;;ok;Variante codificada de la misma URL
documento;/pdfs/Transparencia/20241018 RPT CIAGC 2024.xlsx;;;;no existe en origen (300);
documento;/pdfs/Transparencia/20241018%20RPT%20CIAGC%202024.xlsx;;;;no existe en origen (300);Variante codificada de la misma URL
documento;/pdfs/Transparencia/acceso.pdf;/documentos/pdfs/transparencia/acceso.pdf;;Solicitud de acceso a la información;ok;
documento;/pdfs/Transparencia/actividades_economicas_2023.ods;;;;no existe en origen (404);
documento;/pdfs/Transparencia/actividades_economicas_2023.pdf;;;;no existe en origen (404);
documento;/pdfs/Transparencia/actividades_economicas_2023.xlsx;;;;no existe en origen (404);
documento;/pdfs/Transparencia/actividades_economicas_2024.ods;;;;no existe en origen (404);
documento;/pdfs/Transparencia/actividades_economicas_2024.xlsx;;;;no existe en origen (404);
documento;/pdfs/Transparencia/arrendamiento_inmuebles_2023.ods;;;;no existe en origen (404);
documento;/pdfs/Transparencia/arrendamiento_inmuebles_2023.xlsx;;;;no existe en origen (404);
documento;/pdfs/Transparencia/Auditoria_cuentas_2023.ods;;;;no existe en origen (404);
documento;/pdfs/Transparencia/Auditoria_cuentas_2023.xlsx;;;;no existe en origen (404);
documento;/pdfs/Transparencia/Auxilios2019_Resolucion.pdf;/documentos/pdfs/transparencia/auxilios2019_resolucion.pdf;;;ok;
documento;/pdfs/Transparencia/Auxilios2019.pdf;/documentos/pdfs/transparencia/auxilios2019.pdf;;;ok;
documento;/pdfs/Transparencia/Auxilios2020.pdf;/documentos/pdfs/transparencia/auxilios2020.pdf;;;ok;
documento;/pdfs/Transparencia/Balance-2023.ods;/documentos/pdfs/transparencia/balance-2023.ods;;;ok;
documento;/pdfs/Transparencia/Balance-2023.pdf;;;;no existe en origen (300);
documento;/pdfs/Transparencia/Balance-2023.xlsx;/documentos/pdfs/transparencia/balance-2023.xlsx;;;ok;
documento;/pdfs/Transparencia/Bases_Convocatoria.pdf;/documentos/pdfs/transparencia/bases_convocatoria.pdf;;;ok;
documento;/pdfs/Transparencia/boc-a-2024-259-4424.pdf;/documentos/pdfs/transparencia/boc-a-2024-259-4424.pdf;;;ok;
documento;/pdfs/Transparencia/BOE-A-1999-23750-consolidado.pdf;/documentos/pdfs/transparencia/boe-a-1999-23750-consolidado.pdf;;Ley Orgánica 15/1999, de 13 de diciembre, de Protección de Datos de Carácter Personal.;ok;
documento;/pdfs/Transparencia/BOE-A-2013-12887.pdf;/documentos/pdfs/transparencia/boe-a-2013-12887.pdf;;Ley 19/2013, de 9 de diciembre, de transparencia, acceso a la información pública y buen gobierno.;ok;
documento;/pdfs/Transparencia/BOE-A-2015-10565-consolidado.pdf;/documentos/pdfs/transparencia/boe-a-2015-10565-consolidado.pdf;;Ley 39/2015, de 1 de octubre, del Procedimiento Administrativo Común de las Administraciones Públicas.;ok;
documento;/pdfs/Transparencia/Contratos_2018.ods;/documentos/pdfs/transparencia/contratos_2018.ods;;;ok;
documento;/pdfs/Transparencia/Contratos_2018.xlsx;/documentos/pdfs/transparencia/contratos_2018.xlsx;;;ok;
documento;/pdfs/Transparencia/Contratos_2019.ods;/documentos/pdfs/transparencia/contratos_2019.ods;;;ok;
documento;/pdfs/Transparencia/Contratos_2019.xlsx;/documentos/pdfs/transparencia/contratos_2019.xlsx;;;ok;
documento;/pdfs/Transparencia/Contratos_2020.ods;/documentos/pdfs/transparencia/contratos_2020.ods;;;ok;
documento;/pdfs/Transparencia/Contratos_2020.xlsx;/documentos/pdfs/transparencia/contratos_2020.xlsx;;;ok;
documento;/pdfs/Transparencia/Contratos_2021.ods;/documentos/pdfs/transparencia/contratos_2021.ods;;;ok;
documento;/pdfs/Transparencia/Contratos_2021.xlsx;/documentos/pdfs/transparencia/contratos_2021.xlsx;;;ok;
documento;/pdfs/Transparencia/Contratos_2022.ods;/documentos/pdfs/transparencia/contratos_2022.ods;;;ok;
documento;/pdfs/Transparencia/Contratos_2022.xlsx;/documentos/pdfs/transparencia/contratos_2022.xlsx;;;ok;
documento;/pdfs/Transparencia/Contratos_2023.ods;/documentos/pdfs/transparencia/contratos_2023.ods;;;ok;
documento;/pdfs/Transparencia/Contratos_2023.xlsx;/documentos/pdfs/transparencia/contratos_2023.xlsx;;;ok;
documento;/pdfs/Transparencia/Contratos_2024.ods;/documentos/pdfs/transparencia/contratos_2024.ods;;;ok;
documento;/pdfs/Transparencia/Contratos_2024.xlsx;/documentos/pdfs/transparencia/contratos_2024.xlsx;;;ok;
documento;/pdfs/Transparencia/Contratos_Menores_2021.ods;/documentos/pdfs/transparencia/contratos_menores_2021.ods;;;ok;
documento;/pdfs/Transparencia/Contratos_Menores_2021.xlsx;/documentos/pdfs/transparencia/contratos_menores_2021.xlsx;;;ok;
documento;/pdfs/Transparencia/Contratos_Menores_2022.ods;/documentos/pdfs/transparencia/contratos_menores_2022.ods;;;ok;
documento;/pdfs/Transparencia/Contratos_Menores_2022.xlsx;/documentos/pdfs/transparencia/contratos_menores_2022.xlsx;;;ok;
documento;/pdfs/Transparencia/Contratos_Menores_2023.ods;/documentos/pdfs/transparencia/contratos_menores_2023.ods;;;ok;
documento;/pdfs/Transparencia/Contratos_Menores_2023.xlsx;/documentos/pdfs/transparencia/contratos_menores_2023.xlsx;;;ok;
documento;/pdfs/Transparencia/Contratos_Menores_2024.ods;/documentos/pdfs/transparencia/contratos_menores_2024.ods;;;ok;
documento;/pdfs/Transparencia/Contratos_Menores_2024.xlsx;/documentos/pdfs/transparencia/contratos_menores_2024.xlsx;;;ok;
documento;/pdfs/Transparencia/ContratosAbiertos_2019.ods;/documentos/pdfs/transparencia/contratosabiertos_2019.ods;;;ok;
documento;/pdfs/Transparencia/ContratosAbiertos_2019.xlsx;/documentos/pdfs/transparencia/contratosabiertos_2019.xlsx;;;ok;
documento;/pdfs/Transparencia/ContratosAbiertos_2020.ods;/documentos/pdfs/transparencia/contratosabiertos_2020.ods;;;ok;
documento;/pdfs/Transparencia/ContratosAbiertos_2020.xlsx;/documentos/pdfs/transparencia/contratosabiertos_2020.xlsx;;;ok;
documento;/pdfs/Transparencia/Convenios_2023.ods;/documentos/pdfs/transparencia/convenios_2023.ods;;;ok;
documento;/pdfs/Transparencia/Convenios_2023.xlsx;/documentos/pdfs/transparencia/convenios_2023.xlsx;;;ok;
documento;/pdfs/Transparencia/ConvenioULPGCfirmado.pdf;/documentos/pdfs/transparencia/convenioulpgcfirmado.pdf;;;ok;
documento;/pdfs/Transparencia/Cuentas_Anuales_2023.ods;/documentos/pdfs/transparencia/cuentas_anuales_2023.ods;;;ok;
documento;/pdfs/Transparencia/Cuentas_Anuales_2023.pdf;;;;no existe en origen (300);
documento;/pdfs/Transparencia/Cuentas_Anuales_2023.xlsx;/documentos/pdfs/transparencia/cuentas_anuales_2023.xlsx;;;ok;
documento;/pdfs/Transparencia/Cuentas_Anuales_2024.ods;/documentos/pdfs/transparencia/cuentas_anuales_2024.ods;;;ok;
documento;/pdfs/Transparencia/Cuentas_Anuales_2024.pdf;/documentos/pdfs/transparencia/cuentas_anuales_2024.pdf;;;ok;
documento;/pdfs/Transparencia/Cuentas_Anuales_2024.xlsx;/documentos/pdfs/transparencia/cuentas_anuales_2024.xlsx;;;ok;
documento;/pdfs/Transparencia/Departamentos.docx;/documentos/pdfs/transparencia/departamentos.docx;;;ok;
documento;/pdfs/Transparencia/Departamentos.odt;/documentos/pdfs/transparencia/departamentos.odt;;;ok;
documento;/pdfs/Transparencia/Departamentos.pdf;/documentos/pdfs/transparencia/departamentos.pdf;;;ok;
documento;/pdfs/Transparencia/Departamentos.txt;/documentos/pdfs/transparencia/departamentos.txt;;;ok;
documento;/pdfs/Transparencia/Dotacion_plantilla_2023.ods;/documentos/pdfs/transparencia/dotacion_plantilla_2023.ods;;;ok;
documento;/pdfs/Transparencia/Dotacion_plantilla_2023.pdf;/documentos/pdfs/transparencia/dotacion_plantilla_2023.pdf;;;ok;
documento;/pdfs/Transparencia/Dotacion_plantilla_2023.xlsx;/documentos/pdfs/transparencia/dotacion_plantilla_2023.xlsx;;;ok;
documento;/pdfs/Transparencia/Dotacion_plantilla_2024.ods;/documentos/pdfs/transparencia/dotacion_plantilla_2024.ods;;;ok;
documento;/pdfs/Transparencia/Dotacion_plantilla_2024.pdf;/documentos/pdfs/transparencia/dotacion_plantilla_2024.pdf;;;ok;
documento;/pdfs/Transparencia/Dotacion_plantilla_2024.xlsx;/documentos/pdfs/transparencia/dotacion_plantilla_2024.xlsx;;;ok;
documento;/pdfs/Transparencia/Ejecucion_trimestral_2023.ods;/documentos/pdfs/transparencia/ejecucion_trimestral_2023.ods;;;ok;
documento;/pdfs/Transparencia/Ejecucion_trimestral_2023.pdf;/documentos/pdfs/transparencia/ejecucion_trimestral_2023.pdf;;;ok;
documento;/pdfs/Transparencia/Ejecucion_trimestral_2023.xlsx;/documentos/pdfs/transparencia/ejecucion_trimestral_2023.xlsx;;;ok;
documento;/pdfs/Transparencia/Ejecucion_trimestral_2024.ods;/documentos/pdfs/transparencia/ejecucion_trimestral_2024.ods;;;ok;
documento;/pdfs/Transparencia/Ejecucion_trimestral_2024.pdf;/documentos/pdfs/transparencia/ejecucion_trimestral_2024.pdf;;;ok;
documento;/pdfs/Transparencia/Ejecucion_trimestral_2024.xlsx;/documentos/pdfs/transparencia/ejecucion_trimestral_2024.xlsx;;;ok;
documento;/pdfs/Transparencia/Gastos_plurianuales_Reajuste.pdf;/documentos/pdfs/transparencia/gastos_plurianuales_reajuste.pdf;;;ok;
documento;/pdfs/Transparencia/Gastos_plurianuales.pdf;/documentos/pdfs/transparencia/gastos_plurianuales.pdf;;;ok;
documento;/pdfs/Transparencia/Informe_Anual_2017.pdf;/documentos/pdfs/transparencia/informe_anual_2017.pdf;;Año 2017;ok;
documento;/pdfs/Transparencia/Informe_Anual_2018.pdf;/documentos/pdfs/transparencia/informe_anual_2018.pdf;;Año 2018;ok;
documento;/pdfs/Transparencia/ley_8_2015.pdf;/documentos/pdfs/transparencia/ley_8_2015.pdf;;Ley 8/2015, de 1 de abril, de Cabildos Insulares.;ok;
documento;/pdfs/Transparencia/ley_canaria.pdf;/documentos/pdfs/transparencia/ley_canaria.pdf;;Ley 12/2014, de 26 de diciembre, de transparencia y de acceso a la información pública, del Gobierno de Canarias.;ok;
documento;/pdfs/Transparencia/Liquidacion_presupuesto_2020.pdf;/documentos/pdfs/transparencia/liquidacion_presupuesto_2020.pdf;;;ok;
documento;/pdfs/Transparencia/Liquidacion_presupuesto_2021.pdf;/documentos/pdfs/transparencia/liquidacion_presupuesto_2021.pdf;;;ok;
documento;/pdfs/Transparencia/Liquidacion-ppto-2023.ods;;;;no existe en origen (300);
documento;/pdfs/Transparencia/Liquidacion-ppto-2023.pdf;/documentos/pdfs/transparencia/liquidacion-ppto-2023.pdf;;;ok;
documento;/pdfs/Transparencia/Liquidacion-ppto-2023.xlsx;;;;no existe en origen (300);
documento;/pdfs/Transparencia/Liquidacion-ppto-2024.ods;/documentos/pdfs/transparencia/liquidacion-ppto-2024.ods;;;ok;
documento;/pdfs/Transparencia/Liquidacion-ppto-2024.pdf;/documentos/pdfs/transparencia/liquidacion-ppto-2024.pdf;;;ok;
documento;/pdfs/Transparencia/Liquidacion-ppto-2024.xlsx;/documentos/pdfs/transparencia/liquidacion-ppto-2024.xlsx;;;ok;
documento;/pdfs/Transparencia/LiquidacionPresupuesto2019.pdf;/documentos/pdfs/transparencia/liquidacionpresupuesto2019.pdf;;;ok;
documento;/pdfs/Transparencia/Mesa_Contratacion_DIC_2021.pdf;/documentos/pdfs/transparencia/mesa_contratacion_dic_2021.pdf;;;ok;
documento;/pdfs/Transparencia/Mesa_Contratacion_ENE_2022.pdf;/documentos/pdfs/transparencia/mesa_contratacion_ene_2022.pdf;;;ok;
documento;/pdfs/Transparencia/Mesa-20180912.pdf;/documentos/pdfs/transparencia/mesa-20180912.pdf;;;ok;
documento;/pdfs/Transparencia/Mesa-20200720.pdf;/documentos/pdfs/transparencia/mesa-20200720.pdf;;;ok;
documento;/pdfs/Transparencia/Mesa-20200722.pdf;/documentos/pdfs/transparencia/mesa-20200722.pdf;;;ok;
documento;/pdfs/Transparencia/Mesa-20210126.pdf;/documentos/pdfs/transparencia/mesa-20210126.pdf;;;ok;
documento;/pdfs/Transparencia/Mesa-20240131.docx;;;;no existe en origen (300);
documento;/pdfs/Transparencia/Mesa-20240131.odt;;;;no existe en origen (300);
documento;/pdfs/Transparencia/Mesa-20240131.pdf;/documentos/pdfs/transparencia/mesa-20240131.pdf;;;ok;
documento;/pdfs/Transparencia/Mesa-20240131.txt;/documentos/pdfs/transparencia/mesa-20240131.txt;;;ok;
documento;/pdfs/Transparencia/Modificaciones_presupuestarias_2023.ods;;;;no existe en origen (404);
documento;/pdfs/Transparencia/Modificaciones_presupuestarias_2023.pdf;;;;no existe en origen (404);
documento;/pdfs/Transparencia/Modificaciones_presupuestarias_2023.xlsx;;;;no existe en origen (404);
documento;/pdfs/Transparencia/Modificaciones_presupuestarias_2024.ods;/documentos/pdfs/transparencia/modificaciones_presupuestarias_2024.ods;;;ok;
documento;/pdfs/Transparencia/Modificaciones_presupuestarias_2024.xlsx;/documentos/pdfs/transparencia/modificaciones_presupuestarias_2024.xlsx;;;ok;
documento;/pdfs/Transparencia/Movimiento-Tesoreria-2023.ods;/documentos/pdfs/transparencia/movimiento-tesoreria-2023.ods;;;ok;
documento;/pdfs/Transparencia/Movimiento-Tesoreria-2023.pdf;;;;no existe en origen (300);
documento;/pdfs/Transparencia/Movimiento-Tesoreria-2023.xlsx;/documentos/pdfs/transparencia/movimiento-tesoreria-2023.xlsx;;;ok;
documento;/pdfs/Transparencia/Movimiento-Tesoreria-2024.ods;/documentos/pdfs/transparencia/movimiento-tesoreria-2024.ods;;;ok;
documento;/pdfs/Transparencia/Movimiento-Tesoreria-2024.pdf;/documentos/pdfs/transparencia/movimiento-tesoreria-2024.pdf;;;ok;
documento;/pdfs/Transparencia/Movimiento-Tesoreria-2024.xlsx;/documentos/pdfs/transparencia/movimiento-tesoreria-2024.xlsx;;;ok;
documento;/pdfs/Transparencia/Nombramiento_Gerente.pdf;/documentos/pdfs/transparencia/nombramiento_gerente.pdf;;Anexo: Nombramiento;ok;
documento;/pdfs/Transparencia/Nombramiento_Presidente.pdf;/documentos/pdfs/transparencia/nombramiento_presidente.pdf;;Anexo: Nombramiento;ok;
documento;/pdfs/Transparencia/Nombramiento_Vicepresidente.pdf;/documentos/pdfs/transparencia/nombramiento_vicepresidente.pdf;;Anexo: Nombramiento;ok;
documento;/pdfs/Transparencia/Obras_2017.pdf;/documentos/pdfs/transparencia/obras_2017.pdf;;;ok;
documento;/pdfs/Transparencia/Obras_2018.ods;/documentos/pdfs/transparencia/obras_2018.ods;;;ok;
documento;/pdfs/Transparencia/Obras_2018.xlsx;/documentos/pdfs/transparencia/obras_2018.xlsx;;;ok;
documento;/pdfs/Transparencia/Obras_2019.ods;/documentos/pdfs/transparencia/obras_2019.ods;;;ok;
documento;/pdfs/Transparencia/Obras_2019.xlsx;/documentos/pdfs/transparencia/obras_2019.xlsx;;;ok;
documento;/pdfs/Transparencia/Obras_2020.ods;/documentos/pdfs/transparencia/obras_2020.ods;;;ok;
documento;/pdfs/Transparencia/Obras_2020.xlsx;/documentos/pdfs/transparencia/obras_2020.xlsx;;;ok;
documento;/pdfs/Transparencia/Obras_2021.ods;/documentos/pdfs/transparencia/obras_2021.ods;;;ok;
documento;/pdfs/Transparencia/Obras_2021.xlsx;/documentos/pdfs/transparencia/obras_2021.xlsx;;;ok;
documento;/pdfs/Transparencia/Obras_2022.ods;/documentos/pdfs/transparencia/obras_2022.ods;;;ok;
documento;/pdfs/Transparencia/Obras_2022.xlsx;/documentos/pdfs/transparencia/obras_2022.xlsx;;;ok;
documento;/pdfs/Transparencia/Obras_2023.ods;/documentos/pdfs/transparencia/obras_2023.ods;;;ok;
documento;/pdfs/Transparencia/Obras_2023.xlsx;/documentos/pdfs/transparencia/obras_2023.xlsx;;;ok;
documento;/pdfs/Transparencia/Obras_2024.ods;/documentos/pdfs/transparencia/obras_2024.ods;;;ok;
documento;/pdfs/Transparencia/Obras_2024.xlsx;/documentos/pdfs/transparencia/obras_2024.xlsx;;;ok;
documento;/pdfs/Transparencia/Ordenanza_Transparencia_Cabildo.pdf;/documentos/pdfs/transparencia/ordenanza_transparencia_cabildo.pdf;;Ordenanza de Transparencia, acceso a la información pública y reutilización del Cabildo de Gran Canaria.;ok;
documento;/pdfs/Transparencia/PATRIMONIO.ods;/documentos/pdfs/transparencia/patrimonio.ods;;;ok;
documento;/pdfs/Transparencia/PATRIMONIO.xlsx;/documentos/pdfs/transparencia/patrimonio.xlsx;;;ok;
documento;/pdfs/Transparencia/Presupuesto_2018.pdf;/documentos/pdfs/transparencia/presupuesto_2018.pdf;;;ok;
documento;/pdfs/Transparencia/Presupuesto_2019.ods;/documentos/pdfs/transparencia/presupuesto_2019.ods;;;ok;
documento;/pdfs/Transparencia/Presupuesto_2019.pdf;;;;no existe en origen (300);
documento;/pdfs/Transparencia/Presupuesto_2019.xlsx;/documentos/pdfs/transparencia/presupuesto_2019.xlsx;;;ok;
documento;/pdfs/Transparencia/Presupuesto_2020.ods;/documentos/pdfs/transparencia/presupuesto_2020.ods;;;ok;
documento;/pdfs/Transparencia/Presupuesto_2020.pdf;/documentos/pdfs/transparencia/presupuesto_2020.pdf;;;ok;
documento;/pdfs/Transparencia/Presupuesto_2020.xlsx;/documentos/pdfs/transparencia/presupuesto_2020.xlsx;;;ok;
documento;/pdfs/Transparencia/Presupuesto_2021.ods;/documentos/pdfs/transparencia/presupuesto_2021.ods;;;ok;
documento;/pdfs/Transparencia/Presupuesto_2021.pdf;/documentos/pdfs/transparencia/presupuesto_2021.pdf;;;ok;
documento;/pdfs/Transparencia/Presupuesto_2021.xlsx;/documentos/pdfs/transparencia/presupuesto_2021.xlsx;;;ok;
documento;/pdfs/Transparencia/Presupuesto_2022.pdf;/documentos/pdfs/transparencia/presupuesto_2022.pdf;;;ok;
documento;/pdfs/Transparencia/Presupuesto_2023.pdf;/documentos/pdfs/transparencia/presupuesto_2023.pdf;;;ok;
documento;/pdfs/Transparencia/Presupuesto_2024.pdf;/documentos/pdfs/transparencia/presupuesto_2024.pdf;;;ok;
documento;/pdfs/Transparencia/Presupuesto_2025.pdf;/documentos/pdfs/transparencia/presupuesto_2025.pdf;;;ok;
documento;/pdfs/Transparencia/Presupuesto_Completo_ 2019.pdf;/documentos/pdfs/transparencia/presupuesto_completo_-2019.pdf;;;ok;
documento;/pdfs/Transparencia/Presupuesto_Completo_%202019.pdf;/documentos/pdfs/transparencia/presupuesto_completo_-2019.pdf;;;ok;Variante codificada de la misma URL
documento;/pdfs/Transparencia/Presupuesto_Completo_ 2020.pdf;/documentos/pdfs/transparencia/presupuesto_completo_-2020.pdf;;;ok;
documento;/pdfs/Transparencia/Presupuesto_Completo_%202020.pdf;/documentos/pdfs/transparencia/presupuesto_completo_-2020.pdf;;;ok;Variante codificada de la misma URL
documento;/pdfs/Transparencia/Presupuesto_Completo_ 2021.pdf;/documentos/pdfs/transparencia/presupuesto_completo_-2021.pdf;;;ok;
documento;/pdfs/Transparencia/Presupuesto_Completo_%202021.pdf;/documentos/pdfs/transparencia/presupuesto_completo_-2021.pdf;;;ok;Variante codificada de la misma URL
documento;/pdfs/Transparencia/Presupuesto_Completo_ 2022.pdf;/documentos/pdfs/transparencia/presupuesto_completo_-2022.pdf;;;ok;
documento;/pdfs/Transparencia/Presupuesto_Completo_%202022.pdf;/documentos/pdfs/transparencia/presupuesto_completo_-2022.pdf;;;ok;Variante codificada de la misma URL
documento;/pdfs/Transparencia/Presupuesto_Completo_2023.pdf;/documentos/pdfs/transparencia/presupuesto_completo_2023.pdf;;;ok;
documento;/pdfs/Transparencia/Presupuesto_Completo_2024.pdf;/documentos/pdfs/transparencia/presupuesto_completo_2024.pdf;;;ok;
documento;/pdfs/Transparencia/Presupuesto_Completo_2025.pdf;/documentos/pdfs/transparencia/presupuesto_completo_2025.pdf;;;ok;
documento;/pdfs/Transparencia/Presupuesto_Detallado_2024.ods;;;;no existe en origen (300);
documento;/pdfs/Transparencia/Presupuesto_Detallado_2024.pdf;/documentos/pdfs/transparencia/presupuesto_detallado_2024.pdf;;;ok;
documento;/pdfs/Transparencia/Presupuesto_Detallado_2024.xlsx;;;;no existe en origen (300);
documento;/pdfs/Transparencia/Publicidad_propaganda_2024.ods;/documentos/pdfs/transparencia/publicidad_propaganda_2024.ods;;;ok;
documento;/pdfs/Transparencia/Publicidad_propaganda_2024.xls;/documentos/pdfs/transparencia/publicidad_propaganda_2024.xls;;;ok;
documento;/pdfs/Transparencia/puntuacion_2020.pdf;/documentos/pdfs/transparencia/puntuacion_2020.pdf;;Año 2020;ok;
documento;/pdfs/Transparencia/puntuacion_2021.pdf;/documentos/pdfs/transparencia/puntuacion_2021.pdf;;Año 2021;ok;
documento;/pdfs/Transparencia/puntuacion_2022.pdf;/documentos/pdfs/transparencia/puntuacion_2022.pdf;;Año 2022;ok;
documento;/pdfs/Transparencia/RendicionCuenta2019.pdf;/documentos/pdfs/transparencia/rendicioncuenta2019.pdf;;;ok;
documento;/pdfs/Transparencia/RendicionCuenta2020.pdf;/documentos/pdfs/transparencia/rendicioncuenta2020.pdf;;;ok;
documento;/pdfs/Transparencia/RendicionCuentaPendiente2021.pdf;/documentos/pdfs/transparencia/rendicioncuentapendiente2021.pdf;;;ok;
documento;/pdfs/Transparencia/Resolucion_BECU2024_Agricultura.pdf;/documentos/pdfs/transparencia/resolucion_becu2024_agricultura.pdf;;;ok;
documento;/pdfs/Transparencia/RPT_2018_Funcionarios.ods;/documentos/pdfs/transparencia/rpt_2018_funcionarios.ods;;;ok;
documento;/pdfs/Transparencia/RPT_2018_Funcionarios.txt;/documentos/pdfs/transparencia/rpt_2018_funcionarios.txt;;;ok;
documento;/pdfs/Transparencia/RPT_2018_Funcionarios.xlsx;/documentos/pdfs/transparencia/rpt_2018_funcionarios.xlsx;;;ok;
documento;/pdfs/Transparencia/RPT_2018_Laborales.ods;/documentos/pdfs/transparencia/rpt_2018_laborales.ods;;;ok;
documento;/pdfs/Transparencia/RPT_2018_Laborales.txt;/documentos/pdfs/transparencia/rpt_2018_laborales.txt;;;ok;
documento;/pdfs/Transparencia/RPT_2018_Laborales.xlsx;/documentos/pdfs/transparencia/rpt_2018_laborales.xlsx;;;ok;
documento;/pdfs/Transparencia/RPT_CIAGC_2023_ConNombres.ods;/documentos/pdfs/transparencia/rpt_ciagc_2023_connombres.ods;;;ok;
documento;/pdfs/Transparencia/RPT_CIAGC_2023_ConNombres.xlsx;/documentos/pdfs/transparencia/rpt_ciagc_2023_connombres.xlsx;;;ok;
documento;/pdfs/Transparencia/RPT_CIAGC_2023.pdf;/documentos/pdfs/transparencia/rpt_ciagc_2023.pdf;;;ok;
documento;/pdfs/Transparencia/Subvenciones.pdf;/documentos/pdfs/transparencia/subvenciones.pdf;;;ok;
documento;/pdfs/Transparencia/Vehiculos.pdf;/documentos/pdfs/transparencia/vehiculos.pdf;;;ok;
documento;/presas/Presas.kmz;/documentos/presas/presas.kmz;;MAPA DE PRESAS;ok;
documento;/programas/estaciones_pluviometricas.zip;/documentos/programas/estaciones_pluviometricas.zip;;aquí;ok;
documento;/programas/reddecontrol.rar;/documentos/programas/reddecontrol.rar;;Ver red de control y resultados en Google Earth;ok;
documento;/public.pdf;;;;no existe en origen (404);
documento;/servicios/legislacion/canarias/55-2006_Instrumentos_de_ordenacion.pdf;/documentos/servicios/legislacion/canarias/55-2006_instrumentos_de_ordenacion.pdf;;;ok;
documento;/servicios/legislacion/canarias/Leg_Decreto_num_147-2007_de_24_mayo_LCAN_2007_297.rtf;/documentos/servicios/legislacion/canarias/leg_decreto_num_147-2007_de_24_mayo_lcan_2007_297.rtf;;;ok;
documento;/servicios/legislacion/canarias/LEGISLACIÓN_BÁSICA.doc;/documentos/servicios/legislacion/canarias/legislacion_basica.doc;;LEGISLACIÓN BÁSICA.doc;ok;
documento;/servicios/legislacion/canarias/LEGISLACI%C3%93N_B%C3%81SICA.doc;/documentos/servicios/legislacion/canarias/legislacion_basica.doc;;LEGISLACIÓN BÁSICA.doc;ok;Variante codificada de la misma URL
documento;/servicios/legislacion/españa/2010-07_RD_Evaluacion_riesgos_inundacion.pdf;/documentos/servicios/legislacion/espana/2010-07_rd_evaluacion_riesgos_inundacion.pdf;;;ok;
documento;/servicios/legislacion/espa%C3%B1a/2010-07_RD_Evaluacion_riesgos_inundacion.pdf;/documentos/servicios/legislacion/espana/2010-07_rd_evaluacion_riesgos_inundacion.pdf;;;ok;Variante codificada de la misma URL
documento;/servicios/legislacion/españa/BOE-A-2009-16772.pdf;/documentos/servicios/legislacion/espana/boe-a-2009-16772.pdf;;BOE-A-2009-16772.pdf;ok;
documento;/servicios/legislacion/espa%C3%B1a/BOE-A-2009-16772.pdf;/documentos/servicios/legislacion/espana/boe-a-2009-16772.pdf;;BOE-A-2009-16772.pdf;ok;Variante codificada de la misma URL
documento;/servicios/legislacion/españa/BOE-A-2013-9775_Reglamento_DPH_6-09-2013.pdf;/documentos/servicios/legislacion/espana/boe-a-2013-9775_reglamento_dph_6-09-2013.pdf;;;ok;
documento;/servicios/legislacion/espa%C3%B1a/BOE-A-2013-9775_Reglamento_DPH_6-09-2013.pdf;/documentos/servicios/legislacion/espana/boe-a-2013-9775_reglamento_dph_6-09-2013.pdf;;;ok;Variante codificada de la misma URL
documento;/servicios/legislacion/españa/Reglamento_Estatal_Valoración_daños.pdf;/documentos/servicios/legislacion/espana/reglamento_estatal_valoracion_danos.pdf;;;ok;
documento;/servicios/legislacion/espa%C3%B1a/Reglamento_Estatal_Valoraci%C3%B3n_da%C3%B1os.pdf;/documentos/servicios/legislacion/espana/reglamento_estatal_valoracion_danos.pdf;;;ok;Variante codificada de la misma URL
documento;/servicios/legislacion/europa/03_Manual_Directiva_91_271_CEE_tcm7-28959.pdf;/documentos/servicios/legislacion/europa/03_manual_directiva_91_271_cee_tcm7-28959.pdf;;Ver manual de aplicación de la directiva;ok;
documento;/servicios/legislacion/europa/Dir_Inundaciones.pdf;/documentos/servicios/legislacion/europa/dir_inundaciones.pdf;;;ok;
documento;/servicios/legislacion/europa/Directiva_prioritarias.pdf;/documentos/servicios/legislacion/europa/directiva_prioritarias.pdf;;;ok;
documento;/servicios/legislacion/europa/NUEVA_DIRECTIVA_DE_AGUAS.pdf;/documentos/servicios/legislacion/europa/nueva_directiva_de_aguas.pdf;;;ok;
video;/videos/AguaGC.mp4;/videos/videos/aguagc.mp4;;;ok;
video;/videos/Chira-Soria.mp4;/videos/videos/chira-soria.mp4;;;ok;
video;/videos/Ejemplo_1.mp4;/videos/videos/ejemplo_1.mp4;;VIDEO 1 ·;ok;
video;/videos/Ejemplo_2.mp4;/videos/videos/ejemplo_2.mp4;;VIDEO 2;ok;
video;/videos/ProduccionGC.mp4;/videos/videos/producciongc.mp4;;;ok;
documento;/pdfs/Presas/Fichas/IdP_126.pdf;/documentos/pdfs/presas/fichas/idp_126.pdf;;Ficha de la presa Agaete-Tierras de Manuel;ok;
documento;/pdfs/Presas/Fichas/IdP_053.pdf;/documentos/pdfs/presas/fichas/idp_053.pdf;;Ficha de la presa Ariñez;ok;
documento;/pdfs/Presas/Fichas/IdP_085.pdf;/documentos/pdfs/presas/fichas/idp_085.pdf;;Ficha de la presa Ayagaures;ok;
documento;/pdfs/Presas/Fichas/IdP_089.pdf;/documentos/pdfs/presas/fichas/idp_089.pdf;;Ficha de la presa Barranco Hondo;ok;
documento;/pdfs/Presas/Fichas/IdP_030.pdf;/documentos/pdfs/presas/fichas/idp_030.pdf;;Ficha de la presa Barranco Hondo y Cuevas Blancas;ok;
documento;/pdfs/Presas/Fichas/IdP_135.pdf;/documentos/pdfs/presas/fichas/idp_135.pdf;;Ficha de la presa Barranco Hondo-Parrales;ok;
documento;/pdfs/Presas/Fichas/IdP_071.pdf;/documentos/pdfs/presas/fichas/idp_071.pdf;;Ficha de la presa Cabo Verde;ok;
documento;/pdfs/Presas/Fichas/IdP_068.pdf;/documentos/pdfs/presas/fichas/idp_068.pdf;;Ficha de la presa Cabrera;ok;
documento;/pdfs/Presas/Fichas/IdP_048.pdf;/documentos/pdfs/presas/fichas/idp_048.pdf;;Ficha de la presa Casas Blancas;ok;
documento;/pdfs/Presas/Fichas/IdP_100.pdf;/documentos/pdfs/presas/fichas/idp_100.pdf;;Ficha de la presa Chamoriscán;ok;
documento;/pdfs/Presas/Fichas/IdP_107.pdf;/documentos/pdfs/presas/fichas/idp_107.pdf;;Ficha de la presa Chira;ok;
documento;/pdfs/Presas/Fichas/IdP_040.pdf;/documentos/pdfs/presas/fichas/idp_040.pdf;;Ficha de la presa Cuevas Blancas;ok;
documento;/pdfs/Presas/Fichas/IdP_111.pdf;/documentos/pdfs/presas/fichas/idp_111.pdf;;Ficha de la presa Don Bruno;ok;
documento;/pdfs/Presas/Fichas/IdP_165.pdf;/documentos/pdfs/presas/fichas/idp_165.pdf;;Ficha de la presa El Caidero de la Niña;ok;
documento;/pdfs/Presas/Fichas/IdP_088.pdf;/documentos/pdfs/presas/fichas/idp_088.pdf;;Ficha de la presa El Calabozo;ok;
documento;/pdfs/Presas/Fichas/IdP_051.pdf;/documentos/pdfs/presas/fichas/idp_051.pdf;;Ficha de la presa El Callejón;ok;
documento;/pdfs/Presas/Fichas/IdP_99.pdf;;;Ficha de la presa El Cardoso;no existe en origen (404);
documento;/pdfs/Presas/Fichas/IdP_098.pdf;/documentos/pdfs/presas/fichas/idp_098.pdf;;Ficha de la presa El Conde;ok;
documento;/pdfs/Presas/Fichas/IdP_050.pdf;/documentos/pdfs/presas/fichas/idp_050.pdf;;Ficha de la presa El Cortijo;ok;
documento;/pdfs/Presas/Fichas/IdP_136.pdf;/documentos/pdfs/presas/fichas/idp_136.pdf;;Ficha de la presa El Draguillo;ok;
documento;/pdfs/Presas/Fichas/IdP_076.pdf;/documentos/pdfs/presas/fichas/idp_076.pdf;;Ficha de la presa El Hormiguero;ok;
documento;/pdfs/Presas/Fichas/IdP_150.pdf;/documentos/pdfs/presas/fichas/idp_150.pdf;;Ficha de la presa El Mulato;ok;
documento;/pdfs/Presas/Fichas/IdP_042.pdf;/documentos/pdfs/presas/fichas/idp_042.pdf;;Ficha de la presa El Palmito-La Marquesa;ok;
documento;/pdfs/Presas/Fichas/IdP_153.pdf;/documentos/pdfs/presas/fichas/idp_153.pdf;;Ficha de la presa El Parralillo;ok;
documento;/pdfs/Presas/Fichas/IdP_038.pdf;/documentos/pdfs/presas/fichas/idp_038.pdf;;Ficha de la presa El Pinto I;ok;
documento;/pdfs/Presas/Fichas/IdP_036.pdf;/documentos/pdfs/presas/fichas/idp_036.pdf;;Ficha de la presa El Pinto II;ok;
documento;/pdfs/Presas/Fichas/IdP_013.pdf;/documentos/pdfs/presas/fichas/idp_013.pdf;;Ficha de la presa El Pintor;ok;
documento;/pdfs/Presas/Fichas/IdP_181.pdf;/documentos/pdfs/presas/fichas/idp_181.pdf;;Ficha de la presa El Piquillo;ok;
documento;/pdfs/Presas/Fichas/IdP_004.pdf;/documentos/pdfs/presas/fichas/idp_004.pdf;;Ficha de la presa El Sabinal;ok;
documento;/pdfs/Presas/Fichas/IdP_155.pdf;/documentos/pdfs/presas/fichas/idp_155.pdf;;Ficha de la presa El Vaquero;ok;
documento;/pdfs/Presas/Fichas/IdP_120.pdf;/documentos/pdfs/presas/fichas/idp_120.pdf;;Ficha de la presa Excusabarajas;ok;
documento;/pdfs/Presas/Fichas/IdP_058.pdf;/documentos/pdfs/presas/fichas/idp_058.pdf;;Ficha de la presa Fataga;ok;
documento;/pdfs/Presas/Fichas/IdP_056.pdf;/documentos/pdfs/presas/fichas/idp_056.pdf;;Ficha de la presa Gañanías;ok;
documento;/pdfs/Presas/Fichas/IdP_139.pdf;/documentos/pdfs/presas/fichas/idp_139.pdf;;Ficha de la presa La Candelaria;ok;
documento;/pdfs/Presas/Fichas/IdP_133.pdf;/documentos/pdfs/presas/fichas/idp_133.pdf;;Ficha de la presa La Cueva de las Niñas;ok;
documento;/pdfs/Presas/Fichas/IdP_083.pdf;/documentos/pdfs/presas/fichas/idp_083.pdf;;Ficha de la presa La Gambuesa;ok;
documento;/pdfs/Presas/Fichas/IdP_049.pdf;/documentos/pdfs/presas/fichas/idp_049.pdf;;Ficha de la presa La Lechucilla;ok;
documento;/pdfs/Presas/Fichas/IdP_025.pdf;/documentos/pdfs/presas/fichas/idp_025.pdf;;Ficha de la presa La Monta;ok;
documento;/pdfs/Presas/Fichas/IdP_060.pdf;/documentos/pdfs/presas/fichas/idp_060.pdf;;Ficha de la presa La Siberia;ok;
documento;/pdfs/Presas/Fichas/IdP_019.pdf;/documentos/pdfs/presas/fichas/idp_019.pdf;;Ficha de la presa La Umbría;ok;
documento;/pdfs/Presas/Fichas/IdP_043.pdf;/documentos/pdfs/presas/fichas/idp_043.pdf;;Ficha de la presa la Vistilla-Los Rosales;ok;
documento;/pdfs/Presas/Fichas/IdP_094.pdf;/documentos/pdfs/presas/fichas/idp_094.pdf;;Ficha de la presa Las Garzas;ok;
documento;/pdfs/Presas/Fichas/IdP_132.pdf;/documentos/pdfs/presas/fichas/idp_132.pdf;;Ficha de la presa Las Hoyas;ok;
documento;/pdfs/Presas/Fichas/IdP_026.pdf;/documentos/pdfs/presas/fichas/idp_026.pdf;;Ficha de la presa Lezcano I;ok;
documento;/pdfs/Presas/Fichas/IdP_173.pdf;/documentos/pdfs/presas/fichas/idp_173.pdf;;Ficha de la presa Lezcano II;ok;
documento;/pdfs/Presas/Fichas/IdP_078.pdf;/documentos/pdfs/presas/fichas/idp_078.pdf;;Ficha de la presa Lomo de Perera;ok;
documento;/pdfs/Presas/Fichas/IdP_086.pdf;/documentos/pdfs/presas/fichas/idp_086.pdf;;Ficha de la presa Lomo Gordo;ok;
documento;/pdfs/Presas/Fichas/IdP_102.pdf;/documentos/pdfs/presas/fichas/idp_102.pdf;;Ficha de la presa Los Betancores;ok;
documento;/pdfs/Presas/Fichas/IdP_063.pdf;/documentos/pdfs/presas/fichas/idp_063.pdf;;Ficha de la presa Los Caiderillos;ok;
documento;/pdfs/Presas/Fichas/IdP_046.pdf;/documentos/pdfs/presas/fichas/idp_046.pdf;;Ficha de la presa Los Dolores-Casablanca;ok;
documento;/pdfs/Presas/Fichas/IdP_077.pdf;/documentos/pdfs/presas/fichas/idp_077.pdf;;Ficha de la presa Los Hornos;ok;
documento;/pdfs/Presas/Fichas/IdP_039.pdf;/documentos/pdfs/presas/fichas/idp_039.pdf;;Ficha de la presa Los Jiménez-Arucas;ok;
documento;/pdfs/Presas/Fichas/IdP_119.pdf;/documentos/pdfs/presas/fichas/idp_119.pdf;;Ficha de la presa Los Jorges;ok;
documento;/pdfs/Presas/Fichas/IdP_080.pdf;/documentos/pdfs/presas/fichas/idp_080.pdf;;Ficha de la presa Los Mondragones;ok;
documento;/pdfs/Presas/Fichas/IdP_131.pdf;/documentos/pdfs/presas/fichas/idp_131.pdf;;Ficha de la presa Los Pérez;ok;
documento;/pdfs/Presas/Fichas/IdP_134.pdf;/documentos/pdfs/presas/fichas/idp_134.pdf;;Ficha de la presa Lugarejos;ok;
documento;/pdfs/Presas/Fichas/IdP_011.pdf;/documentos/pdfs/presas/fichas/idp_011.pdf;;Ficha de la presa Piletas;ok;
documento;/pdfs/Presas/Fichas/IdP_007.pdf;/documentos/pdfs/presas/fichas/idp_007.pdf;;Ficha de la presa Salvaindia;ok;
documento;/pdfs/Presas/Fichas/IdP_024.pdf;/documentos/pdfs/presas/fichas/idp_024.pdf;;Ficha de la presa Santa Brígida;ok;
documento;/pdfs/Presas/Fichas/IdP_018.pdf;/documentos/pdfs/presas/fichas/idp_018.pdf;;Ficha de la presa Satautejo;ok;
documento;/pdfs/Presas/Fichas/IdP_158.pdf;/documentos/pdfs/presas/fichas/idp_158.pdf;;Ficha de la presa Siberio;ok;
documento;/pdfs/Presas/Fichas/IdP_130.pdf;/documentos/pdfs/presas/fichas/idp_130.pdf;;Ficha de la presa Soria;ok;
documento;/pdfs/Presas/Fichas/IdP_141.pdf;/documentos/pdfs/presas/fichas/idp_141.pdf;;Ficha de la presa Tamadaba;ok;
documento;/pdfs/Presas/Fichas/IdP_008.pdf;/documentos/pdfs/presas/fichas/idp_008.pdf;;Ficha de la presa Tamaraceite;ok;
documento;/pdfs/Presas/Fichas/IdP_020.pdf;/documentos/pdfs/presas/fichas/idp_020.pdf;;Ficha de la presa Tenoya I;ok;
documento;/pdfs/Presas/Fichas/IdP_021.pdf;/documentos/pdfs/presas/fichas/idp_021.pdf;;Ficha de la presa Tenoya II;ok;
documento;/pdfs/Presas/Fichas/IdP_037.pdf;/documentos/pdfs/presas/fichas/idp_037.pdf;;Ficha de la presa Tirajana;ok;
documento;/pdfs/Presas/Fichas/IdP_035.pdf;/documentos/pdfs/presas/fichas/idp_035.pdf;;Ficha de la presa Toronjo;ok;
documento;/pdfs/Presas/Fichas/IdP_084.pdf;/documentos/pdfs/presas/fichas/idp_084.pdf;;Ficha de la presa Valerón;ok;
documento;/pdfs/Presas/Fichas/IdP_091.pdf;/documentos/pdfs/presas/fichas/idp_091.pdf;;Ficha de la presa Ábalos;ok;
documento;/pdfs/Presas/Fichas/IdP_104.pdf;/documentos/pdfs/presas/fichas/idp_104.pdf;;Ficha de la presa Barranco de Moreno;ok;
documento;/pdfs/Presas/Fichas/IdP_106.pdf;/documentos/pdfs/presas/fichas/idp_106.pdf;;Ficha de la presa Bernardino;ok;
documento;/pdfs/Presas/Fichas/IdP_073.pdf;/documentos/pdfs/presas/fichas/idp_073.pdf;;Ficha de la presa Bonny;ok;
documento;/pdfs/Presas/Fichas/IdP_148.pdf;/documentos/pdfs/presas/fichas/idp_148.pdf;;Ficha de la presa Cañada de la Presa;ok;
documento;/pdfs/Presas/Fichas/IdP_113.pdf;/documentos/pdfs/presas/fichas/idp_113.pdf;;Ficha de la presa Cañada de la Vaca;ok;
documento;/pdfs/Presas/Fichas/IdP_005.pdf;/documentos/pdfs/presas/fichas/idp_005.pdf;;Ficha de la presa Cañada de Los Majanos;ok;
documento;/pdfs/Presas/Fichas/IdP_170.pdf;/documentos/pdfs/presas/fichas/idp_170.pdf;;Ficha de la presa Cañada de Tia Flora;ok;
documento;/pdfs/Presas/Fichas/IdP_138.pdf;/documentos/pdfs/presas/fichas/idp_138.pdf;;Ficha de la presa Cañada del Cerrojo;ok;
documento;/pdfs/Presas/Fichas/IdP_118.pdf;/documentos/pdfs/presas/fichas/idp_118.pdf;;Ficha de la presa Cañada Honda;ok;
documento;/pdfs/Presas/Fichas/IdP_166.pdf;/documentos/pdfs/presas/fichas/idp_166.pdf;;Ficha de la presa Cañadas de la Sabina;ok;
documento;/pdfs/Presas/Fichas/IdP_152.pdf;/documentos/pdfs/presas/fichas/idp_152.pdf;;Ficha de la presa Charco del Embudo;ok;
documento;/pdfs/Presas/Fichas/IdP_178.pdf;/documentos/pdfs/presas/fichas/idp_178.pdf;;Ficha de la presa Cho Flores I;ok;
documento;/pdfs/Presas/Fichas/IdP_189.pdf;/documentos/pdfs/presas/fichas/idp_189.pdf;;Ficha de la presa Cho Flores II;ok;
documento;/pdfs/Presas/Fichas/IdP_156.pdf;/documentos/pdfs/presas/fichas/idp_156.pdf;;Ficha de la presa Corral del Lechugal;ok;
documento;/pdfs/Presas/Fichas/IdP_097.pdf;/documentos/pdfs/presas/fichas/idp_097.pdf;;Ficha de la presa Cueva de Meña;ok;
documento;/pdfs/Presas/Fichas/IdP_057.pdf;/documentos/pdfs/presas/fichas/idp_057.pdf;;Ficha de la presa Cueva Grande;ok;
documento;/pdfs/Presas/Fichas/IdP_010.pdf;/documentos/pdfs/presas/fichas/idp_010.pdf;;Ficha de la presa Cuevas Blancas I;ok;
documento;/pdfs/Presas/Fichas/IdP_009.pdf;/documentos/pdfs/presas/fichas/idp_009.pdf;;Ficha de la presa Cuevas Blancas II;ok;
documento;/pdfs/Presas/Fichas/IdP_110.pdf;/documentos/pdfs/presas/fichas/idp_110.pdf;;Ficha de la presa Curbelo;ok;
documento;/pdfs/Presas/Fichas/IdP_168.pdf;/documentos/pdfs/presas/fichas/idp_168.pdf;;Ficha de la presa Don Armando;ok;
documento;/pdfs/Presas/Fichas/IdP_137.pdf;/documentos/pdfs/presas/fichas/idp_137.pdf;;Ficha de la presa Don Paco;ok;
documento;/pdfs/Presas/Fichas/IdP_022.pdf;/documentos/pdfs/presas/fichas/idp_022.pdf;;Ficha de la presa Doña Amalia;ok;
documento;/pdfs/Presas/Fichas/IdP_090.pdf;/documentos/pdfs/presas/fichas/idp_090.pdf;;Ficha de la presa Doñana;ok;
documento;/pdfs/Presas/Fichas/IdP_041.pdf;/documentos/pdfs/presas/fichas/idp_041.pdf;;Ficha de la presa El Albercón;ok;
documento;/pdfs/Presas/Fichas/IdP_140.pdf;/documentos/pdfs/presas/fichas/idp_140.pdf;;Ficha de la presa El Boticario;ok;
documento;/pdfs/Presas/Fichas/IdP_059.pdf;/documentos/pdfs/presas/fichas/idp_059.pdf;;Ficha de la presa El Canario;ok;
documento;/pdfs/Presas/Fichas/IdP_112.pdf;/documentos/pdfs/presas/fichas/idp_112.pdf;;Ficha de la presa El Capellán;ok;
documento;/pdfs/Presas/Fichas/IdP_149.pdf;/documentos/pdfs/presas/fichas/idp_149.pdf;;Ficha de la presa El Ferruge;ok;
documento;/pdfs/Presas/Fichas/IdP_151.pdf;/documentos/pdfs/presas/fichas/idp_151.pdf;;Ficha de la presa El Goteo;ok;
documento;/pdfs/Presas/Fichas/IdP_023.pdf;/documentos/pdfs/presas/fichas/idp_023.pdf;;Ficha de la presa El Granadillar;ok;
documento;/pdfs/Presas/Fichas/IdP_054.pdf;/documentos/pdfs/presas/fichas/idp_054.pdf;;Ficha de la presa El Maipez;ok;
documento;/pdfs/Presas/Fichas/IdP_002.pdf;/documentos/pdfs/presas/fichas/idp_002.pdf;;Ficha de la presa El Malfú;ok;
documento;/pdfs/Presas/Fichas/IdP_003.pdf;/documentos/pdfs/presas/fichas/idp_003.pdf;;Ficha de la presa El Mayorazgo;ok;
documento;/pdfs/Presas/Fichas/IdP_062.pdf;/documentos/pdfs/presas/fichas/idp_062.pdf;;Ficha de la presa El Moreto;ok;
documento;/pdfs/Presas/Fichas/IdP_157.pdf;/documentos/pdfs/presas/fichas/idp_157.pdf;;Ficha de la presa El Niño;ok;
documento;/pdfs/Presas/Fichas/IdP_093.pdf;/documentos/pdfs/presas/fichas/idp_093.pdf;;Ficha de la presa El Rio I;ok;
documento;/pdfs/Presas/Fichas/IdP_092.pdf;/documentos/pdfs/presas/fichas/idp_092.pdf;;Ficha de la presa El Rio II;ok;
documento;/pdfs/Presas/Fichas/IdP_016.pdf;/documentos/pdfs/presas/fichas/idp_016.pdf;;Ficha de la presa El Salinero;ok;
documento;/pdfs/Presas/Fichas/IdP_109.pdf;/documentos/pdfs/presas/fichas/idp_109.pdf;;Ficha de la presa El Tosquial de los Gatos;ok;
documento;/pdfs/Presas/Fichas/IdP_177.pdf;/documentos/pdfs/presas/fichas/idp_177.pdf;;Ficha de la presa Grimón;ok;
documento;/pdfs/Presas/Fichas/IdP_163.pdf;;;Ficha de la presa Hoya de Ojeda;no existe en origen (404);
documento;/pdfs/Presas/Fichas/IdP_006.pdf;/documentos/pdfs/presas/fichas/idp_006.pdf;;Ficha de la presa Hoyas de Manrique;ok;
documento;/pdfs/Presas/Fichas/IdP_034.pdf;/documentos/pdfs/presas/fichas/idp_034.pdf;;Ficha de la presa La Barrera I;ok;
documento;/pdfs/Presas/Fichas/IdP_032.pdf;/documentos/pdfs/presas/fichas/idp_032.pdf;;Ficha de la presa La Barrera III;ok;
documento;/pdfs/Presas/Fichas/IdP_070.pdf;/documentos/pdfs/presas/fichas/idp_070.pdf;;Ficha de la presa La Cañada;ok;
documento;/pdfs/Presas/Fichas/IdP_125.pdf;/documentos/pdfs/presas/fichas/idp_125.pdf;;Ficha de la presa La Data;ok;
documento;/pdfs/Presas/Fichas/IdP_101.pdf;/documentos/pdfs/presas/fichas/idp_101.pdf;;Ficha de la presa La Garguja;ok;
documento;/pdfs/Presas/Fichas/IdP_179.pdf;/documentos/pdfs/presas/fichas/idp_179.pdf;;Ficha de la presa La Jurada;ok;
documento;/pdfs/Presas/Fichas/IdP_001.pdf;/documentos/pdfs/presas/fichas/idp_001.pdf;;Ficha de la presa La Juradilla;ok;
documento;/pdfs/Presas/Fichas/IdP_143.pdf;/documentos/pdfs/presas/fichas/idp_143.pdf;;Ficha de la presa La Laja;ok;
documento;/pdfs/Presas/Fichas/IdP_115.pdf;/documentos/pdfs/presas/fichas/idp_115.pdf;;Ficha de la presa La Lumbre;ok;
documento;/pdfs/Presas/Fichas/IdP_183.pdf;/documentos/pdfs/presas/fichas/idp_183.pdf;;Ficha de la presa La Morena;ok;
documento;/pdfs/Presas/Fichas/IdP_108.pdf;/documentos/pdfs/presas/fichas/idp_108.pdf;;Ficha de la presa La Negra;ok;
documento;/pdfs/Presas/Fichas/IdP_142.pdf;/documentos/pdfs/presas/fichas/idp_142.pdf;;Ficha de la presa La Nueva;ok;
documento;/pdfs/Presas/Fichas/IdP_114.pdf;/documentos/pdfs/presas/fichas/idp_114.pdf;;Ficha de la presa La Palmita;ok;
documento;/pdfs/Presas/Fichas/IdP_162.pdf;/documentos/pdfs/presas/fichas/idp_162.pdf;;Ficha de la presa Las Eneas;ok;
documento;/pdfs/Presas/Fichas/IdP_096.pdf;/documentos/pdfs/presas/fichas/idp_096.pdf;;Ficha de la presa Las Garzas II;ok;
documento;/pdfs/Presas/Fichas/IdP_065.pdf;/documentos/pdfs/presas/fichas/idp_065.pdf;;Ficha de la presa Las Mesas;ok;
documento;/pdfs/Presas/Fichas/IdP_182.pdf;/documentos/pdfs/presas/fichas/idp_182.pdf;;Ficha de la presa Las Palmas;ok;
documento;/pdfs/Presas/Fichas/IdP_012.pdf;/documentos/pdfs/presas/fichas/idp_012.pdf;;Ficha de la presa Las Vacas;ok;
documento;/pdfs/Presas/Fichas/IdP_069.pdf;/documentos/pdfs/presas/fichas/idp_069.pdf;;Ficha de la presa Lomo de Don Julian;ok;
documento;/pdfs/Presas/Fichas/IdP_117.pdf;/documentos/pdfs/presas/fichas/idp_117.pdf;;Ficha de la presa Lomo de la Palma;ok;
documento;/pdfs/Presas/Fichas/IdP_103.pdf;/documentos/pdfs/presas/fichas/idp_103.pdf;;Ficha de la presa Lomo de los Martínez;ok;
documento;/pdfs/Presas/Fichas/IdP_015.pdf;/documentos/pdfs/presas/fichas/idp_015.pdf;;Ficha de la presa Los Álamos;ok;
documento;/pdfs/Presas/Fichas/IdP_052.pdf;/documentos/pdfs/presas/fichas/idp_052.pdf;;Ficha de la presa Los Barranquillos;ok;
documento;/pdfs/Presas/Fichas/IdP_027.pdf;/documentos/pdfs/presas/fichas/idp_027.pdf;;Ficha de la presa Los Caideros I;ok;
documento;/pdfs/Presas/Fichas/IdP_061.pdf;/documentos/pdfs/presas/fichas/idp_061.pdf;;Ficha de la presa Los Caideros II;ok;
documento;/pdfs/Presas/Fichas/IdP_067.pdf;/documentos/pdfs/presas/fichas/idp_067.pdf;;Ficha de la presa Los Guinchos;ok;
documento;/pdfs/Presas/Fichas/IdP_017.pdf;/documentos/pdfs/presas/fichas/idp_017.pdf;;Ficha de la presa Los Massiéu;ok;
documento;/pdfs/Presas/Fichas/IdP_079.pdf;/documentos/pdfs/presas/fichas/idp_079.pdf;;Ficha de la presa Los Mondragones II;ok;
documento;/pdfs/Presas/Fichas/IdP_014.pdf;/documentos/pdfs/presas/fichas/idp_014.pdf;;Ficha de la presa Los Picachos;ok;
documento;/pdfs/Presas/Fichas/IdP_144.pdf;/documentos/pdfs/presas/fichas/idp_144.pdf;;Ficha de la presa Los Rajones;ok;
documento;/pdfs/Presas/Fichas/IdP_116.pdf;/documentos/pdfs/presas/fichas/idp_116.pdf;;Ficha de la presa Los Roques;ok;
documento;/pdfs/Presas/Fichas/IdP_171.pdf;/documentos/pdfs/presas/fichas/idp_171.pdf;;Ficha de la presa Los Velázquez;ok;
documento;/pdfs/Presas/Fichas/IdP_075.pdf;/documentos/pdfs/presas/fichas/idp_075.pdf;;Ficha de la presa Los Verdugos;ok;
documento;/pdfs/Presas/Fichas/IdP_074.pdf;/documentos/pdfs/presas/fichas/idp_074.pdf;;Ficha de la presa Los Vicentillos I;ok;
documento;/pdfs/Presas/Fichas/IdP_072.pdf;/documentos/pdfs/presas/fichas/idp_072.pdf;;Ficha de la presa Los Vicentillos II;ok;
documento;/pdfs/Presas/Fichas/IdP_185.pdf;/documentos/pdfs/presas/fichas/idp_185.pdf;;Ficha de la presa Los Vicentillos III;ok;
documento;/pdfs/Presas/Fichas/IdP_187.pdf;/documentos/pdfs/presas/fichas/idp_187.pdf;;Ficha de la presa Mareta de Justinito;ok;
documento;/pdfs/Presas/Fichas/IdP_122.pdf;/documentos/pdfs/presas/fichas/idp_122.pdf;;Ficha de la presa Mister Pilcher;ok;
documento;/pdfs/Presas/Fichas/IdP_087.pdf;/documentos/pdfs/presas/fichas/idp_087.pdf;;Ficha de la presa Montaña la Uva;ok;
documento;/pdfs/Presas/Fichas/IdP_129.pdf;/documentos/pdfs/presas/fichas/idp_129.pdf;;Ficha de la presa Pajonales I;ok;
documento;/pdfs/Presas/Fichas/IdP_128.pdf;/documentos/pdfs/presas/fichas/idp_128.pdf;;Ficha de la presa Pajonales II;ok;
documento;/pdfs/Presas/Fichas/IdP_127.pdf;/documentos/pdfs/presas/fichas/idp_127.pdf;;Ficha de la presa Pajonales III;ok;
documento;/pdfs/Presas/Fichas/IdP_123.pdf;/documentos/pdfs/presas/fichas/idp_123.pdf;;Ficha de la presa Pino de la Jarra;ok;
documento;/pdfs/Presas/Fichas/IdP_081.pdf;/documentos/pdfs/presas/fichas/idp_081.pdf;;Ficha de la presa Porrilla;ok;
documento;/pdfs/Presas/Fichas/IdP_124.pdf;/documentos/pdfs/presas/fichas/idp_124.pdf;;Ficha de la presa Punta del Lomo Galeón;ok;
documento;/pdfs/Presas/Fichas/IdP_044.pdf;/documentos/pdfs/presas/fichas/idp_044.pdf;;Ficha de la presa Quintana;ok;
documento;/pdfs/Presas/Fichas/IdP_045.pdf;/documentos/pdfs/presas/fichas/idp_045.pdf;;Ficha de la presa Quintanilla;ok;
documento;/pdfs/Presas/Fichas/IdP_145.pdf;/documentos/pdfs/presas/fichas/idp_145.pdf;;Ficha de la presa Salto del Perro I;ok;
documento;/pdfs/Presas/Fichas/IdP_147.pdf;/documentos/pdfs/presas/fichas/idp_147.pdf;;Ficha de la presa Salto del Perro II;ok;
documento;/pdfs/Presas/Fichas/IdP_146.pdf;/documentos/pdfs/presas/fichas/idp_146.pdf;;Ficha de la presa Salto del Perro III;ok;
documento;/pdfs/Presas/Fichas/IdP_167.pdf;/documentos/pdfs/presas/fichas/idp_167.pdf;;Ficha de la presa Tabaibales;ok;
documento;/pdfs/Presas/Fichas/IdP_160.pdf;/documentos/pdfs/presas/fichas/idp_160.pdf;;Ficha de la presa Tauro I;ok;
documento;/pdfs/Presas/Fichas/IdP_161.pdf;/documentos/pdfs/presas/fichas/idp_161.pdf;;Ficha de la presa Tauro II;ok;
documento;/pdfs/Presas/Fichas/IdP_095.pdf;/documentos/pdfs/presas/fichas/idp_095.pdf;;Ficha de la presa Tierras Viejas;ok;
documento;/pdfs/Presas/Fichas/IdP_154.pdf;/documentos/pdfs/presas/fichas/idp_154.pdf;;Ficha de la presa Toscon del Embudo;ok;
documento;/pdfs/Presas/Fichas/IdP_066.pdf;/documentos/pdfs/presas/fichas/idp_066.pdf;;Ficha de la presa Trujillo;ok;
