tipo;url_antigua;ruta_antigua;ruta_nueva;estado_http;bytes;sha256;en_inventario;paginas
documento;https://www.aguasgrancanaria.com/boe/dias/2007/11/21/pdfs/A47567-47572.pdf;/boe/dias/2007/11/21/pdfs/A47567-47572.pdf;/documentos/boe/dias/2007/11/21/pdfs/a47567-47572.pdf;404;;;si;/accesibilidad.php
asset;https://www.aguasgrancanaria.com/cartografia/Catalogo_Cauces/css/fontawesome-all.min.css;/cartografia/Catalogo_Cauces/css/fontawesome-all.min.css;/visores/Catalogo_Cauces/css/fontawesome-all.min.css;200;41065;43730866612149a27f49159d7c4f19185c8694bb91bf41abc884a6fe1346e96e;no;/cartografia/Catalogo_Cauces/index.html
asset;https://www.aguasgrancanaria.com/cartografia/Catalogo_Cauces/css/L.Control.MousePosition.css;/cartografia/Catalogo_Cauces/css/L.Control.MousePosition.css;/visores/Catalogo_Cauces/css/L.Control.MousePosition.css;200;239;b8b7fa9263ccb2c33f2a4a834bfd81acb8da50df5d9000b1dbbc818a41f1b82c;no;/cartografia/Catalogo_Cauces/index.html
asset;https://www.aguasgrancanaria.com/cartografia/Catalogo_Cauces/css/leaflet-loader.css;/cartografia/Catalogo_Cauces/css/leaflet-loader.css;/visores/Catalogo_Cauces/css/leaflet-loader.css;200;259;4a4759ba8276e2b3f53729297ac2e30720142ecc18423f9cf798c2578efafe9b;no;/cartografia/Catalogo_Cauces/index.html
asset;https://www.aguasgrancanaria.com/cartografia/Catalogo_Cauces/css/leaflet-search.css;/cartografia/Catalogo_Cauces/css/leaflet-search.css;/visores/Catalogo_Cauces/css/leaflet-search.css;200;2641;897874cc2b50f3bfcc080cfa89f4624008ffbfeb2005cbe83f3d30f9d633b8e2;no;/cartografia/Catalogo_Cauces/index.html
asset;https://www.aguasgrancanaria.com/cartografia/Catalogo_Cauces/css/leaflet.css;/cartografia/Catalogo_Cauces/css/leaflet.css;/visores/Catalogo_Cauces/css/leaflet.css;200;13429;07800b982a2bcbe76eefee25078a9ee0a11c679367bc379687f637ef6cd8c85f;no;/cartografia/Catalogo_Cauces/index.html
asset;https://www.aguasgrancanaria.com/cartografia/Catalogo_Cauces/css/leaflet.defaultextent.css;/cartografia/Catalogo_Cauces/css/leaflet.defaultextent.css;/visores/Catalogo_Cauces/css/leaflet.defaultextent.css;200;689;55aa93562eef8401f44f2332c0afe4c0dc3ad1569c2dcb95ab6fb1f22ead82f1;no;/cartografia/Catalogo_Cauces/index.html
asset;https://www.aguasgrancanaria.com/cartografia/Catalogo_Cauces/css/qgis2web.css;/cartografia/Catalogo_Cauces/css/qgis2web.css;/visores/Catalogo_Cauces/css/qgis2web.css;200;3726;7eaefa83d191fb9f2565c4830db366101df87cbdeb7edc20222549ed7e305da8;no;/cartografia/Catalogo_Cauces/index.html
asset;https://www.aguasgrancanaria.com/cartografia/Catalogo_Cauces/data/00_Catalogo_Bcos_Cuencas_1.js;/cartografia/Catalogo_Cauces/data/00_Catalogo_Bcos_Cuencas_1.js;/visores/Catalogo_Cauces/data/00_Catalogo_Bcos_Cuencas_1.js;200;3807898;c62c56f4a361a7c031bbb678d58f51e809427e9129edd39c0391fb23219f9d68;no;/cartografia/Catalogo_Cauces/index.html
asset;https://www.aguasgrancanaria.com/cartografia/Catalogo_Cauces/data/Canalizacion.js;/cartografia/Catalogo_Cauces/data/Canalizacion.js;/visores/Catalogo_Cauces/data/Canalizacion.js;200;4268;8fd465d450db0e1a5b8fac85d297f68b780a8a2311e505e433974e82befdd7cd;no;/cartografia/Catalogo_Cauces/index.html
asset;https://www.aguasgrancanaria.com/cartografia/Catalogo_Cauces/data/Catalogo_v2_2.js;/cartografia/Catalogo_Cauces/data/Catalogo_v2_2.js;/visores/Catalogo_Cauces/data/Catalogo_v2_2.js;200;18929439;402201b819f17270b15ef8f897a12b08dfcc6a5cfee244cccffe3dde43b1e30b;no;/cartografia/Catalogo_Cauces/index.html
asset;https://www.aguasgrancanaria.com/cartografia/Catalogo_Cauces/data/Deslinde_0.js;/cartografia/Catalogo_Cauces/data/Deslinde_0.js;/visores/Catalogo_Cauces/data/Deslinde_0.js;200;260401;f4567ac67e521fba52a7212bb02d339a7aeda77b5d78e75d012daaf5e8207500;no;/cartografia/Catalogo_Cauces/index.html
asset;https://www.aguasgrancanaria.com/cartografia/Catalogo_Cauces/js/Autolinker.min.js;/cartografia/Catalogo_Cauces/js/Autolinker.min.js;/visores/Catalogo_Cauces/js/Autolinker.min.js;200;5305;cfa570a67866ff52ae55bef6af492708ea4d82710a5110dc24938543768bc41b;no;/cartografia/Catalogo_Cauces/index.html
asset;https://www.aguasgrancanaria.com/cartografia/Catalogo_Cauces/js/L.Control.MousePosition.js;/cartografia/Catalogo_Cauces/js/L.Control.MousePosition.js;/visores/Catalogo_Cauces/js/L.Control.MousePosition.js;200;1526;6ce4e413df84f559651b82d5d1c9fbd7046d7dea6bfdb5912fb5c4a00993e64c;no;/cartografia/Catalogo_Cauces/index.html
asset;https://www.aguasgrancanaria.com/cartografia/Catalogo_Cauces/js/L.LatLng.UTM.js;/cartografia/Catalogo_Cauces/js/L.LatLng.UTM.js;/visores/Catalogo_Cauces/js/L.LatLng.UTM.js;200;21633;95e371331ecb2fd9e48fc9c4a72ebe1f0ccb6cfe918e1f96d93153b5f7fda612;no;/cartografia/Catalogo_Cauces/index.html
asset;https://www.aguasgrancanaria.com/cartografia/Catalogo_Cauces/js/labelgun.min.js;/cartografia/Catalogo_Cauces/js/labelgun.min.js;/visores/Catalogo_Cauces/js/labelgun.min.js;200;4670;e86bd55e33b38ab04fabf23c8d010ab1beaaff48b91013cd1d36c81776dae85d;no;/cartografia/Catalogo_Cauces/index.html
asset;https://www.aguasgrancanaria.com/cartografia/Catalogo_Cauces/js/labels.js;/cartografia/Catalogo_Cauces/js/labels.js;/visores/Catalogo_Cauces/js/labels.js;200;1655;02e6ec587da9fd1a4663dd92fbd7680cf69b4c484a83d8121482fcc483654323;no;/cartografia/Catalogo_Cauces/index.html
asset;https://www.aguasgrancanaria.com/cartografia/Catalogo_Cauces/js/leaflet-hash.js;/cartografia/Catalogo_Cauces/js/leaflet-hash.js;/visores/Catalogo_Cauces/js/leaflet-hash.js;200;3462;d20c6def59ec8d5d2da02bc8ac1917af533921e7105d2dfdaeff489fcd612e91;no;/cartografia/Catalogo_Cauces/index.html
asset;https://www.aguasgrancanaria.com/cartografia/Catalogo_Cauces/js/leaflet-loader.js;/cartografia/Catalogo_Cauces/js/leaflet-loader.js;/visores/Catalogo_Cauces/js/leaflet-loader.js;200;814;d05977cf71dfafa67e1e7b8c519d8e527dac5a3da61344be26b9fdedf3f59a36;no;/cartografia/Catalogo_Cauces/index.html
asset;https://www.aguasgrancanaria.com/cartografia/Catalogo_Cauces/js/leaflet-search.js;/cartografia/Catalogo_Cauces/js/leaflet-search.js;/visores/Catalogo_Cauces/js/leaflet-search.js;200;15709;fe9fd5e2f5d2c4003c48ee549e0396a5056498c0312af479470f2fbe737660fd;no;/cartografia/Catalogo_Cauces/index.html
asset;https://www.aguasgrancanaria.com/cartografia/Catalogo_Cauces/js/leaflet.defaultextent.js;/cartografia/Catalogo_Cauces/js/leaflet.defaultextent.js;/visores/Catalogo_Cauces/js/leaflet.defaultextent.js;200;2258;62b3484a36000be2aeae3ebc2590f03ad5cd329b4427b50e878e01f81ae1c593;no;/cartografia/Catalogo_Cauces/index.html
asset;https://www.aguasgrancanaria.com/cartografia/Catalogo_Cauces/js/leaflet.js;/cartografia/Catalogo_Cauces/js/leaflet.js;/visores/Catalogo_Cauces/js/leaflet.js;200;137208;52a2a77120ab571907e73dd09e830627ff7c613548f8b6957948d7c7f4ad25de;no;/cartografia/Catalogo_Cauces/index.html
asset;https://www.aguasgrancanaria.com/cartografia/Catalogo_Cauces/js/leaflet.pattern.js;/cartografia/Catalogo_Cauces/js/leaflet.pattern.js;/visores/Catalogo_Cauces/js/leaflet.pattern.js;200;7270;64fef84d25e826acc275fa3eefb21ff24c4b15adb8968cdb79f93aa5c525ca21;no;/cartografia/Catalogo_Cauces/index.html
asset;https://www.aguasgrancanaria.com/cartografia/Catalogo_Cauces/js/leaflet.rotatedMarker.js;/cartografia/Catalogo_Cauces/js/leaflet.rotatedMarker.js;/visores/Catalogo_Cauces/js/leaflet.rotatedMarker.js;200;1822;a07020af5ee8435ac2252179f5636b55c68cc75f453aca2400b2bb37f8e508f4;no;/cartografia/Catalogo_Cauces/index.html
asset;https://www.aguasgrancanaria.com/cartografia/Catalogo_Cauces/js/leaflet.wms.js;/cartografia/Catalogo_Cauces/js/leaflet.wms.js;/visores/Catalogo_Cauces/js/leaflet.wms.js;200;14127;b36b2bc81af64e3c0e391a4dfe3cc9dbeee989bed6a3d1ad2acf9292bddea980;no;/cartografia/Catalogo_Cauces/index.html
asset;https://www.aguasgrancanaria.com/cartografia/Catalogo_Cauces/js/proj4.js;/cartografia/Catalogo_Cauces/js/proj4.js;/visores/Catalogo_Cauces/js/proj4.js;200;77965;28923be0f4b5aafdfe86e7becb22162bf97c4f1bd2f6ee165fb403aed1e41cea;no;/cartografia/Catalogo_Cauces/index.html
asset;https://www.aguasgrancanaria.com/cartografia/Catalogo_Cauces/js/proj4leaflet.js;/cartografia/Catalogo_Cauces/js/proj4leaflet.js;/visores/Catalogo_Cauces/js/proj4leaflet.js;200;7163;5baa484bd736ac5ab0bb92a184aa9ecff6a67be5eb65d2e5f1ad88a66607615e;no;/cartografia/Catalogo_Cauces/index.html
asset;https://www.aguasgrancanaria.com/cartografia/Catalogo_Cauces/js/qgis2web_expressions.js;/cartografia/Catalogo_Cauces/js/qgis2web_expressions.js;/visores/Catalogo_Cauces/js/qgis2web_expressions.js;200;12135;c87ac50d3af47eaaa22bc5d4fdd5bfda12e540502725dcf1eefc742d58f58a8f;no;/cartografia/Catalogo_Cauces/index.html
asset;https://www.aguasgrancanaria.com/cartografia/Catalogo_Cauces/js/rbush.min.js;/cartografia/Catalogo_Cauces/js/rbush.min.js;/visores/Catalogo_Cauces/js/rbush.min.js;200;7039;50003fa784d8ec549d0be49bdb4007c380caa5cd717efea3aab74cb01a6ffa39;no;/cartografia/Catalogo_Cauces/index.html
imagen;https://www.aguasgrancanaria.com/cartografia/Catalogo_Cauces/legend/Canalz.png;/cartografia/Catalogo_Cauces/legend/Canalz.png;/visores/Catalogo_Cauces/legend/Canalz.png;200;4210;e7d68681c27ce5d380e97f20bb1c77e7387858c43e770428bd2a6c1136a2a593;no;/cartografia/Catalogo_Cauces/index.html
imagen;https://www.aguasgrancanaria.com/cartografia/Catalogo_Cauces/legend/Cauces.png;/cartografia/Catalogo_Cauces/legend/Cauces.png;/visores/Catalogo_Cauces/legend/Cauces.png;200;1498;69a707f350d92933dc3897d1149f18a8ab182324eb9b168ceecdce41dbdf6013;no;/cartografia/Catalogo_Cauces/index.html
imagen;https://www.aguasgrancanaria.com/cartografia/Catalogo_Cauces/legend/Cuencas.png;/cartografia/Catalogo_Cauces/legend/Cuencas.png;/visores/Catalogo_Cauces/legend/Cuencas.png;200;2767;712c3cf890925f1ce030a72b802282eea042b2177a33b475caed054246c7d7f6;no;/cartografia/Catalogo_Cauces/index.html
imagen;https://www.aguasgrancanaria.com/cartografia/Catalogo_Cauces/legend/Deslinde.png;/cartografia/Catalogo_Cauces/legend/Deslinde.png;/visores/Catalogo_Cauces/legend/Deslinde.png;200;107;2ae592ca4f5a1c26a622a52d8694e2ba9e0d92e270cd2522aa2d3840baba42c5;no;/cartografia/Catalogo_Cauces/index.html
asset;https://www.aguasgrancanaria.com/cartografia/CensoInstalaciones/css/leaflet.defaultextent.css;/cartografia/CensoInstalaciones/css/leaflet.defaultextent.css;/visores/CensoInstalaciones/css/leaflet.defaultextent.css;200;776;0972511148a99f2d7c5239804f9ff3d8f808036459dadb3f87c910d43cc6787e;no;/cartografia/CensoInstalaciones/map-censo.html
asset;https://www.aguasgrancanaria.com/cartografia/CensoInstalaciones/images/marker-boring.svg;/cartografia/CensoInstalaciones/images/marker-boring.svg;/visores/CensoInstalaciones/images/marker-boring.svg;200;889;a626bf01462c593dd891275c5d4e5ff664e6642eed05161b11a059774c891a9b;no;/cartografia/CensoInstalaciones/map-censo.html
asset;https://www.aguasgrancanaria.com/cartografia/CensoInstalaciones/images/marker-exploration.svg;/cartografia/CensoInstalaciones/images/marker-exploration.svg;/visores/CensoInstalaciones/images/marker-exploration.svg;200;889;e8658168582672341d2fb772e35f609348f13af05af83002b5e0ff5b3b146f4c;no;/cartografia/CensoInstalaciones/map-censo.html
asset;https://www.aguasgrancanaria.com/cartografia/CensoInstalaciones/images/marker-gallery.svg;/cartografia/CensoInstalaciones/images/marker-gallery.svg;/visores/CensoInstalaciones/images/marker-gallery.svg;200;889;96800a3b40c3b63d943a7b04ff20e0fda4923ce33eb27509cbe34ba000d56ccd;no;/cartografia/CensoInstalaciones/map-censo.html
asset;https://www.aguasgrancanaria.com/cartografia/CensoInstalaciones/images/marker-mixed_well.svg;/cartografia/CensoInstalaciones/images/marker-mixed_well.svg;/visores/CensoInstalaciones/images/marker-mixed_well.svg;200;889;a992e435b43b152135ade13047be49c2add85730a4382d5303908d5ed25ca899;no;/cartografia/CensoInstalaciones/map-censo.html
asset;https://www.aguasgrancanaria.com/cartografia/CensoInstalaciones/images/marker-other.svg;/cartografia/CensoInstalaciones/images/marker-other.svg;/visores/CensoInstalaciones/images/marker-other.svg;200;889;db1724dfe1c949558314c5590a00c290f895eb764b4925847ce909b86f7968ea;no;/cartografia/CensoInstalaciones/map-censo.html
asset;https://www.aguasgrancanaria.com/cartografia/CensoInstalaciones/images/marker-unknown.svg;/cartografia/CensoInstalaciones/images/marker-unknown.svg;/visores/CensoInstalaciones/images/marker-unknown.svg;404;;;no;/cartografia/CensoInstalaciones/map-censo.html
asset;https://www.aguasgrancanaria.com/cartografia/CensoInstalaciones/images/marker-well.svg;/cartografia/CensoInstalaciones/images/marker-well.svg;/visores/CensoInstalaciones/images/marker-well.svg;200;889;fe8f3bacebd74795fd13270a2d7373d4145609a00e3db870a7c59e35618999ac;no;/cartografia/CensoInstalaciones/map-censo.html
asset;https://www.aguasgrancanaria.com/cartografia/CensoInstalaciones/plugin/leaflet.defaultextent.js;/cartografia/CensoInstalaciones/plugin/leaflet.defaultextent.js;/visores/CensoInstalaciones/plugin/leaflet.defaultextent.js;200;2258;62b3484a36000be2aeae3ebc2590f03ad5cd329b4427b50e878e01f81ae1c593;no;/cartografia/CensoInstalaciones/map-censo.html
asset;https://www.aguasgrancanaria.com/cartografia/CensoInstalaciones/plugin/Leaflet.Spain.WMS.js;/cartografia/CensoInstalaciones/plugin/Leaflet.Spain.WMS.js;/visores/CensoInstalaciones/plugin/Leaflet.Spain.WMS.js;200;9380;0f1b5faade2176c460828b3cc72407322ffbb529e9fbbbbeaa17daec3ed04336;no;/cartografia/CensoInstalaciones/map-censo.html
imagen;https://www.aguasgrancanaria.com/divulgacion/recu_no/5_T_desal_sw_clip_image001_0001.gif;/divulgacion/recu_no/5_T_desal_sw_clip_image001_0001.gif;/imagenes/divulgacion/recu_no/5_t_desal_sw_clip_image001_0001.gif;404;;;no;/divulgacion/recu_no/tabla2.html
documento;https://www.aguasgrancanaria.com/el_consejo/fomento.txt;/el_consejo/fomento.txt;/documentos/el_consejo/fomento.txt;200;1952;9a7fae3f570f9e3792a5edf4a5844b6f7f457a52a5effe6400a8ee4b41a188d2;no;/fomento.php
documento;https://www.aguasgrancanaria.com/el_consejo/funciones.txt;/el_consejo/funciones.txt;/documentos/el_consejo/funciones.txt;200;2490;9621b0ea6ebc89eddfc810e7f1e9ef39404111b05cd5f4053deb48886c146191;no;/el_consejo/funciones.php
documento;https://www.aguasgrancanaria.com/el_consejo/introduccion.txt;/el_consejo/introduccion.txt;/documentos/el_consejo/introduccion.txt;200;3261;1c52ca74e9473432da37005d050ca43ee8743af535446ab77124d9bcbd633a58;no;/el_consejo/introduccion.php
documento;https://www.aguasgrancanaria.com/el_consejo/Organigrama.docx;/el_consejo/Organigrama.docx;/documentos/el_consejo/organigrama.docx;200;263843;f3cc89a7777651d4cbfee58db1ee12ef1b1355aac88112bd60a60b4c8aee8a89;si;/el_consejo/organizacion.php
documento;https://www.aguasgrancanaria.com/el_consejo/Organigrama.odt;/el_consejo/Organigrama.odt;/documentos/el_consejo/organigrama.odt;200;255123;7cf4111b35d5f1aa6f24484d6e0f78095955c6803c7ab0ce438f882f5fcd4c08;si;/el_consejo/organizacion.php
documento;https://www.aguasgrancanaria.com/el_consejo/Organigrama.pdf;/el_consejo/Organigrama.pdf;/documentos/el_consejo/organigrama.pdf;200;29166;07f73624858b14a5eba18501f883775f1e3bbec7d342633f0f5dccf0e4ab8007;si;/el_consejo/organizacion.php
documento;https://www.aguasgrancanaria.com/el_consejo/Organigrama.txt;/el_consejo/Organigrama.txt;/documentos/el_consejo/organigrama.txt;200;2800;2e2246b0f7e5672a4d126e362aeeab8a3d1b07fa2df5d8af7a258db0db264241;no;/el_consejo/organizacion.php
documento;https://www.aguasgrancanaria.com/el_consejo/organos_gobierno_gerente.txt;/el_consejo/organos_gobierno_gerente.txt;/documentos/el_consejo/organos_gobierno_gerente.txt;200;1274;8b2c3101d3d89146eefe8235ecad6d419747a4d04007fc32e05990442e311b0b;no;/el_consejo/organos_gobierno.php
documento;https://www.aguasgrancanaria.com/el_consejo/organos_gobierno_junta_general.txt;/el_consejo/organos_gobierno_junta_general.txt;/documentos/el_consejo/organos_gobierno_junta_general.txt;200;5337;2ac6df2ee6682f07fafd84a2573e66e71c0afc80107354546e88769b0ad5a499;no;/el_consejo/organos_gobierno.php
documento;https://www.aguasgrancanaria.com/el_consejo/organos_gobierno_junta_gobierno.txt;/el_consejo/organos_gobierno_junta_gobierno.txt;/documentos/el_consejo/organos_gobierno_junta_gobierno.txt;200;3113;cac1e20af7659797c18d598cd1c9d8712ea8e8bc4735205055396420a6135687;no;/el_consejo/organos_gobierno.php
documento;https://www.aguasgrancanaria.com/el_consejo/organos_gobierno_presidente.txt;/el_consejo/organos_gobierno_presidente.txt;/documentos/el_consejo/organos_gobierno_presidente.txt;200;1638;78a0f7e0196bc64b7f3fdd16ea60d81a0027ec8aeb4695e162b9068f80c21f78;no;/el_consejo/organos_gobierno.php
documento;https://www.aguasgrancanaria.com/el_consejo/organos_gobierno_vicepresidente.txt;/el_consejo/organos_gobierno_vicepresidente.txt;/documentos/el_consejo/organos_gobierno_vicepresidente.txt;200;1207;5875c7c4d3e5fec1564745bdddd24e2130ad1f36a52413d664b414a177e98f38;no;/el_consejo/organos_gobierno.php
documento;https://www.aguasgrancanaria.com/el_consejo/ubicacion.txt;/el_consejo/ubicacion.txt;/documentos/el_consejo/ubicacion.txt;200;495;ada86af98f43e1b1c28e1d70e85c75f3ceb0bf10fda50026f9402c2817b21342;no;/el_consejo/ubicacion.php
documento;https://www.aguasgrancanaria.com/geocarto/descarga/Metadato/Barrancos_Cuencas.xml;/geocarto/descarga/Metadato/Barrancos_Cuencas.xml;/documentos/geocarto/descarga/metadato/barrancos_cuencas.xml;200;16576;79652c54901b7318bd73aa002b870c64963f22b9cbb9de41a3323f69af86c2a1;no;/cartografia/medio_fisico/barrancos_cuencas.php
documento;https://www.aguasgrancanaria.com/geocarto/descarga/Metadato/Consumos_Agrarios.xml;/geocarto/descarga/Metadato/Consumos_Agrarios.xml;/documentos/geocarto/descarga/metadato/consumos_agrarios.xml;200;16682;7b7cd66b05924e3b8c26ba9d30d2b436e246f495acdcc55de331a27e8b1288ec;no;/cartografia/tematica/consumos.php
documento;https://www.aguasgrancanaria.com/geocarto/descarga/Metadato/Cultivos.xml;/geocarto/descarga/Metadato/Cultivos.xml;/documentos/geocarto/descarga/metadato/cultivos.xml;200;16344;5f3587e2821728b56bc97fffc925a1b0aee040254ec11b594a059ef12e7f8e06;no;/cartografia/medio_fisico/cultivos.php
documento;https://www.aguasgrancanaria.com/geocarto/descarga/Metadato/Desalacion_depuracion.xml;/geocarto/descarga/Metadato/Desalacion_depuracion.xml;/documentos/geocarto/descarga/metadato/desalacion_depuracion.xml;200;16578;cc037ec77a16505a3b303c5477e1c7302f91a4b1376971e370a049b2571c84fc;no;/cartografia/infraestructura/depuradoras.php
documento;https://www.aguasgrancanaria.com/geocarto/descarga/Metadato/Infraestructuras.xml;/geocarto/descarga/Metadato/Infraestructuras.xml;/documentos/geocarto/descarga/metadato/infraestructuras.xml;200;16806;8ec423418ea167636c2ca02e7678b255c27680a0387aa45f8e3465adb59a3f15;no;/cartografia/infraestructura/consejo.php
documento;https://www.aguasgrancanaria.com/geocarto/descarga/Metadato/MasasAguaSubterranea.xml;/geocarto/descarga/Metadato/MasasAguaSubterranea.xml;/documentos/geocarto/descarga/metadato/masasaguasubterranea.xml;200;16547;150da011010a0f13d6343070a6b3f573660c8b4b9d345297fd098785dfa6ac2b;no;/cartografia/marco/masas.php
documento;https://www.aguasgrancanaria.com/geocarto/descarga/Metadato/Permeabilidad.xml;/geocarto/descarga/Metadato/Permeabilidad.xml;/documentos/geocarto/descarga/metadato/permeabilidad.xml;200;16392;45ab2a08999de79312569219c458e97614e67cbcbcf59c43fcc1792fb5231e08;no;/cartografia/medio_fisico/permeabilidad.php
documento;https://www.aguasgrancanaria.com/geocarto/descarga/Metadato/Pozos.xml;/geocarto/descarga/Metadato/Pozos.xml;/documentos/geocarto/descarga/metadato/pozos.xml;200;16357;783df06d6b679525120c1015c911dd59ec179a3faf609edd1a4b8d97f8734272;no;/cartografia/infraestructura/pozos.php
documento;https://www.aguasgrancanaria.com/geocarto/descarga/Metadato/Precipitaciones.xml;/geocarto/descarga/Metadato/Precipitaciones.xml;/documentos/geocarto/descarga/metadato/precipitaciones.xml;200;16426;6d8e054d8f3dccbf602ca805c0a71be13a09987fe13692c9947de2a70ba671cb;no;/cartografia/tematica/precipitaciones.php
documento;https://www.aguasgrancanaria.com/geocarto/descarga/Metadato/Presas.xml;/geocarto/descarga/Metadato/Presas.xml;/documentos/geocarto/descarga/metadato/presas.xml;200;16654;afb3bf30864785213c70f32245bbd68cd8e93bfa47a23dd462b97c06298d2194;no;/cartografia/infraestructura/presas.php
documento;https://www.aguasgrancanaria.com/geocarto/descarga/Metadato/RedControl.xml;/geocarto/descarga/Metadato/RedControl.xml;/documentos/geocarto/descarga/metadato/redcontrol.xml;200;16598;9f0a8d70bc9ca4f9fc34cd836941170af3e79eacc4237ca3cc60564dacfe156e;no;/cartografia/gestion/redes.php
documento;https://www.aguasgrancanaria.com/geocarto/descarga/Metadato/RedPluviometrica.xml;/geocarto/descarga/Metadato/RedPluviometrica.xml;/documentos/geocarto/descarga/metadato/redpluviometrica.xml;200;16608;5b54115f7bb1ee9505d88295c16201f3106afbf7fed540e04e89d54a428aa1cb;no;/cartografia/gestion/pluviometria.php
documento;https://www.aguasgrancanaria.com/geocarto/descarga/Metadato/Relieve.xml;/geocarto/descarga/Metadato/Relieve.xml;/documentos/geocarto/descarga/metadato/relieve.xml;200;15904;0c20b30a92c6ad5f36190aa7a00a3806f62e4e29000b4fec76c02f7622c20147;no;/cartografia/medio_fisico/relieve.php
documento;https://www.aguasgrancanaria.com/geocarto/descarga/Metadato/Zonificacion.xml;/geocarto/descarga/Metadato/Zonificacion.xml;/documentos/geocarto/descarga/metadato/zonificacion.xml;200;16564;52540a9d8ab366b39c1728d11df09a5b0eb1bc53ff07a33e56e467ec5ae12365;no;/cartografia/marco/zonificacion.php
documento;https://www.aguasgrancanaria.com/geocarto/descarga/Shp/Presas.zip;/geocarto/descarga/Shp/Presas.zip;/documentos/geocarto/descarga/shp/presas.zip;200;17087;feb93729b26f222c88e1d2925a4eb4e18bdee42367d17ed3f029826d10883696;si;/cartografia/infraestructura/presas.php
imagen;https://www.aguasgrancanaria.com/icons/ecblank.gif;/icons/ecblank.gif;/imagenes/icons/ecblank.gif;404;;;no;/servicios/legislacion/canarias/ordenanzas.php | /servicios/legislacion/españa/construccion_explotacion.php | /servicios/legislacion/españa/contratos.php | /servicios/legislacion/españa/contratos_administraciones.php | /servicios/legislacion/españa/contratos_sector_publico.php | /servicios/legislacion/españa/dominio_publico_nacional.php | /servicios/legislacion/españa/ley_aguas.php | /servicios/legislacion/españa/reglamento_administracion.php | /servicios/legislacion/españa/reutilizacion.php | /servicios/legislacion/españa/sector_publico.php
imagen;https://www.aguasgrancanaria.com/img/0_(10).gif;/img/0_(10).gif;/imagenes/img/0_-10.gif;200;293;1e0f9f264e3abcf6088dfa8c0ef1430fe8e1d56a16f8af3641402c2c5cdc1594;no;/servicios/legislacion/canarias/nitratos.php
imagen;https://www.aguasgrancanaria.com/img/0.gif;/img/0.gif;/imagenes/img/0.gif;200;1737;7e204a98197509b276d6b4ee412ba36e45657cd03e31f198fdcbaa647afdd0e2;no;/servicios/legislacion/canarias/derogado.php | /servicios/legislacion/canarias/dominio_publico_hidraulico.php
imagen;https://www.aguasgrancanaria.com/img/01_04_general.gif;/img/01_04_general.gif;/imagenes/img/01_04_general.gif;200;4994;82932c6cb2f5f2f10b70c184d3a43f58a5d23c0241cb4dfa9f949889aa475ae3;no;/el_consejo/organos_gobierno.php
imagen;https://www.aguasgrancanaria.com/img/1_densidad_peq.gif;/img/1_densidad_peq.gif;/imagenes/img/1_densidad_peq.gif;200;1265;ebc9912daba633de5d80092b9874730f776c6f72c7a1c2c11058650ab03d89a1;no;/divulgacion/punto_partida.php
imagen;https://www.aguasgrancanaria.com/img/1_gambuesa.jpg;/img/1_gambuesa.jpg;/imagenes/img/1_gambuesa.jpg;200;7703;36fc40b7b3c78571da89fe500eaf4bdfd0c40748699dec5fbe5c5fad367ec5d3;no;/divulgacion/punto_partida.php
imagen;https://www.aguasgrancanaria.com/img/1_niebla.jpg;/img/1_niebla.jpg;/imagenes/img/1_niebla.jpg;200;6183;339f7e4c8a74497e0e26930496a832ecadf087bb42ebd84f58060531c5f8c351;no;/divulgacion/punto_partida.php
imagen;https://www.aguasgrancanaria.com/img/1_panoramica_artenara.jpg;/img/1_panoramica_artenara.jpg;/imagenes/img/1_panoramica_artenara.jpg;200;56331;c9453921db83bf0f3e74ada8d973cc64994ce5c16669d607edffcffd171a8c57;no;/divulgacion/punto_partida.php
imagen;https://www.aguasgrancanaria.com/img/1_permeabilidad.gif;/img/1_permeabilidad.gif;/imagenes/img/1_permeabilidad.gif;200;32584;5d1130027a3affc8e48a4f18a0ef6d60db6a6d2acc4502dfab3efb95cc916e0c;no;/divulgacion/punto_partida.php
imagen;https://www.aguasgrancanaria.com/img/16.gif;/img/16.gif;/imagenes/img/16.gif;200;13366;2b0f47a695ac4b2c5e2307b96230e87cd62456fd5a34ccf895a79e211a7b92ba;no;/servicios/legislacion/canarias/ordenanzas.php
imagen;https://www.aguasgrancanaria.com/img/2005-03-07_PresaPintor0091.JPG;/img/2005-03-07_PresaPintor0091.JPG;/imagenes/img/2005-03-07_presapintor0091.jpg;200;121705;769afa87abb6adb5fe15bbf6c5e89eeeb5f8a0058fece847bd9fc742b7a918ce;no;/presas/ubicacion_presas.php
imagen;https://www.aguasgrancanaria.com/img/20250719%20FotoNoticia%20Abastecimiento%20de%20agua%20en%20El%20Valle%20de%20Agaete.jpg;/img/20250719 FotoNoticia Abastecimiento de agua en El Valle de Agaete.jpg;/imagenes/img/20250719-fotonoticia-abastecimiento-de-agua-en-el-valle-de-agaete.jpg;200;87334;8a6a492b81a367759a21ee114c7dd74f6ab790f22fc16bdf77720df3a4b13f4e;no;/noticias.php
imagen;https://www.aguasgrancanaria.com/img/20250721%20FotoNoticia%20El%20nuevo%20dep%C3%B3sito%20de%20El%20Fondillo.jpg;/img/20250721 FotoNoticia El nuevo depósito de El Fondillo.jpg;/imagenes/img/20250721-fotonoticia-el-nuevo-deposito-de-el-fondillo.jpg;200;84571;d119d88598a68aacf7b4a9644733c3cd792745685a14a1913ad913a40261aec9;no;/noticias.php
imagen;https://www.aguasgrancanaria.com/img/20251111_FotoNoticia_Arranca%20la%20obra%20submarina%20de%20Salto%20de%20Chira.webp;/img/20251111_FotoNoticia_Arranca la obra submarina de Salto de Chira.webp;/imagenes/img/20251111_fotonoticia_arranca-la-obra-submarina-de-salto-de-chira.webp;200;84200;4e41fb275ecf99dfdc0cc2fc4b7fc054d9648883940974706b1fc9b85e29f878;no;/noticias.php
imagen;https://www.aguasgrancanaria.com/img/20251111_FotoNoticia_La%20excavaci%C3%B3n%20de%20la%20caverna%20de%20la%20central%20concentra%20la%20obra%20subterr%C3%A1nea.jpg;/img/20251111_FotoNoticia_La excavación de la caverna de la central concentra la obra subterránea.jpg;/imagenes/img/20251111_fotonoticia_la-excavacion-de-la-caverna-de-la-central-concentra-la-obra-subterranea.jpg;200;147422;b206f3b9bb5dc5d482154e345d41435baaa3ad3eadf6ff12f58e84760c9eae1f;no;/noticias.php
imagen;https://www.aguasgrancanaria.com/img/20260401_FotoNoticia_La%20red%20de%20presas%20de%20Gran%20Canaria.jpg;/img/20260401_FotoNoticia_La red de presas de Gran Canaria.jpg;/imagenes/img/20260401_fotonoticia_la-red-de-presas-de-gran-canaria.jpg;200;236334;26687d8af281fb44f880c5ecb1285fd355b64ae2300b02578aad3371f6424169;no;/noticias.php
imagen;https://www.aguasgrancanaria.com/img/23.gif;/img/23.gif;/imagenes/img/23.gif;200;8464;885c570ff91224552c57a61c4bb7ccbdb13ae112fa8e8c38ae8205754cc242cf;no;/servicios/legislacion/canarias/tramitacion.php
imagen;https://www.aguasgrancanaria.com/img/250715%20Fotonoticia%20reuni%C3%B3n%20Cabildo%20Gran%20Canaria.jpeg;/img/250715 Fotonoticia reunión Cabildo Gran Canaria.jpeg;/imagenes/img/250715-fotonoticia-reunion-cabildo-gran-canaria.jpeg;200;171745;c34a00c092de8fbd0cbb38cf6a99876acef720b4a917ada255059fa9bb9d7b7c;no;/noticias.php
imagen;https://www.aguasgrancanaria.com/img/250726%20FotoNoticia%20Obras%20en%20tres%20barrancos.webp;/img/250726 FotoNoticia Obras en tres barrancos.webp;/imagenes/img/250726-fotonoticia-obras-en-tres-barrancos.webp;200;70902;86fbb5bca5d926b2532152f6d7218d5fb6fd4050ba86780d736452b715126878;no;/noticias.php
imagen;https://www.aguasgrancanaria.com/img/250726%20FotoNoticia%20Un%20mill%C3%B3n%20de%20euros%20mitigar%C3%A1%20inundaciones.webp;/img/250726 FotoNoticia Un millón de euros mitigará inundaciones.webp;/imagenes/img/250726-fotonoticia-un-millon-de-euros-mitigara-inundaciones.webp;200;105096;1677d5e054a77ab235a6c9f0407c4e83938b886bd0febd61cd2bd111e0ec2e0a;no;/noticias.php
imagen;https://www.aguasgrancanaria.com/img/2894_reunion.jpg;/img/2894_reunion.jpg;/imagenes/img/2894_reunion.jpg;200;78407;ef042e3b3ca62215dfdf143714ef5f817c4f8c97dd934c7a1a30b34a4047b1c3;no;/noticias.php
imagen;https://www.aguasgrancanaria.com/img/3_D_almac_precip_peq.gif;/img/3_D_almac_precip_peq.gif;/imagenes/img/3_d_almac_precip_peq.gif;200;12079;aca00901879545340d939e0f66b58c24bebeace654df389e9711905c6bd5ec16;no;/divulgacion/recursos_superficiales.php
imagen;https://www.aguasgrancanaria.com/img/3_D_almac_precip.gif;/img/3_D_almac_precip.gif;/imagenes/img/3_d_almac_precip.gif;200;48514;92510e5b25ccb4e1116e73e43d0a04deb688c159066855f69f1e4922e0e01c62;no;/divulgacion/recursos_superficiales.php
imagen;https://www.aguasgrancanaria.com/img/3_D_aprovecham_peq.jpg;/img/3_D_aprovecham_peq.jpg;/imagenes/img/3_d_aprovecham_peq.jpg;200;18449;4e7b277861d487ca78d0dcdadc02289fa3ebc2b42f0944aa5200c5c12df27532;no;/divulgacion/recursos_superficiales.php
imagen;https://www.aguasgrancanaria.com/img/3_D_aprovechamientos.gif;/img/3_D_aprovechamientos.gif;/imagenes/img/3_d_aprovechamientos.gif;200;10542;36fdaef725fc1587ff663aeee67df299c889d8eb1b01b814d94d553e24d07a4a;no;/divulgacion/recursos_superficiales.php
imagen;https://www.aguasgrancanaria.com/img/3_D_presas_peq.gif;/img/3_D_presas_peq.gif;/imagenes/img/3_d_presas_peq.gif;200;10564;b2facd05628d1245b186876f02ecae5708f05c4bd0d7f9d5075503bf16b7d75c;no;/divulgacion/recursos_superficiales.php
imagen;https://www.aguasgrancanaria.com/img/3_D_presas.gif;/img/3_D_presas.gif;/imagenes/img/3_d_presas.gif;200;43657;53d42646ca83bc2fffe66990d7b98f0ffd0f54f49c6ce93988d183f8ed2bf8c4;no;/divulgacion/recursos_superficiales.php
imagen;https://www.aguasgrancanaria.com/img/3_T_max_avdas_peq.gif;/img/3_T_max_avdas_peq.gif;/imagenes/img/3_t_max_avdas_peq.gif;200;6730;cb548d500c4ec97393bfc230b48bc7f88a68bd90e47c19a1b77576093b861d0b;no;/divulgacion/recursos_superficiales.php
imagen;https://www.aguasgrancanaria.com/img/3_T_max_avdas.gif;/img/3_T_max_avdas.gif;/imagenes/img/3_t_max_avdas.gif;200;12670;9db635c625a4ffa23c7ab4b68b67923aac00331ff4d7682e3f8d05eca2c8ab46;no;/divulgacion/recursos_superficiales.php
imagen;https://www.aguasgrancanaria.com/img/3_T_obras_almac_peq.gif;/img/3_T_obras_almac_peq.gif;/imagenes/img/3_t_obras_almac_peq.gif;200;1146;ad701de99a637a8fa10b6d77b7d8bc1b15fdc2ad570fb476c04879d8ced03552;no;/divulgacion/recursos_superficiales.php
imagen;https://www.aguasgrancanaria.com/img/3_T_presas_peq.gif;/img/3_T_presas_peq.gif;/imagenes/img/3_t_presas_peq.gif;200;1146;fa67746a2d45001641ed835a0f02c6bbb36b3ff00b316975748466257fe7facd;no;/divulgacion/recursos_superficiales.php
imagen;https://www.aguasgrancanaria.com/img/4_casa_maq.jpg;/img/4_casa_maq.jpg;/imagenes/img/4_casa_maq.jpg;200;8969;9d2145ba11d56f5baa1b7a24de2b25c653f9d53a94ac0efc374984b30fa236fb;no;/divulgacion/recursos_subterraneos.php
imagen;https://www.aguasgrancanaria.com/img/4_D_sit_adm.gif;/img/4_D_sit_adm.gif;/imagenes/img/4_d_sit_adm.gif;200;2014;2c68f7694c58ebb61c31debc43e038e697e3665dda33aa73c784d10c68e11f6e;no;/divulgacion/recursos_subterraneos.php
imagen;https://www.aguasgrancanaria.com/img/4_fondo_pozo.jpg;/img/4_fondo_pozo.jpg;/imagenes/img/4_fondo_pozo.jpg;200;5516;7feecbb8563904c0abcc5d07c05178ed96428b09350a2949b127ccd472029d5d;no;/divulgacion/recursos_subterraneos.php
imagen;https://www.aguasgrancanaria.com/img/4_humedal.jpg;/img/4_humedal.jpg;/imagenes/img/4_humedal.jpg;200;8453;581dfc46fc1d775a93049f4b5da18677141750792e74c2c058a8f8cefedce5fc;no;/divulgacion/recursos_subterraneos.php
imagen;https://www.aguasgrancanaria.com/img/4_M_captaciones.gif;/img/4_M_captaciones.gif;/imagenes/img/4_m_captaciones.gif;200;21893;507026c3c2e80e9f36c6dd904e6a1e1306dac1b30e0cabc6b1ec8b92f1df6395;no;/divulgacion/recursos_subterraneos.php
imagen;https://www.aguasgrancanaria.com/img/4_M_descensos_peq.gif;/img/4_M_descensos_peq.gif;/imagenes/img/4_m_descensos_peq.gif;200;950;c55c99406e66d22b2a9f06600a2055f43585496e36b9dfc298e084c881c29782;no;/divulgacion/recursos_subterraneos.php
imagen;https://www.aguasgrancanaria.com/img/4_M_descensos.gif;/img/4_M_descensos.gif;/imagenes/img/4_m_descensos.gif;200;15242;69356a7d698c6675d05c5d5739eae027fb02b835412927e11ddbe48312d939e5;no;/divulgacion/recursos_subterraneos.php
imagen;https://www.aguasgrancanaria.com/img/4_M_hidroq_peq.gif;/img/4_M_hidroq_peq.gif;/imagenes/img/4_m_hidroq_peq.gif;200;1207;913c8ce96127bd8140fc9a1e5cb23890d4e6b5953208faa46dc07e3c14f5c4d5;no;/divulgacion/recursos_subterraneos.php
imagen;https://www.aguasgrancanaria.com/img/4_M_hidroq.gif;/img/4_M_hidroq.gif;/imagenes/img/4_m_hidroq.gif;200;19966;454dad0705f9ae14c3b09c81364cd512196e9aae017909cf1a9b7d9933962a69;no;/divulgacion/recursos_subterraneos.php
imagen;https://www.aguasgrancanaria.com/img/4_M_niveles_peq.gif;/img/4_M_niveles_peq.gif;/imagenes/img/4_m_niveles_peq.gif;200;1465;caf16d03c04ebc7d00475c1b260e6177d1b03fcedaefd87f51056b62d662c065;no;/divulgacion/recursos_subterraneos.php
imagen;https://www.aguasgrancanaria.com/img/4_M_niveles.gif;/img/4_M_niveles.gif;/imagenes/img/4_m_niveles.gif;200;18388;4a7e028c9be63adf384e334e923996c5cac5c52a43bd78fcefb52e94967842a7;no;/divulgacion/recursos_subterraneos.php
imagen;https://www.aguasgrancanaria.com/img/4_pozo.jpg;/img/4_pozo.jpg;/imagenes/img/4_pozo.jpg;200;7536;c55f27e402643e9c33ace008549db58f689df79357faf1f73694e6a29f708807;no;/divulgacion/recursos_subterraneos.php
imagen;https://www.aguasgrancanaria.com/img/4_T_tipo_capt_munic_peq.gif;/img/4_T_tipo_capt_munic_peq.gif;/imagenes/img/4_t_tipo_capt_munic_peq.gif;200;1198;23ea4f0914aaea00f3be65f2b544a27dd8c3c02823dffa43320a79329c66a3c0;no;/divulgacion/recursos_subterraneos.php
imagen;https://www.aguasgrancanaria.com/img/4_T_tipo_capt_munic.gif;/img/4_T_tipo_capt_munic.gif;/imagenes/img/4_t_tipo_capt_munic.gif;200;9947;eccf3eccb767f9000be41f85a1adf058b7245ef4a8373b149251c0d8eeea0b85;no;/divulgacion/recursos_subterraneos.php
imagen;https://www.aguasgrancanaria.com/img/5_M_depuradoras_peq.gif;/img/5_M_depuradoras_peq.gif;/imagenes/img/5_m_depuradoras_peq.gif;200;2473;e2b4aebb4b6b9f85768bd001daac3aa01e6e9f2c93b0cdb57e59754bcd6772ad;no;/divulgacion/recursos_no_naturales.php
imagen;https://www.aguasgrancanaria.com/img/5_M_depuradoras.gif;/img/5_M_depuradoras.gif;/imagenes/img/5_m_depuradoras.gif;200;63938;2e5e4eaab7143fae9e05d1eac5486082049285516f7180901a5a8cb57000a277;no;/divulgacion/recursos_no_naturales.php
imagen;https://www.aguasgrancanaria.com/img/5_M_desaladoras_as.gif;/img/5_M_desaladoras_as.gif;/imagenes/img/5_m_desaladoras_as.gif;200;56860;28afa251bee9ce4aa086f66a0f0f947a4b533e02aea9e27f1afb48f2d560f28f;no;/divulgacion/recursos_no_naturales.php
imagen;https://www.aguasgrancanaria.com/img/5_M_desaladoras_sw.gif;/img/5_M_desaladoras_sw.gif;/imagenes/img/5_m_desaladoras_sw.gif;200;49354;06caba49d8ec323c03e7e9ece703521878417ee8919090b3ece81482001d8edc;no;/divulgacion/recursos_no_naturales.php
imagen;https://www.aguasgrancanaria.com/img/5_panoramica.jpg;/img/5_panoramica.jpg;/imagenes/img/5_panoramica.jpg;200;19073;55e2f0e230fa1746472140e453e9e3ada6aac12a9ef81ca50a795a9f955c8563;no;/divulgacion/recursos_no_naturales.php
imagen;https://www.aguasgrancanaria.com/img/5_T_edar_peq.gif;/img/5_T_edar_peq.gif;/imagenes/img/5_t_edar_peq.gif;200;788;7b1b7ec7305eee626e84367d9910e6935c4be42dc1f602c191d4927bc59352a4;no;/divulgacion/recursos_no_naturales.php
imagen;https://www.aguasgrancanaria.com/img/6_M_cultivos.gif;/img/6_M_cultivos.gif;/imagenes/img/6_m_cultivos.gif;200;21029;c41723028a0d9cbf4e6ddf9262fad89921d94dd59d8ef116c3883a6bbec435c0;no;/divulgacion/uso_agua.php
imagen;https://www.aguasgrancanaria.com/img/6_T_abast_munic.gif;/img/6_T_abast_munic.gif;/imagenes/img/6_t_abast_munic.gif;200;19907;35d4050ab0d6c358eaf80ef4e6448df733787fd1b312e27f484bad8d490df460;no;/divulgacion/uso_agua.php
imagen;https://www.aguasgrancanaria.com/img/9.gif;/img/9.gif;/imagenes/img/9.gif;200;20376;61711fc5902a3a43d5426193132ee6ae4ce73e98a02109dcc93626ee643554dc;no;/servicios/legislacion/canarias/ordenanzas.php
imagen;https://www.aguasgrancanaria.com/img/agrivoltaica_bosque_comestible.webp;/img/agrivoltaica_bosque_comestible.webp;/imagenes/img/agrivoltaica_bosque_comestible.webp;200;183182;98ac09ee9ca24fbd235d53f6e4c904f8a4b53c30dae6fa1fb8e7d9543a660ec2;no;/noticias.php
imagen;https://www.aguasgrancanaria.com/img/Alerta-2018-01-29.png;/img/Alerta-2018-01-29.png;/imagenes/img/alerta-2018-01-29.png;200;11933;c9b7094c2e6c49c770e702ea079c4a6c9c0b5ef53770b24c6c873feb50177cdf;no;/noticias.php
imagen;https://www.aguasgrancanaria.com/img/antonio-morales-debate-insular-gran-canaria.webp;/img/antonio-morales-debate-insular-gran-canaria.webp;/imagenes/img/antonio-morales-debate-insular-gran-canaria.webp;200;38892;2762e4f2216741d8be546486bc3580b8ffb26498db0730220cd1bd09cbf53c23;no;/noticias.php
imagen;https://www.aguasgrancanaria.com/img/aquamac.jpg;/img/aquamac.jpg;/imagenes/img/aquamac.jpg;200;2017;6aeca784d6dfaa67098e4251eae14f793b3312a062264eb612465d82f41cb797;no;/divulgacion/fondos_feder.php | /divulgacion/jovenes_agua.php
imagen;https://www.aguasgrancanaria.com/img/articulo_4.gif;/img/articulo_4.gif;/imagenes/img/articulo_4.gif;200;18470;4c754820f63fce6fb4d463425e73095e7e85b89f8b5cccc5686efc0f1da2c291;no;/servicios/legislacion/europa/directiva_subterranea.php
imagen;https://www.aguasgrancanaria.com/img/Avenida_Tasarte_clip_image002.jpg;/img/Avenida_Tasarte_clip_image002.jpg;/imagenes/img/avenida_tasarte_clip_image002.jpg;200;79415;6be20324659e5c6a6425be172df911bfa8f6724f832d9995a6f760997b739a36;no;/divulgacion/riada_tasarte.php
imagen;https://www.aguasgrancanaria.com/img/Avenida_Tasarte_clip_image004.jpg;/img/Avenida_Tasarte_clip_image004.jpg;/imagenes/img/avenida_tasarte_clip_image004.jpg;200;42331;d93d48ec53f9edba0d7eeafc49677c314823803e1a8fb01951b7f22ec53f4a06;no;/divulgacion/riada_tasarte.php
imagen;https://www.aguasgrancanaria.com/img/Avenida_Tasarte_clip_image006.gif;/img/Avenida_Tasarte_clip_image006.gif;/imagenes/img/avenida_tasarte_clip_image006.gif;200;65475;e4311a86f2404082790da424bd4324bc295ecb3106ff8f0d61011abca1276273;no;/divulgacion/riada_tasarte.php
imagen;https://www.aguasgrancanaria.com/img/Avenida_Tasarte_clip_image009.jpg;/img/Avenida_Tasarte_clip_image009.jpg;/imagenes/img/avenida_tasarte_clip_image009.jpg;200;67816;8cf406f8b4ed1b634d05fc7b75c8eb86aaef3d41491db6b6b40d245cd10cc1c8;no;/divulgacion/riada_tasarte.php
imagen;https://www.aguasgrancanaria.com/img/Avenida_Tasarte_clip_image011.jpg;/img/Avenida_Tasarte_clip_image011.jpg;/imagenes/img/avenida_tasarte_clip_image011.jpg;200;39168;2a4f26f2002f84d7e1f36363a58cdd574996b67a967312441dac47edd1512f55;no;/divulgacion/riada_tasarte.php
imagen;https://www.aguasgrancanaria.com/img/Avenida_Tasarte_clip_image015.jpg;/img/Avenida_Tasarte_clip_image015.jpg;/imagenes/img/avenida_tasarte_clip_image015.jpg;200;44267;949404a9f87357f27f88d0e2f472a622ccb41f86af71d7c2f4e3ab577e2385d8;no;/divulgacion/riada_tasarte.php
imagen;https://www.aguasgrancanaria.com/img/Avenida_Tasarte_clip_image017.jpg;/img/Avenida_Tasarte_clip_image017.jpg;/imagenes/img/avenida_tasarte_clip_image017.jpg;200;37074;376b82de4866608591c3491ef605dc72ed0834e150914b82e082903ca4c4ae52;no;/divulgacion/riada_tasarte.php
imagen;https://www.aguasgrancanaria.com/img/Avenida_Tasarte_clip_image019.jpg;/img/Avenida_Tasarte_clip_image019.jpg;/imagenes/img/avenida_tasarte_clip_image019.jpg;200;41971;31210c8061fd624ffc8c368f6d7caecde44ef5ccf3b33854a9930f2d8e2dbbfa;no;/divulgacion/riada_tasarte.php
imagen;https://www.aguasgrancanaria.com/img/balance.gif;/img/balance.gif;/imagenes/img/balance.gif;200;7010;423e526db7cfe8170f2af7ec29f3ef6f5d6381c23b9a1e8b320ac2d6e1acdfb2;no;/divulgacion/ciclo_hidrologico.php
imagen;https://www.aguasgrancanaria.com/img/Barrancos_Cuencas.jpg;/img/Barrancos_Cuencas.jpg;/imagenes/img/barrancos_cuencas.jpg;200;82696;393de956170a0c93d96e056665d3848869b8139dbed5671b7c9e21a1141ed905;no;/cartografia/medio_fisico/barrancos_cuencas.php
imagen;https://www.aguasgrancanaria.com/img/BIDE-A.gif;/img/BIDE-A.gif;/imagenes/img/bide-a.gif;200;1656;dd8359d98337e974795b3cc00701e0d975ba39d6ffa4ab9405d34a354e224765;no;/servicios/legislacion/españa/proteccion_aguas_subterraneas.php
imagen;https://www.aguasgrancanaria.com/img/BOE_A_2013.gif;/img/BOE_A_2013.gif;/imagenes/img/boe_a_2013.gif;200;1784;f670ab5e247e3ffd86ae2a24f01fd5a5e64e019dbb823a4d95ec242f09d21bf1;no;/servicios/legislacion/españa/modificacion_reglamento.php
imagen;https://www.aguasgrancanaria.com/img/BOE.gif;/img/BOE.gif;/imagenes/img/boe.gif;200;2116;15fbc161cfaeb688944b329e7fadcd39e4d4f718449a09b0672ee218a2db5b33;no;/servicios/legislacion/españa/aguas_urbanas.php
imagen;https://www.aguasgrancanaria.com/img/borrasca-canarias.jpg;/img/borrasca-canarias.jpg;/imagenes/img/borrasca-canarias.jpg;200;116206;0c6ed551fe8afc7621b5c5f33ffa19bb0c096f23ddf02036943438bf65e6f239;no;/noticias.php
imagen;https://www.aguasgrancanaria.com/img/c2_europa.jpg;/img/c2_europa.jpg;/imagenes/img/c2_europa.jpg;200;1970;6aa8869b694ffa15a52991f18eb00745fba3e7612be7f4c88f5c6338ff81a26c;no;/divulgacion/jovenes_agua.php
imagen;https://www.aguasgrancanaria.com/img/cabildo.JPG;/img/cabildo.JPG;/imagenes/img/cabildo.jpg;200;13853;b74653090611bc5eca9ea6b1cd2f8dd33c6d623cbebe40fced7b08d71960379d;no;/transparencia.php
imagen;https://www.aguasgrancanaria.com/img/cable-barranco.webp;/img/cable-barranco.webp;/imagenes/img/cable-barranco.webp;200;238016;97c942138959046c891941dbb5b576fd2794b97e293a2a58c222be44ad2be7c0;no;/noticias.php
imagen;https://www.aguasgrancanaria.com/img/CCauces.jpg;/img/CCauces.jpg;/imagenes/img/ccauces.jpg;200;26941;3ef1720b305a839c445fc0d516c93c34f434fb27d1d35a7549253e195cc915e3;no;/el_consejo.php | /consejo.php
imagen;https://www.aguasgrancanaria.com/img/chira-aerrea-Canarias7.webp;/img/chira-aerrea-Canarias7.webp;/imagenes/img/chira-aerrea-canarias7.webp;200;154464;b1523260963673b288fb8143c3f375c9ba10ab0b8c4d1ab13c89d4610a361e6c;no;/noticias.php
imagen;https://www.aguasgrancanaria.com/img/ciagc.gif;/img/ciagc.gif;/imagenes/img/ciagc.gif;200;4167;9363848c9d10c171cbb21ceb99f9d3461227088d779d345e6b803a25921728a8;no;/divulgacion/jornadas.php
imagen;https://www.aguasgrancanaria.com/img/collage-barranquillo-salinetas.webp;/img/collage-barranquillo-salinetas.webp;/imagenes/img/collage-barranquillo-salinetas.webp;200;475968;0fddcd79bc8943bfd293597a052f5fd3caf0a38c90c85ac79ac85c373b4b2b82;no;/noticias.php
imagen;https://www.aguasgrancanaria.com/img/collapse.gif;/img/collapse.gif;/imagenes/img/collapse.gif;200;857;91d587dbe258a6f445cc97ab319dec310487b13dafeab9782aa887981fbb3afe;no;/el_consejo/juntas.php
imagen;https://www.aguasgrancanaria.com/img/comision_adaptacion_cambio_climatico.webp;/img/comision_adaptacion_cambio_climatico.webp;/imagenes/img/comision_adaptacion_cambio_climatico.webp;200;21370;f25fd1f8ff149c7d96508babb39b627a9c17c9566f9afdaf709f90136796398c;no;/noticias.php
imagen;https://www.aguasgrancanaria.com/img/Consumos_Agrarios.jpg;/img/Consumos_Agrarios.jpg;/imagenes/img/consumos_agrarios.jpg;200;86474;ef0a749dd930e6c7fb59a891feb054fa5d7c37688a4126988a71fa1f9d7158ed;no;/cartografia/tematica/consumos.php
imagen;https://www.aguasgrancanaria.com/img/cuando-salto-chira.webp;/img/cuando-salto-chira.webp;/imagenes/img/cuando-salto-chira.webp;200;333038;d4de634403c4bb00b484fd72c8324012d21a6376ce1f561448d5514cf8cf188b;no;/noticias.php
imagen;https://www.aguasgrancanaria.com/img/Cultivos.jpg;/img/Cultivos.jpg;/imagenes/img/cultivos.jpg;200;70144;36df4f99abd09363246c81b8959b15e2699ae9b847e69ccd8ca884a78711118c;no;/cartografia/medio_fisico/cultivos.php
imagen;https://www.aguasgrancanaria.com/img/D_evapo_precip.gif;/img/D_evapo_precip.gif;/imagenes/img/d_evapo_precip.gif;200;5179;ddfefe5f35058c2f7fbe3870aed21ba8dfc1dd8978d8941015326a2449206275;no;/divulgacion/ciclo_hidrologico.php
imagen;https://www.aguasgrancanaria.com/img/D_precip_mensual.gif;/img/D_precip_mensual.gif;/imagenes/img/d_precip_mensual.gif;200;2259;94e00ef068e34f79e8b6a8fe0dbf435f617524f98347a5b083699fd92942a6f0;no;/divulgacion/ciclo_hidrologico.php
imagen;https://www.aguasgrancanaria.com/img/D_precip_periodo.gif;/img/D_precip_periodo.gif;/imagenes/img/d_precip_periodo.gif;200;4274;5f7ecceb5c9abb412181ec1dc16318772cb2d7dd8b573f4dcdd4fc4883923919;no;/divulgacion/ciclo_hidrologico.php
imagen;https://www.aguasgrancanaria.com/img/decreto.gif;/img/decreto.gif;/imagenes/img/decreto.gif;200;2759;71dec574d8af6f36197de9a60769ef36693adf21560125a3938f02ff3444fd5d;no;/servicios/legislacion/canarias/suelos_contaminados.php
imagen;https://www.aguasgrancanaria.com/img/Del_Regante_GUI174.jpg;/img/Del_Regante_GUI174.jpg;/imagenes/img/del_regante_gui174.jpg;200;114519;69f12c249443034a77e11fa3b9b7eb41ae4e35813ce5572512e7afb3dc260c23;no;/presas/ubicacion_presas.php
imagen;https://www.aguasgrancanaria.com/img/desalacion_cambio_climatico_noticia.webp;/img/desalacion_cambio_climatico_noticia.webp;/imagenes/img/desalacion_cambio_climatico_noticia.webp;200;100672;2630a848e90df455729003dd024d62f03ae247f57bf7567edeb7ed26ca7438b5;no;/noticias.php
imagen;https://www.aguasgrancanaria.com/img/Desalacion_depuracion.jpg;/img/Desalacion_depuracion.jpg;/imagenes/img/desalacion_depuracion.jpg;200;65358;8140240b731de891bf2697a9ecaf033e94ce1f3ba5a5e3cfab45ed5e2ac9a1b4;no;/cartografia/infraestructura/depuradoras.php
imagen;https://www.aguasgrancanaria.com/img/desaladoras_clip_image002.gif;/img/desaladoras_clip_image002.gif;/imagenes/img/desaladoras_clip_image002.gif;200;6974;16c2b0038f26374bb3d790d1dd8d6112badb2c6f50e5703b352b1202b03b9b2e;no;/agua/desaladoras.php
imagen;https://www.aguasgrancanaria.com/img/desaladoras_clip_image004.gif;/img/desaladoras_clip_image004.gif;/imagenes/img/desaladoras_clip_image004.gif;200;16174;fb21f80dd4c6cd28cd6f301cd3e5509cdd1c2f7e2abf749344a07b62552d3b5d;no;/agua/desaladoras.php
imagen;https://www.aguasgrancanaria.com/img/desaladoras_clip_image006.gif;/img/desaladoras_clip_image006.gif;/imagenes/img/desaladoras_clip_image006.gif;200;3867;f1255d1161675528d2df8877a0c2e687255bf8376804eec1895d432fd6af4130;no;/agua/desaladoras.php
imagen;https://www.aguasgrancanaria.com/img/desaladoras_clip_image008.jpg;/img/desaladoras_clip_image008.jpg;/imagenes/img/desaladoras_clip_image008.jpg;200;36387;35887e7d20f5e11cedcc09d827b0cde741cb6a5fe058eacbddcd36a2972b6612;no;/agua/desaladoras.php
imagen;https://www.aguasgrancanaria.com/img/desaladoras_clip_image010.gif;/img/desaladoras_clip_image010.gif;/imagenes/img/desaladoras_clip_image010.gif;200;2423;34d6ad94a3e8b58fb49ffb3b0556eb3e6222db1455a207b71b628830615a8df3;no;/agua/desaladoras.php
imagen;https://www.aguasgrancanaria.com/img/desaladoras_clip_image012.gif;/img/desaladoras_clip_image012.gif;/imagenes/img/desaladoras_clip_image012.gif;200;4181;c14047b568880730816f1ce1d0d7e0d6bf8dd0fae55273671d8e402e3ae17abd;no;/agua/desaladoras.php
imagen;https://www.aguasgrancanaria.com/img/desaladoras_clip_image014.gif;/img/desaladoras_clip_image014.gif;/imagenes/img/desaladoras_clip_image014.gif;200;8332;122086e163a11167cbcd0042ac340edee48621d8848ac737ca3362b583e28057;no;/agua/desaladoras.php
imagen;https://www.aguasgrancanaria.com/img/desaladoras_clip_image016.gif;/img/desaladoras_clip_image016.gif;/imagenes/img/desaladoras_clip_image016.gif;200;7895;0e41b286757dfe03b91ed666139e580108978aaea3ce7d51d1124263a5aeeec1;no;/agua/desaladoras.php
imagen;https://www.aguasgrancanaria.com/img/desaladoras-portatiles.webp;/img/desaladoras-portatiles.webp;/imagenes/img/desaladoras-portatiles.webp;200;51066;97bc578874dc79fc5ea93d68322044ac1f4184bdb440a465f12054a15a8b483d;no;/noticias.php
imagen;https://www.aguasgrancanaria.com/img/DesaLIFE-agua-potable-energ%C3%ADa.webp;/img/DesaLIFE-agua-potable-energía.webp;/imagenes/img/desalife-agua-potable-energia.webp;200;88452;c265a1f4e3f427c7673dcbe88bac7befc76b10996ddb5ea9d6ca521ff580e68d;no;/noticias.php
imagen;https://www.aguasgrancanaria.com/img/dir_inundaciones.gif;/img/dir_inundaciones.gif;/imagenes/img/dir_inundaciones.gif;200;1633;ea80a5cdc000646b21171f138cf4c5f6df33caabef05038c46e51a4150dbac37;no;/servicios/legislacion/europa/directiva_inundaciones.php
imagen;https://www.aguasgrancanaria.com/img/directivas_prioritarias.gif;/img/directivas_prioritarias.gif;/imagenes/img/directivas_prioritarias.gif;200;1650;8a8367c3b450c2f944ce6c03a101e64482f502241ad8a25acfc9400f14105df5;no;/servicios/legislacion/europa/sustancias_prioritarias.php
imagen;https://www.aguasgrancanaria.com/img/dma_conceptos_clip_image003.jpg;/img/dma_conceptos_clip_image003.jpg;/imagenes/img/dma_conceptos_clip_image003.jpg;200;12643;66fe17ce9fd4755a136f9f126885e093bb4a702993e4c4e8c07ff1ce1b9818b4;no;/planhidro/directiva/conceptos_basicos.php
imagen;https://www.aguasgrancanaria.com/img/dma_conceptos_clip_image005.gif;/img/dma_conceptos_clip_image005.gif;/imagenes/img/dma_conceptos_clip_image005.gif;200;1237;c72d58aa27660661ca55689fdd298fb3904131f0f7bd527baacead9b4fcc29e1;no;/planhidro/directiva/conceptos_basicos.php
imagen;https://www.aguasgrancanaria.com/img/dma_conceptos_clip_image007.gif;/img/dma_conceptos_clip_image007.gif;/imagenes/img/dma_conceptos_clip_image007.gif;200;13116;f432c453773ec003392479950e7aa0b58daea5ba53328fe28cd65cddd178e757;no;/planhidro/directiva/conceptos_basicos.php
imagen;https://www.aguasgrancanaria.com/img/dma_conceptos_clip_image009.gif;/img/dma_conceptos_clip_image009.gif;/imagenes/img/dma_conceptos_clip_image009.gif;200;1683;22252077131a8b38b877c15ab1a7664b48adfc73b3221c1cb971738d8e55b1e1;no;/planhidro/directiva/conceptos_basicos.php
imagen;https://www.aguasgrancanaria.com/img/emisario-guia_galdar.webp;/img/emisario-guia_galdar.webp;/imagenes/img/emisario-guia_galdar.webp;200;136014;63b97517e48b241774221d3f4123c0d5b2b983c7fdc506b21ff9229ada2edeb0;no;/noticias.php
imagen;https://www.aguasgrancanaria.com/img/escudo.gif;/img/escudo.gif;/imagenes/img/escudo.gif;200;2629;ad6e9a2a453643917e4347884b4832dbaa3eca57cc8339bc9d7f590f4127a8c2;no;/servicios/legislacion/españa/aguas_urbanas.php
imagen;https://www.aguasgrancanaria.com/img/esdudos-emblemas-programas-cofinanciados3.jpg;/img/esdudos-emblemas-programas-cofinanciados3.jpg;/imagenes/img/esdudos-emblemas-programas-cofinanciados3.jpg;200;25048;190f0536041b9765a8a34f1a3d000e9065c6527b35d614e36390bc4fd795867c;no;/nextgeneration.php
imagen;https://www.aguasgrancanaria.com/img/evaluacion_riesgos_inundacion.gif;/img/evaluacion_riesgos_inundacion.gif;/imagenes/img/evaluacion_riesgos_inundacion.gif;200;2134;5bb37de49ea0cb78195bc42261c75c0bf08b687e4da495c494b32cd614756570;no;/servicios/legislacion/españa/evaluacion_gestion.php
imagen;https://www.aguasgrancanaria.com/img/favicon.gif;/img/favicon.gif;/imagenes/img/favicon.gif;200;1577;e5d1ab42555fb859670e1cdaf3747691dccb1b915638f0b9b32d126e071a8c09;no;/info_public.php | /consejos_ahorro.php | /divulgacion.php | /noticias.php | /divulgacion/articulos/estudio_cientifico.php | /divulgacion/articulos/estudio_hidrogeologico.php | /divulgacion/articulos_publicaciones.php | /divulgacion/escenario.php | /divulgacion/ciclo_hidrologico.php | /divulgacion/fondos_feder.php | /divulgacion/jornadas.php | /divulgacion/jovenes_agua.php | /divulgacion/opciones.php | /divulgacion/ordenanzas.php | /divulgacion/programa_acutacion.php | /divulgacion/punto_partida.php | /divulgacion/principios_directrices.php | /divulgacion/recursos_no_naturales.php | /divulgacion/recursos_subterraneos.php | /divulgacion/recursos_superficiales.php | /divulgacion/riada_tasarte.php | /el_consejo.php | /divulgacion/uso_agua.php | / | /el_consejo/organos_gobierno.php | /elecciones.php | /el_consejo/ubicacion.php | /fondos_feder.php | /nextgeneration.php | /subvenciones.php | /agua/desaladoras.php | /presas/archivo.php | /pluviometros.php | /presas/volumenes.php | /concurso_hidro.php | /presas/ubicacion_presas.php | /accesibilidad.php | /privacidad.php | /cartografia.php | /cartografia/Catalogo_Cauces/index.html | /cartografia/gestion/redes.php | /cartografia/gestion/pluviometria.php | /cartografia/infraestructura/depuradoras.php | /cartografia/infraestructura/consejo.php | /cartografia/infraestructura/presas.php | /cartografia/marco/masas.php | /cartografia/infraestructura/pozos.php | /cartografia/medio_fisico/barrancos_cuencas.php | /cartografia/medio_fisico/permeabilidad.php | /cartografia/medio_fisico/cultivos.php | /cartografia/medio_fisico/relieve.php | /cartografia/tematica/consumos.php | /cartografia/tematica/precipitaciones.php | /inundaciones.php | /red_control.php | /plan_hidro.php | /cartografia/marco/zonificacion.php | /planhidro/art47/normativa.php | /planhidro/art47/volumen1.php | /planhidro/art47/volumen2.php | /planhidro/directiva/antecedentes_planificacion.php | /planhidro/directiva/conceptos_basicos.php | /planhidro/directiva/enlaces_externos.php | /planhidro/directiva/marco_agua.php | /servicios/documento.php | /servicios/legislacion.php | /consejo.php | /ayudas.php | /economico.php | /empleados.php | /convenio.php | /estadistica.php | /fomento.php | /info.php | /obras.php | /patrimonio.php | /perfil_con.php | /perfil_con_2.php | /presupuesto.php | /transparencia.php
imagen;https://www.aguasgrancanaria.com/img/Firgas_presa_2.JPG;/img/Firgas_presa_2.JPG;/imagenes/img/firgas_presa_2.jpg;200;75576;d94b926a3f77d257efb79db1003a19469b0662fd0340a577d1bcb052a139c60e;no;/presas/ubicacion_presas.php
imagen;https://www.aguasgrancanaria.com/img/Fondos_feder_clip_image002.jpg;/img/Fondos_feder_clip_image002.jpg;/imagenes/img/fondos_feder_clip_image002.jpg;200;2674;ae902a704c519d2b69513e9d77bd6d47563002960521e2215cff4575c0c139e8;no;/divulgacion/fondos_feder.php
imagen;https://www.aguasgrancanaria.com/img/FotoNoticia_chira_entra_en_fase_clave.webp;/img/FotoNoticia_chira_entra_en_fase_clave.webp;/imagenes/img/fotonoticia_chira_entra_en_fase_clave.webp;200;51000;4fc40c7a883476a36eead1b2fbfa392a446f2db013a19c6d23f79a23c8b6ba1e;no;/noticias.php
imagen;https://www.aguasgrancanaria.com/img/FotoNoticia_cuenta_atr%C3%A1s_agua_desalada_Soria.webp;/img/FotoNoticia_cuenta_atrás_agua_desalada_Soria.webp;/imagenes/img/fotonoticia_cuenta_atras_agua_desalada_soria.webp;200;190322;ee58e74927386bf7e50392420c8e183c0888b924317ef3a54ac3cb0a6c2d1a7b;no;/noticias.php
imagen;https://www.aguasgrancanaria.com/img/galeria_piloto_Canarias7.jpg;/img/galeria_piloto_Canarias7.jpg;/imagenes/img/galeria_piloto_canarias7.jpg;200;199916;907bcf623ba512ee1f23c5e4db7f91d83d996bfb01dce34b63748831151f5755;no;/noticias.php
imagen;https://www.aguasgrancanaria.com/img/gc-contra-desertizacion.webp;/img/gc-contra-desertizacion.webp;/imagenes/img/gc-contra-desertizacion.webp;200;237860;02049c80dde9a36e7e84e4d8d69379324746e9d25208eb03f0ff577ad20fe2ab;no;/noticias.php
imagen;https://www.aguasgrancanaria.com/img/get_adobe_reader.gif;/img/get_adobe_reader.gif;/imagenes/img/get_adobe_reader.gif;200;2101;64858cfd4434480d68abe71ac23480335c2c3b5ccc9039aa08301fc901d6c29f;no;/cartografia/gestion/pluviometria.php | /cartografia/infraestructura/depuradoras.php | /cartografia/gestion/redes.php | /cartografia/infraestructura/consejo.php | /cartografia/infraestructura/presas.php | /cartografia/marco/masas.php | /cartografia/infraestructura/pozos.php | /cartografia/medio_fisico/barrancos_cuencas.php | /cartografia/medio_fisico/permeabilidad.php | /cartografia/medio_fisico/cultivos.php | /cartografia/medio_fisico/relieve.php | /cartografia/tematica/consumos.php | /cartografia/tematica/precipitaciones.php | /cartografia/marco/zonificacion.php
imagen;https://www.aguasgrancanaria.com/img/get_google_earth.gif;/img/get_google_earth.gif;/imagenes/img/get_google_earth.gif;200;2679;cc613f5bb592c80f91a05fb6e6ec9f7b896baf09e955ccc03a4903b7d1dbfeea;no;/cartografia/gestion/pluviometria.php | /cartografia/infraestructura/depuradoras.php | /cartografia/gestion/redes.php | /cartografia/infraestructura/consejo.php | /cartografia/infraestructura/presas.php | /cartografia/marco/masas.php | /cartografia/infraestructura/pozos.php | /cartografia/medio_fisico/barrancos_cuencas.php | /cartografia/medio_fisico/permeabilidad.php | /cartografia/medio_fisico/cultivos.php | /cartografia/medio_fisico/relieve.php | /cartografia/tematica/consumos.php | /cartografia/tematica/precipitaciones.php | /cartografia/marco/zonificacion.php
imagen;https://www.aguasgrancanaria.com/img/Gran-Canaria-un-modelo-claro-de-isla-sostenible.webp;/img/Gran-Canaria-un-modelo-claro-de-isla-sostenible.webp;/imagenes/img/gran-canaria-un-modelo-claro-de-isla-sostenible.webp;200;37896;0b98f95f26380863fa1fda0267a9a40108993e21e3f46d82c868e36f60a58e78;no;/noticias.php
imagen;https://www.aguasgrancanaria.com/img/granca.JPG;/img/granca.JPG;/imagenes/img/granca.jpg;200;9006;2a4cc91c6b23e19ebd03ef0024ef5203688627e01d3532fc3a65401acc40b8b6;no;/transparencia.php
imagen;https://www.aguasgrancanaria.com/img/guiabarranco.jpg;/img/guiabarranco.jpg;/imagenes/img/guiabarranco.jpg;200;528944;2f3a933d49b2f3dea827ed66c5d52bd1aeb9439875166864228e7484b5c31249;no;/noticias.php
imagen;https://www.aguasgrancanaria.com/img/Infraestructuras.jpg;/img/Infraestructuras.jpg;/imagenes/img/infraestructuras.jpg;200;92373;7fdceac99a51b2e0514e56deecc26a92012cdefa4b06e43858e01eccb853fcf9;no;/cartografia/infraestructura/consejo.php
imagen;https://www.aguasgrancanaria.com/img/InstitutoGeologicoMinero.gif;/img/InstitutoGeologicoMinero.gif;/imagenes/img/institutogeologicominero.gif;200;1949;775a7c81032c51ae5ad259dddc6da05074fffb3fd78bcc374d7d464fca11cdd3;no;/divulgacion/jornadas.php
imagen;https://www.aguasgrancanaria.com/img/instrumentos_pdf_0.gif;/img/instrumentos_pdf_0.gif;/imagenes/img/instrumentos_pdf_0.gif;200;2029;989a588c904a55cd24a9518668b4da5c97ecbbbbe702f14fb4c972c0e5ee9cf6;no;/servicios/legislacion/canarias/instrumentos.php
imagen;https://www.aguasgrancanaria.com/img/IslaPluv.jpg;/img/IslaPluv.jpg;/imagenes/img/islapluv.jpg;200;155463;42711dcdad8cf834b3b79d9ea05610d743086b411bd5e4cf6b3d2f8ebc7e7e3f;no;/pluviometros.php
imagen;https://www.aguasgrancanaria.com/img/Isoyetas_peq.gif;/img/Isoyetas_peq.gif;/imagenes/img/isoyetas_peq.gif;200;3647;425231708f9a4a6135a13cc275720c3842ce76e41bfadee1961dfbb71dfcc3ac;no;/divulgacion/ciclo_hidrologico.php
imagen;https://www.aguasgrancanaria.com/img/Isoyetas_rango_peq.gif;/img/Isoyetas_rango_peq.gif;/imagenes/img/isoyetas_rango_peq.gif;200;2093;10751ca6e493f94ba661f953e83faa8a35c7e4b0f0393943071b9ce680862111;no;/divulgacion/ciclo_hidrologico.php
imagen;https://www.aguasgrancanaria.com/img/jornada_online.jpg;/img/jornada_online.jpg;/imagenes/img/jornada_online.jpg;200;421722;5be20cd923a8c5d2bce79538cc3229c946add58ac17cceac64ce388ae2f354a5;no;/
imagen;https://www.aguasgrancanaria.com/img/jovenes_por_agua.jpg;/img/jovenes_por_agua.jpg;/imagenes/img/jovenes_por_agua.jpg;200;62480;5258cc5c5e89eb8b73d521d0acbf976cce7178e6a5ca100c22aff1d88d5356b1;no;/divulgacion/jovenes_agua.php
imagen;https://www.aguasgrancanaria.com/img/lluvias-gc-oliver.webp;/img/lluvias-gc-oliver.webp;/imagenes/img/lluvias-gc-oliver.webp;200;72916;4a9a533afcecb97035ad05596a3b1fc1089b51eaa712c0981ee32de30715b966;no;/noticias.php
imagen;https://www.aguasgrancanaria.com/img/logo_pdf.gif;/img/logo_pdf.gif;/imagenes/img/logo_pdf.gif;200;1452;98ce81c05f8f776ee3593c26bf76643266bdbc40c1c75dcaf19461ca77de1f43;no;/planhidro/directiva/marco_agua/agua_esencial.php | /planhidro/directiva/marco_agua/calendario_programa_trabajo.php | /planhidro/directiva/marco_agua/ciclo_planificacion_hidrologica.php | /planhidro/directiva/marco_agua/caracterizacion_masas_agua.php | /planhidro/directiva/marco_agua/cumplimiento_V_VI.php | /planhidro/directiva/marco_agua/cuencas_hidrograficas.php | /planhidro/directiva/marco_agua/directiva_marco_agua_CE.php | /planhidro/directiva/marco_agua/directiva_nitratos.php | /planhidro/directiva/marco_agua/economia_medio_ambiente.php | /planhidro/directiva/marco_agua/informe_V_VI.php | /planhidro/directiva/marco_agua/informe_red_control.php | /planhidro/directiva/marco_agua/instruccion_planificacion.php | /planhidro/directiva/marco_agua/participacion_publica_DMA.php | /planhidro/directiva/marco_agua/participacion_publica_DMA_8.php | /planhidro/directiva/marco_agua/procesos_planificacion.php | /planhidro/directiva/marco_agua/planifiacion_hidrologica.php | /planhidro/directiva/marco_agua/reglamento.php | /planhidro/directiva/marco_agua/riesgos_aguas_subterraneas.php | /planhidro/directiva/marco_agua/reglamento_planificacion.php | /planhidro/directiva/marco_agua/trabajos_directiva_marco.php | /planhidro/directiva/marco_agua/zonas_costeras.php
imagen;https://www.aguasgrancanaria.com/img/logo11.jpg;/img/logo11.jpg;/imagenes/img/logo11.jpg;200;33255;078c21bb48aedcfe2ed68dde264f831ee92c233fbbc4218c8186d10a4aae375e;no;/divulgacion.php | /divulgacion/articulos/estudio_cientifico.php | /divulgacion/articulos/estudio_hidrogeologico.php | /el_consejo.php | / | /presas/archivo.php | /presas/volumenes.php | /cartografia.php | /cartografia/Catalogo_Cauces/index.html | /cartografia/gestion/redes.php | /cartografia/gestion/pluviometria.php | /cartografia/infraestructura/depuradoras.php | /cartografia/infraestructura/consejo.php | /cartografia/infraestructura/presas.php | /cartografia/marco/masas.php | /cartografia/infraestructura/pozos.php | /cartografia/medio_fisico/barrancos_cuencas.php | /cartografia/medio_fisico/permeabilidad.php | /cartografia/medio_fisico/cultivos.php | /cartografia/medio_fisico/relieve.php | /cartografia/tematica/consumos.php | /cartografia/tematica/precipitaciones.php | /cartografia/marco/zonificacion.php | /planhidro/art47/normativa.php | /planhidro/art47/volumen1.php | /planhidro/art47/volumen2.php | /planhidro/directiva/antecedentes_planificacion.php | /planhidro/directiva/conceptos_basicos.php | /planhidro/directiva/enlaces_externos.php | /planhidro/directiva/marco_agua.php | /servicios/legislacion.php | /consejo.php | /economico.php | /transparencia.php
imagen;https://www.aguasgrancanaria.com/img/logociagc_cian_peq_agua_clara.gif;/img/logociagc_cian_peq_agua_clara.gif;/imagenes/img/logociagc_cian_peq_agua_clara.gif;200;1319;a19f4942e7dfd8ed277b42b870f6f4a1c5b7d895f59a2804d83b7e6122caeb7c;no;/divulgacion/articulos/estudio_cientifico.php | /divulgacion/articulos/estudio_hidrogeologico.php | /planhidro/directiva/marco_agua/agua_esencial.php | /planhidro/directiva/marco_agua/calendario_programa_trabajo.php | /planhidro/directiva/marco_agua/ciclo_planificacion_hidrologica.php | /planhidro/directiva/marco_agua/caracterizacion_masas_agua.php | /planhidro/directiva/marco_agua/cumplimiento_V_VI.php | /planhidro/directiva/marco_agua/cuencas_hidrograficas.php | /planhidro/directiva/marco_agua/directiva_marco_agua_CE.php | /planhidro/directiva/marco_agua/directiva_nitratos.php | /planhidro/directiva/marco_agua/economia_medio_ambiente.php | /planhidro/directiva/marco_agua/informe_V_VI.php | /planhidro/directiva/marco_agua/informe_red_control.php | /planhidro/directiva/marco_agua/instruccion_planificacion.php | /planhidro/directiva/marco_agua/participacion_publica_DMA.php | /planhidro/directiva/marco_agua/participacion_publica_DMA_8.php | /planhidro/directiva/marco_agua/procesos_planificacion.php | /planhidro/directiva/marco_agua/planifiacion_hidrologica.php | /planhidro/directiva/marco_agua/reglamento.php | /planhidro/directiva/marco_agua/riesgos_aguas_subterraneas.php | /planhidro/directiva/marco_agua/reglamento_planificacion.php | /planhidro/directiva/marco_agua/trabajos_directiva_marco.php | /planhidro/directiva/marco_agua/zonas_costeras.php | /servicios/legislacion/canarias/auxilio_obras.php | /servicios/legislacion/canarias/buenas_practicas.php | /servicios/legislacion/canarias/convenio_colaboracion.php | /servicios/legislacion/canarias/control_vertidos.php | /servicios/legislacion/canarias/derogado.php | /servicios/legislacion/canarias/dominio_publico_hidraulico.php | /servicios/legislacion/canarias/estructura_func.php | /servicios/legislacion/canarias/instalaciones_suministros.php | /servicios/legislacion/canarias/ley_aguas.php | /servicios/legislacion/canarias/instrumentos.php | /servicios/legislacion/canarias/nitratos.php | /servicios/legislacion/canarias/ordenanzas.php | /servicios/legislacion/canarias/sancionador_aguas.php | /servicios/legislacion/canarias/tramitacion.php | /servicios/legislacion/españa/aguas_urbanas.php | /servicios/legislacion/españa/calidad_aguas.php | /servicios/legislacion/canarias/suelos_contaminados.php | /servicios/legislacion/españa/construccion_explotacion.php | /servicios/legislacion/españa/contratacion_obras.php | /servicios/legislacion/españa/contratos.php | /servicios/legislacion/españa/contratos_administraciones.php | /servicios/legislacion/españa/criterios_sanitarios.php | /servicios/legislacion/españa/contratos_sector_publico.php | /servicios/legislacion/españa/evaluacion_gestion.php | /servicios/legislacion/españa/dominio_publico_nacional.php | /servicios/legislacion/españa/modificacion_reglamento.php | /servicios/legislacion/españa/nitratos.php | /servicios/legislacion/españa/planificacion_civil.php | /servicios/legislacion/españa/proteccion_aguas_subterraneas.php | /servicios/legislacion/españa/ley_aguas.php | /servicios/legislacion/españa/reglamento_administracion.php | /servicios/legislacion/españa/reutilizacion.php | /servicios/legislacion/españa/responsabilidad.php | /servicios/legislacion/españa/sector_publico.php | /servicios/legislacion/españa/tratamiento_aguas.php | /servicios/legislacion/españa/seguridad_presas.php | /servicios/legislacion/españa/valoracion_danos.php | /servicios/legislacion/europa/aguas_residuales.php | /servicios/legislacion/europa/directiva_marco_agua.php | /servicios/legislacion/europa/directiva_inundaciones.php | /servicios/legislacion/europa/directiva_nitratos.php | /servicios/legislacion/europa/sustancias_prioritarias.php | /servicios/legislacion/europa/directiva_subterranea.php
imagen;https://www.aguasgrancanaria.com/img/logociagc.jpg;/img/logociagc.jpg;/imagenes/img/logociagc.jpg;200;3048;8681ef24bf86095e08f0191c17041bf2c0793d8a5b621aacfad037af0740a98a;no;/divulgacion/jovenes_agua.php
imagen;https://www.aguasgrancanaria.com/img/logotipo_programa_color.jpg;/img/logotipo_programa_color.jpg;/imagenes/img/logotipo_programa_color.jpg;200;7149;352dfb7045c1b87470f8484d5f5de1cb2cfbeda9d525de7d1e76331906e04a99;no;/divulgacion/fondos_feder.php | /divulgacion/jovenes_agua.php
imagen;https://www.aguasgrancanaria.com/img/MancomunidadSureste.gif;/img/MancomunidadSureste.gif;/imagenes/img/mancomunidadsureste.gif;200;5022;d429c4a4e59ad7115db2c3dc8be90a176f061b6f2661a3ed54525178121714f6;no;/divulgacion/jornadas.php | /divulgacion/jovenes_agua.php
imagen;https://www.aguasgrancanaria.com/img/manual_directiva.gif;/img/manual_directiva.gif;/imagenes/img/manual_directiva.gif;200;2265;5391f8fa2f1a2ffc9c48a0c0f7dae2c72fc48a644c6c79b3bd29c3b16494c83b;no;/servicios/legislacion/europa/aguas_residuales.php
imagen;https://www.aguasgrancanaria.com/img/marca.gif;/img/marca.gif;/imagenes/img/marca.gif;200;468;81a16a9cfbde43571f5711aeeaa222ff0c42b643b34e5766011a042894b48dbd;no;/servicios/legislacion/españa/construccion_explotacion.php
imagen;https://www.aguasgrancanaria.com/img/MasasAguaSubterranea.jpg;/img/MasasAguaSubterranea.jpg;/imagenes/img/masasaguasubterranea.jpg;200;95533;8fad68c7c06119e247ec2d0e84eedf7a643bc0107d513d9ae6e6d67803c89983;no;/cartografia/marco/masas.php
imagen;https://www.aguasgrancanaria.com/img/mejoras-redes-santa-lucia.webp;/img/mejoras-redes-santa-lucia.webp;/imagenes/img/mejoras-redes-santa-lucia.webp;200;215010;f0397ec3f73bc29699e1f0d06e8d3a12f741ebe0bc8fceb57213580360bc8942;no;/noticias.php
imagen;https://www.aguasgrancanaria.com/img/MinisterioEducacionCiencia.jpg;/img/MinisterioEducacionCiencia.jpg;/imagenes/img/ministerioeducacionciencia.jpg;200;17119;de228bddd0d0abf39b6fa2c4d05d37f2cd73e71af8f4b677de1f7f55a13e20a8;no;/divulgacion/jornadas.php
imagen;https://www.aguasgrancanaria.com/img/modelo-desalaci%C3%B3n-agua.webp;/img/modelo-desalación-agua.webp;/imagenes/img/modelo-desalacion-agua.webp;200;22534;ecf459bcf664d03e0364a2761fee940a442a72530d9ae28fa4f758f74f88acfb;no;/noticias.php
imagen;https://www.aguasgrancanaria.com/img/noticia_22112024.jpg;/img/noticia_22112024.jpg;/imagenes/img/noticia_22112024.jpg;200;53674;41cfc045d1dddcb62e098a348590dbe12e8ee06543f38b5f80d4d108d067d8c0;no;/noticias.php
imagen;https://www.aguasgrancanaria.com/img/noticia_29102024_2.jpg;/img/noticia_29102024_2.jpg;/imagenes/img/noticia_29102024_2.jpg;200;111599;9c5f278cbf24b0ab2b7cb62445942b5bae04c4d64bbd8719b986a5482a1bde52;no;/noticias.php
imagen;https://www.aguasgrancanaria.com/img/noticia_29102024_3.jpg;/img/noticia_29102024_3.jpg;/imagenes/img/noticia_29102024_3.jpg;200;77408;4babb649b438501e351249f346e18e586734dba4dcf89ea9c6d4ee0bc97137c4;no;/noticias.php
imagen;https://www.aguasgrancanaria.com/img/noticia_29102024.jpg;/img/noticia_29102024.jpg;/imagenes/img/noticia_29102024.jpg;200;628922;124436317bc52fa9a39e0f438d68222536819b3f11e8220c8c34ef2bb1cb6186;no;/noticias.php
imagen;https://www.aguasgrancanaria.com/img/noticia20240930.jpg;/img/noticia20240930.jpg;/imagenes/img/noticia20240930.jpg;200;121882;74a47996068fac916aaacd7b32ca065cda259e259eefdf6f39156a253efc68d0;no;/noticias.php
imagen;https://www.aguasgrancanaria.com/img/nueva_directiva_aguas.gif;/img/nueva_directiva_aguas.gif;/imagenes/img/nueva_directiva_aguas.gif;200;1495;9c0c72d92ba5f673df7898dc09d0bd21cde195a9b34bad53fad6ea08855d88df;no;/servicios/legislacion/europa/directiva_marco_agua.php
imagen;https://www.aguasgrancanaria.com/img/oliver-embalses-2.webp;/img/oliver-embalses-2.webp;/imagenes/img/oliver-embalses-2.webp;200;128732;44ac7156e05180e5f54f9a9fbdc52340cda5330d86d55e0ad310af0ceed6424a;no;/noticias.php
imagen;https://www.aguasgrancanaria.com/img/oliver-embalses.webp;/img/oliver-embalses.webp;/imagenes/img/oliver-embalses.webp;200;112628;9e9ba57de1ae02f469dbab4336bd9928b01dd123b806f76d309a4781223da792;no;/noticias.php
imagen;https://www.aguasgrancanaria.com/img/OrgGeneral.png;/img/OrgGeneral.png;/imagenes/img/orggeneral.png;200;23098;e72e868d0668e31c5a4bc4da715aba450a5294b282e4639071ac7547dadfbd88;no;/el_consejo/organizacion.php
imagen;https://www.aguasgrancanaria.com/img/P_anual_1924_peq.jpg;/img/P_anual_1924_peq.jpg;/imagenes/img/p_anual_1924_peq.jpg;200;7727;63e90b98ee969b7fc26b9952331df17694719b4181d69749c76a6f9ac4deb8f5;no;/pluviometros.php
imagen;https://www.aguasgrancanaria.com/img/P_anual_1924.gif;/img/P_anual_1924.gif;/imagenes/img/p_anual_1924.gif;200;15252;52153b336e99404127d5f23d87426249d57bb5723e08387f0c1c7819d9baad4b;no;/pluviometros.php
imagen;https://www.aguasgrancanaria.com/img/P_anual_1950_peq.jpg;/img/P_anual_1950_peq.jpg;/imagenes/img/p_anual_1950_peq.jpg;200;7011;db9453d2f73b301afb9d0ec556096b007c8d84976c37c6854128f50295eb5337;no;/pluviometros.php
imagen;https://www.aguasgrancanaria.com/img/P_anual_1950.gif;/img/P_anual_1950.gif;/imagenes/img/p_anual_1950.gif;200;15093;8132105cd933bb0ac4dae2573aa5c80f57c1547142f52f0b204cdfce12c305a5;no;/pluviometros.php
imagen;https://www.aguasgrancanaria.com/img/P_anual_norte_peq.jpg;/img/P_anual_norte_peq.jpg;/imagenes/img/p_anual_norte_peq.jpg;200;10523;4e0c342a14468ae3fa59efe8c8b8e159cfbd11a372878f96b8337ecbfde98a7a;no;/pluviometros.php
imagen;https://www.aguasgrancanaria.com/img/P_anual_norte.gif;/img/P_anual_norte.gif;/imagenes/img/p_anual_norte.gif;200;10580;d1430dc7928bc4fc14182ff84c733138e6cee467c9f651588301e9ee31f5a2a4;no;/pluviometros.php
imagen;https://www.aguasgrancanaria.com/img/P_anual_porcota_peq.jpg;/img/P_anual_porcota_peq.jpg;/imagenes/img/p_anual_porcota_peq.jpg;200;12584;13f2ba95199f466401786a3fe533f48ad59f73f0b627936f6ca04d337e13ef14;no;/pluviometros.php
imagen;https://www.aguasgrancanaria.com/img/P_anual_porcota.gif;/img/P_anual_porcota.gif;/imagenes/img/p_anual_porcota.gif;200;13411;98f360e99a4981847014ad2c66efd71e8f03b4d7d612218ade8f617b97481593;no;/pluviometros.php
imagen;https://www.aguasgrancanaria.com/img/P_anual_porzonas_peq.jpg;/img/P_anual_porzonas_peq.jpg;/imagenes/img/p_anual_porzonas_peq.jpg;200;7805;674d14ff7a4973f68ac330a39e422bb4b8c80f9bb02eaefaab5d831410acd8ff;no;/pluviometros.php
imagen;https://www.aguasgrancanaria.com/img/P_anual_porzonas.gif;/img/P_anual_porzonas.gif;/imagenes/img/p_anual_porzonas.gif;200;18520;9ca8fb4610b058c4a146022a936abbb69df746d47481d198314f000e1b90fb66;no;/pluviometros.php
imagen;https://www.aguasgrancanaria.com/img/P_anual_resto_peq.jpg;/img/P_anual_resto_peq.jpg;/imagenes/img/p_anual_resto_peq.jpg;200;8961;43162447fc1c72a8f4da271df90ef130ec2915907af2ab50d43151098ffc422e;no;/pluviometros.php
imagen;https://www.aguasgrancanaria.com/img/P_anual_resto.gif;/img/P_anual_resto.gif;/imagenes/img/p_anual_resto.gif;200;9352;84e2adaa19acc84332bd90177fd9e3068fa2679509a5f28baacb24061bfdba1c;no;/pluviometros.php
imagen;https://www.aguasgrancanaria.com/img/P_desv_AH_peq.jpg;/img/P_desv_AH_peq.jpg;/imagenes/img/p_desv_ah_peq.jpg;200;11086;2bb56dab5d2c45ed8dfdeaf3ac861701eb43c13b64de017ddfbd75fdaeb1347d;no;/pluviometros.php
imagen;https://www.aguasgrancanaria.com/img/P_desv_AH.gif;/img/P_desv_AH.gif;/imagenes/img/p_desv_ah.gif;200;13527;4cb6864d1974d03bf9aa099522f09f2e8f68c8e52b8343a2519058da5bc13d2a;no;/pluviometros.php
imagen;https://www.aguasgrancanaria.com/img/P_Desv_LA_peq.jpg;/img/P_Desv_LA_peq.jpg;/imagenes/img/p_desv_la_peq.jpg;200;11228;daf72b64993bfc2c1fd51a06a66c3c37a4678e5fa86019e2937fce5004ab35bc;no;/pluviometros.php
imagen;https://www.aguasgrancanaria.com/img/P_Desv_LA.gif;/img/P_Desv_LA.gif;/imagenes/img/p_desv_la.gif;200;13299;495636ad3b853f1cffaf523bd368f310e8be41aa74d0fff3935aa2a195c50cab;no;/pluviometros.php
imagen;https://www.aguasgrancanaria.com/img/P_desv_RT_peq.jpg;/img/P_desv_RT_peq.jpg;/imagenes/img/p_desv_rt_peq.jpg;200;10965;46596738312bfd032d203d96ae2d40c431ff649d4f262a9eab059e6fece08f1b;no;/pluviometros.php
imagen;https://www.aguasgrancanaria.com/img/P_desv_RT.gif;/img/P_desv_RT.gif;/imagenes/img/p_desv_rt.gif;200;13029;334a1ef873d998f8022b624197f6582233b404e24fcca14c44a9213ab4e314fa;no;/pluviometros.php
imagen;https://www.aguasgrancanaria.com/img/P_estaciones_peq.jpg;/img/P_estaciones_peq.jpg;/imagenes/img/p_estaciones_peq.jpg;200;8620;280337495d01b2fac46a9863acaa5cacb3a792b1812b679679b5004c2bae7660;no;/pluviometros.php
imagen;https://www.aguasgrancanaria.com/img/P_estaciones.gif;/img/P_estaciones.gif;/imagenes/img/p_estaciones.gif;200;12247;675ad3f3af6b5fe778d2aeaa57c0c732ff8ad2171e93895d6c3557c7439c38bb;no;/pluviometros.php
imagen;https://www.aguasgrancanaria.com/img/P_mensual_peq.jpg;/img/P_mensual_peq.jpg;/imagenes/img/p_mensual_peq.jpg;200;10188;f3bb3245186ba5adf6d87c75fd5f3d7c3761d6315e6c81cbedfb772fd9eae3da;no;/pluviometros.php
imagen;https://www.aguasgrancanaria.com/img/P_mensual_porzonas_peq.jpg;/img/P_mensual_porzonas_peq.jpg;/imagenes/img/p_mensual_porzonas_peq.jpg;200;8119;b1f0eaa6892ac30e485dcf2def108654f35f5404cfc1d78cd81b8db05e1a26c6;no;/pluviometros.php
imagen;https://www.aguasgrancanaria.com/img/P_mensual_porzonas.gif;/img/P_mensual_porzonas.gif;/imagenes/img/p_mensual_porzonas.gif;200;9233;ba716e47a8a1c58647e4e8bd588a6a8ed2418c0e50413ac27e4b9177327781e8;no;/pluviometros.php
imagen;https://www.aguasgrancanaria.com/img/P_mensual.gif;/img/P_mensual.gif;/imagenes/img/p_mensual.gif;200;10193;2241cb4732addb580855b81b66f21fe78b541f607babe8797711d8b7991b1799;no;/pluviometros.php
imagen;https://www.aguasgrancanaria.com/img/p_tabla.jpg;/img/p_tabla.jpg;/imagenes/img/p_tabla.jpg;200;39267;f6f11f40475f096ddbf9c172018f8dd82a224ae9c33a468f964a7517e4cd23e1;no;/pluviometros.php
imagen;https://www.aguasgrancanaria.com/img/pcag_1.gif;/img/pcag_1.gif;/imagenes/img/pcag_1.gif;200;4266;8e0fdef9fa2c3c92abb490d8bf15b3c43ee34bf882bb0ab6fecd06c20aa4ead7;no;/servicios/legislacion/españa/contratacion_obras.php
imagen;https://www.aguasgrancanaria.com/img/pcag_2.gif;/img/pcag_2.gif;/imagenes/img/pcag_2.gif;200;1552;46c38c0c30c4e112b0c86df013b63f3e23e889895edc7def965c77c880584e30;no;/servicios/legislacion/españa/contratacion_obras.php | /servicios/legislacion/españa/contratos_administraciones.php
imagen;https://www.aguasgrancanaria.com/img/Permeabilidad.jpg;/img/Permeabilidad.jpg;/imagenes/img/permeabilidad.jpg;200;98074;237af66bcf4f8cdb45b1ce438d2b01410c7761c0aacafa54365fb950bed23533;no;/cartografia/medio_fisico/permeabilidad.php
imagen;https://www.aguasgrancanaria.com/img/politica_territorial_9_millones.jpg;/img/politica_territorial_9_millones.jpg;/imagenes/img/politica_territorial_9_millones.jpg;200;63111;9684db9e79e118d29c19d26916bc787ea0d590323d5b48ee5a37c48712cab7c9;no;/noticias.php
imagen;https://www.aguasgrancanaria.com/img/Pozos.jpg;/img/Pozos.jpg;/imagenes/img/pozos.jpg;200;75747;50a1d03bbf1db985d6478bd85a8e7df60d7cf09c1eadc7ab3b9fb615a6ce5887;no;/cartografia/infraestructura/pozos.php
imagen;https://www.aguasgrancanaria.com/img/Precipitaciones.jpg;/img/Precipitaciones.jpg;/imagenes/img/precipitaciones.jpg;200;84654;f16b2f013debcef4c4838e06520b867e6ee05f2c55081c458834c70102faa54d;no;/cartografia/tematica/precipitaciones.php
imagen;https://www.aguasgrancanaria.com/img/Presa_chira_gran_canaria.JPG;/img/Presa_chira_gran_canaria.JPG;/imagenes/img/presa_chira_gran_canaria.jpg;200;91826;62e4b13b281e3a1812c79171919abd2169d3bbbea645a02fa028fa3ebf9297ec;no;/presas/ubicacion_presas.php
imagen;https://www.aguasgrancanaria.com/img/Presa_de_chira.jpg;/img/Presa_de_chira.jpg;/imagenes/img/presa_de_chira.jpg;200;114117;d42741ff6e8cae083b116296e8b16060f2d30933f716a866e1b35dfeb482a2cb;no;/presas/ubicacion_presas.php
imagen;https://www.aguasgrancanaria.com/img/Presas_de_GranCanaria_clip_image001_0000.jpg;/img/Presas_de_GranCanaria_clip_image001_0000.jpg;/imagenes/img/presas_de_grancanaria_clip_image001_0000.jpg;200;110376;6728591022fe29b75d0526fd8e20bc543742d689ee2ae8dff37d9c7bdb754206;no;/presas/ubicacion_presas.php
imagen;https://www.aguasgrancanaria.com/img/Presas_de_GranCanaria_clip_image001_0001.jpg;/img/Presas_de_GranCanaria_clip_image001_0001.jpg;/imagenes/img/presas_de_grancanaria_clip_image001_0001.jpg;200;192577;c8c2689638a90455a2a13801b1f25ee3acb29eae024ebb6a8d834de45dddbf16;no;/presas/ubicacion_presas.php
imagen;https://www.aguasgrancanaria.com/img/Presas_de_GranCanaria_clip_image001_0002.jpg;/img/Presas_de_GranCanaria_clip_image001_0002.jpg;/imagenes/img/presas_de_grancanaria_clip_image001_0002.jpg;200;181061;96369bdbc665c8c6de9bb0290771b3e371b1846e958b59ce8f52179945651f3a;no;/presas/ubicacion_presas.php
imagen;https://www.aguasgrancanaria.com/img/Presas_de_GranCanaria_clip_image001.jpg;/img/Presas_de_GranCanaria_clip_image001.jpg;/imagenes/img/presas_de_grancanaria_clip_image001.jpg;200;99172;87fb55ad2a2ae96cda8493e511b4f0eb1cbddd13719795e51820432a619ceb6a;no;/presas/ubicacion_presas.php
imagen;https://www.aguasgrancanaria.com/img/Presas_de_GranCanaria_clip_image002_0008.gif;/img/Presas_de_GranCanaria_clip_image002_0008.gif;/imagenes/img/presas_de_grancanaria_clip_image002_0008.gif;200;38022;858352587c9c5b554d4a51c46c136671c12941b139e858c4d84784383f6f3f71;no;/presas/ubicacion_presas.php
imagen;https://www.aguasgrancanaria.com/img/Presas_de_GranCanaria_clip_image002_0010.gif;/img/Presas_de_GranCanaria_clip_image002_0010.gif;/imagenes/img/presas_de_grancanaria_clip_image002_0010.gif;200;87288;60b9a1ed5214ba3c509429f5111e0bc1c4c226d89137cc5875ae13725cbf45a1;no;/presas/ubicacion_presas.php
imagen;https://www.aguasgrancanaria.com/img/Presas_de_GranCanaria_clip_image002_0011.gif;/img/Presas_de_GranCanaria_clip_image002_0011.gif;/imagenes/img/presas_de_grancanaria_clip_image002_0011.gif;200;12884;7cd5143b7bcc44f392940fcf04608728f076298c7edc1cebd85ba111c38184f8;no;/presas/ubicacion_presas.php
imagen;https://www.aguasgrancanaria.com/img/Presas_de_GranCanaria_clip_image002_0012.gif;/img/Presas_de_GranCanaria_clip_image002_0012.gif;/imagenes/img/presas_de_grancanaria_clip_image002_0012.gif;200;15088;89aad8374158cd66d20de54558300bf2093f0082573ce990960d180f02be854d;no;/presas/ubicacion_presas.php
imagen;https://www.aguasgrancanaria.com/img/Presas_de_GranCanaria_clip_image002_0013.gif;/img/Presas_de_GranCanaria_clip_image002_0013.gif;/imagenes/img/presas_de_grancanaria_clip_image002_0013.gif;200;19070;dd91e520473de2050d0aa3668f596f683c90936353a2f32c28d28e1dbfd5bf51;no;/presas/ubicacion_presas.php
imagen;https://www.aguasgrancanaria.com/img/presas-gran-canaria.webp;/img/presas-gran-canaria.webp;/imagenes/img/presas-gran-canaria.webp;200;111288;d59d6de0b149b636d377b9774423a1064e2f2ae0297b8c30f239d3c6fe3291d7;no;/noticias.php
imagen;https://www.aguasgrancanaria.com/img/Presas.jpg;/img/Presas.jpg;/imagenes/img/presas.jpg;200;93441;0c8b5b09524c9f611af12c65b9a467380ebaa09ce30ad329f58285ebeed84f7d;no;/cartografia/infraestructura/presas.php
imagen;https://www.aguasgrancanaria.com/img/Presidente.jpg;/img/Presidente.jpg;/imagenes/img/presidente.jpg;200;46512;288448121eb347f51b5f2fcc26d1dde5601255d4ac3b99da69e45a1d53318866;no;/el_consejo/organos_gobierno.php
imagen;https://www.aguasgrancanaria.com/img/Queso.jpg;/img/Queso.jpg;/imagenes/img/queso.jpg;200;61525;3c89aa15f035c286b705db28d830a19a0f24fb84f4808f3d88dead49ef02daf1;no;/presas/ubicacion_presas.php
imagen;https://www.aguasgrancanaria.com/img/recursos.gif;/img/recursos.gif;/imagenes/img/recursos.gif;200;3777;295af4c31a0cae23516de343b6573f4b9cbce015a937eb30dc54800d92c4ae55;no;/divulgacion/ciclo_hidrologico.php
imagen;https://www.aguasgrancanaria.com/img/redcontrol_image001.png;/img/redcontrol_image001.png;/imagenes/img/redcontrol_image001.png;200;395159;d1c97edf2e1bf98978b125dfbc86498c562289b9b15d4471db65f2e34bc9a068;no;/red_control.php
imagen;https://www.aguasgrancanaria.com/img/redcontrol_image003.png;/img/redcontrol_image003.png;/imagenes/img/redcontrol_image003.png;200;200240;38104e44af177c255547ae5ac89b8d0203e1790b4eaf2e43ae00f5370bfeccf5;no;/red_control.php
imagen;https://www.aguasgrancanaria.com/img/redcontrol_image005.png;/img/redcontrol_image005.png;/imagenes/img/redcontrol_image005.png;200;433432;153eb8a35e69ce3a5d8f50e557ff8cf7747cb8d7aa09e1b2709f305d1396f926;no;/red_control.php
imagen;https://www.aguasgrancanaria.com/img/redcontrol_image007.png;/img/redcontrol_image007.png;/imagenes/img/redcontrol_image007.png;200;479963;ed3a55d75446d6417f03b1a8162194d12c94e1be833f9e400d3d147b9cf4cf99;no;/red_control.php
imagen;https://www.aguasgrancanaria.com/img/RedControl.jpg;/img/RedControl.jpg;/imagenes/img/redcontrol.jpg;200;98151;b98552cde9396a97187c77ffa09f8e215fa0c37b4d00cce6f2bbba1af4f4739a;no;/cartografia/gestion/redes.php
imagen;https://www.aguasgrancanaria.com/img/RedPluviometrica.jpg;/img/RedPluviometrica.jpg;/imagenes/img/redpluviometrica.jpg;200;115187;43f69c0ef84c5096c5613db97686fd12d7e756b88f06723b982caddd9e7896b5;no;/cartografia/gestion/pluviometria.php
imagen;https://www.aguasgrancanaria.com/img/refuerzo-sistema-electrico.webp;/img/refuerzo-sistema-electrico.webp;/imagenes/img/refuerzo-sistema-electrico.webp;200;26526;d677e7e762b885cb1f638a917d9e7b60d5ed8ab2b8eaca70f8d4ae9bcf71aa67;no;/noticias.php
imagen;https://www.aguasgrancanaria.com/img/reglamento_estatal.gif;/img/reglamento_estatal.gif;/imagenes/img/reglamento_estatal.gif;200;1467;b1f31393f5850877d28518c86dbe49cf71e74b5289e3e3df7cd686700e439c05;no;/servicios/legislacion/españa/valoracion_danos.php
imagen;https://www.aguasgrancanaria.com/img/reglamento.gif;/img/reglamento.gif;/imagenes/img/reglamento.gif;200;5324;3b2e902f2fcb219ea4b7e9c8d893b73d65430bb2ef0cefd366e6fc5fe2046fc0;no;/servicios/legislacion/españa/contratos_administraciones.php
imagen;https://www.aguasgrancanaria.com/img/Relieve.jpg;/img/Relieve.jpg;/imagenes/img/relieve.jpg;200;77414;79957b387ab52d4f8f592acc7720b4425a130929b2dbb5ff1313555e8f027c63;no;/cartografia/medio_fisico/relieve.php
imagen;https://www.aguasgrancanaria.com/img/reloj-de-pared.jpg;/img/reloj-de-pared.jpg;/imagenes/img/reloj-de-pared.jpg;200;6082;41084b9212ae2b848a2be04da5518f90e1cc26ae9b8f296b093258ad0a5639ef;no;/noticias.php
imagen;https://www.aguasgrancanaria.com/img/reparacion_balsa_mota_noticia.png;/img/reparacion_balsa_mota_noticia.png;/imagenes/img/reparacion_balsa_mota_noticia.png;200;2400257;ee7d08fd6fd6d950d7ff3f7506758c61b8109140c7365b1038392a0174aaeca1;no;/noticias.php
imagen;https://www.aguasgrancanaria.com/img/riego_Canarias7.jpg;/img/riego_Canarias7.jpg;/imagenes/img/riego_canarias7.jpg;200;129585;62b978cc561fdffaf92441c485adbbdfcc5daad43ff71da6af514703dc468f7c;no;/noticias.php
imagen;https://www.aguasgrancanaria.com/img/salto_chira_16.jpg;/img/salto_chira_16.jpg;/imagenes/img/salto_chira_16.jpg;200;215990;4300db637ef8ce6b4ac2595a0a562bea0313e3af5562ded97959b2c781e7d322;no;/noticias.php
imagen;https://www.aguasgrancanaria.com/img/salto_chira_sentencia.webp;/img/salto_chira_sentencia.webp;/imagenes/img/salto_chira_sentencia.webp;200;151056;c594b594064f14353a0157e73975e6348ea87df403b6433a78c68fafb90cabf9;no;/noticias.php
imagen;https://www.aguasgrancanaria.com/img/salto-chira.webp;/img/salto-chira.webp;/imagenes/img/salto-chira.webp;200;185268;7fcafb4f283976b9323cc62efec2ca0deef5eb14ca116443c7c8babbf613c9d6;no;/noticias.php
imagen;https://www.aguasgrancanaria.com/img/SaltoChira_Visita(5).jpg;/img/SaltoChira_Visita(5).jpg;/imagenes/img/saltochira_visita-5.jpg;200;1054047;13d30eaf3d37f0037ad0e40b23bae8c4caf3a4d5c960104b44df22910b16e214;no;/noticias.php
imagen;https://www.aguasgrancanaria.com/img/SaltoChira_Visita%20(1).jpg;/img/SaltoChira_Visita (1).jpg;/imagenes/img/saltochira_visita-1.jpg;200;1200262;1927ff98c6c214939bede730d2904394a615d561c1baed99e981edf0c8faf747;no;/noticias.php
imagen;https://www.aguasgrancanaria.com/img/SaltoChira_Visita%20(2).jpg;/img/SaltoChira_Visita (2).jpg;/imagenes/img/saltochira_visita-2.jpg;200;844541;afcf75b38d1e91dd71ee4710b71cf2c2bdcadb783e021a83f1a06b59050f46d8;no;/noticias.php
imagen;https://www.aguasgrancanaria.com/img/sara_aagensen_transicion_ecologica.webp;/img/sara_aagensen_transicion_ecologica.webp;/imagenes/img/sara_aagensen_transicion_ecologica.webp;200;92350;4f028ee7441c26b2a255938f63d052f0138d60c071a50519c10b6f90a634819b;no;/noticias.php
imagen;https://www.aguasgrancanaria.com/img/Siberio_y_Caidero.JPG;/img/Siberio_y_Caidero.JPG;/imagenes/img/siberio_y_caidero.jpg;200;134599;c58443abbb31627cf5268a6f203452fa45bf00384fd6cfb9ecd3b96ed6d24ac6;no;/presas/ubicacion_presas.php
imagen;https://www.aguasgrancanaria.com/img/sliderdesa.webp;/img/sliderdesa.webp;/imagenes/img/sliderdesa.webp;200;43924;2c90846c4e8b28f81ca81ecc83dc145e2f0ab33a5b18ed0c069449ad79bd7385;no;/
imagen;https://www.aguasgrancanaria.com/img/sliderplan.webp;/img/sliderplan.webp;/imagenes/img/sliderplan.webp;200;78386;34a7e16e09cbcc5bb0a46bbf5d1eac89c8e2151374380afc1aeb60065f9aa039;no;/
imagen;https://www.aguasgrancanaria.com/img/sliderpresa.webp;/img/sliderpresa.webp;/imagenes/img/sliderpresa.webp;200;67644;d204c631b59e6b203d882f03b3b1047b481761ed873ce2dfeb18b100ae85a226;no;/
imagen;https://www.aguasgrancanaria.com/img/soria-chira-las-ninas.webp;/img/soria-chira-las-ninas.webp;/imagenes/img/soria-chira-las-ninas.webp;200;25074;5f42331f6ca073f974dc1b8628068a5f9352f25e7e5898731b67db2438afd194;no;/noticias.php
imagen;https://www.aguasgrancanaria.com/img/SubvencionesLogo.png;/img/SubvencionesLogo.png;/imagenes/img/subvencioneslogo.png;200;55612;f7b939f16955d538ca678bd1121fc625cc0ddac3cf9ac6528c74c910b706c7b7;no;/subvenciones.php
imagen;https://www.aguasgrancanaria.com/img/tragsa-ahonda-salinetas.webp;/img/tragsa-ahonda-salinetas.webp;/imagenes/img/tragsa-ahonda-salinetas.webp;200;40194;3369775d56fde16d10a07e4eacedf0f064472fafcae0f7034f4c8de2e6a5741e;no;/noticias.php
imagen;https://www.aguasgrancanaria.com/img/UE.gif;/img/UE.gif;/imagenes/img/ue.gif;200;2380;d731c162893817b253e76e0dec1b6bb24640e59d47a3d1172ca5b16ebc7aa46c;no;/servicios/legislacion/europa/directiva_subterranea.php
imagen;https://www.aguasgrancanaria.com/img/verde-campos-sur-gran-canaria.webp;/img/verde-campos-sur-gran-canaria.webp;/imagenes/img/verde-campos-sur-gran-canaria.webp;200;227542;95054236f9df7ee4d44b2bd4f2f8e6b5a5a0d20fee6cb2f933517403c20c16c9;no;/noticias.php
imagen;https://www.aguasgrancanaria.com/img/viaje_salto_chira.webp;/img/viaje_salto_chira.webp;/imagenes/img/viaje_salto_chira.webp;200;74718;fa3a3f188a0ab27374fca0a32f91c84883a91f0833fdf3474d60d3424495566e;no;/noticias.php
imagen;https://www.aguasgrancanaria.com/img/VicePresidente.jpg;/img/VicePresidente.jpg;/imagenes/img/vicepresidente.jpg;200;94498;f133eb541845e9e251cd12800d46ca6e2246deff6a9a4971e95ecde477da177d;no;/el_consejo/organos_gobierno.php
imagen;https://www.aguasgrancanaria.com/img/visita_edar_guia_galdar.webp;/img/visita_edar_guia_galdar.webp;/imagenes/img/visita_edar_guia_galdar.webp;200;119100;4f715738bd632050ef37e7b28e4dbda3e24a6eda326358863a5353f4d409bf21;no;/noticias.php
imagen;https://www.aguasgrancanaria.com/img/vista_publicacion_enlace.gif;/img/vista_publicacion_enlace.gif;/imagenes/img/vista_publicacion_enlace.gif;200;99;8ad09a0830cfe6545ce99f039bc857dee5c7db60d9a4dcc3f761c542a8c044ec;no;/el_consejo/juntas.php | / | /fondos_feder.php | /presas/volumenes.php
imagen;https://www.aguasgrancanaria.com/img/word_(2).gif;/img/word_(2).gif;/imagenes/img/word_-2.gif;200;1791;0da521f6ed14a4e58e7106be82f4ee90324a00cf7ecc616fbb9f4f2063b137f3;no;/servicios/legislacion/canarias/tramitacion.php
imagen;https://www.aguasgrancanaria.com/img/word_24_2017.gif;/img/word_24_2017.gif;/imagenes/img/word_24_2017.gif;200;2588;f4b1f242f3543fd4f5c7717e8a7c928940ae4ee7125fc91a57709061fae4f53d;no;/servicios/legislacion/canarias/suelos_contaminados.php
imagen;https://www.aguasgrancanaria.com/img/yonay_concepcion_noticia.webp;/img/yonay_concepcion_noticia.webp;/imagenes/img/yonay_concepcion_noticia.webp;200;22872;8dce8a1d37daf3f73cb7ce844ebd1e25a0aae36f573dcd86aab5ecdd97af9616;no;/noticias.php
imagen;https://www.aguasgrancanaria.com/img/Zonificacion.jpg;/img/Zonificacion.jpg;/imagenes/img/zonificacion.jpg;200;81979;130c441c85be8053619fb99de1e02d37a818fe08ea9ce198d03c006fdf0393ff;no;/cartografia/marco/zonificacion.php
imagen;https://www.aguasgrancanaria.com/Logo_SDC.png;/Logo_SDC.png;/imagenes/logo_sdc.png;200;2741;f862a1386b1b2c0e5beef1820e7f5905af0684de227b963a6757811fbc734147;no;/
documento;https://www.aguasgrancanaria.com/pae_Home/dam/jcr%3Ad09286f0-8771-4922-8241-0925d771b5e7/Norma_UNE_139803_2012.pdf;/pae_Home/dam/jcr:d09286f0-8771-4922-8241-0925d771b5e7/Norma_UNE_139803_2012.pdf;/documentos/pae_home/dam/jcr-d09286f0-8771-4922-8241-0925d771b5e7/norma_une_139803_2012.pdf;404;;;si;/accesibilidad.php
documento;https://www.aguasgrancanaria.com/pdfs/Anuncios/0178-SI.pdf;/pdfs/Anuncios/0178-SI.pdf;/documentos/pdfs/anuncios/0178-si.pdf;200;195331;1ac37ec62e4b18b05e6dfaa70536e988279acc0e598e8a9e95ce977eac43dab0;si;/info_public.php
documento;https://www.aguasgrancanaria.com/pdfs/Anuncios/1289-2024%20(0362%20CCR)_ANUNCIO%20CCR%20LECHUZA%20Y%20MESETILLA.pdf;/pdfs/Anuncios/1289-2024 (0362 CCR)_ANUNCIO CCR LECHUZA Y MESETILLA.pdf;/documentos/pdfs/anuncios/1289-2024-0362-ccr-_anuncio-ccr-lechuza-y-mesetilla.pdf;200;282011;cddbc91324af294e0b882e6d65eeb9e31b2102c370e67842ba919d21a4967a0e;si;/info_public.php
documento;https://www.aguasgrancanaria.com/pdfs/Anuncios/1637-2024%20(0361%20CCR)_ANUNCIO%20CCR%20LA%20JARRA%20-%20LOMO%20DE%20PEDRO%20ALFONSO.pdf;/pdfs/Anuncios/1637-2024 (0361 CCR)_ANUNCIO CCR LA JARRA - LOMO DE PEDRO ALFONSO.pdf;/documentos/pdfs/anuncios/1637-2024-0361-ccr-_anuncio-ccr-la-jarra-lomo-de-pedro-alfonso.pdf;200;281746;0b92d76222b580f2b4c2fd7af7f45555e024ea296c26d226d78a346738f37660;si;/info_public.php
documento;https://www.aguasgrancanaria.com/pdfs/Anuncios/1697-2024%20(0360%20CCR)_ANUNCIO%20CCR%20POZO%20EL%20LLANO.pdf;/pdfs/Anuncios/1697-2024 (0360 CCR)_ANUNCIO CCR POZO EL LLANO.pdf;/documentos/pdfs/anuncios/1697-2024-0360-ccr-_anuncio-ccr-pozo-el-llano.pdf;200;281788;9d4b89e3c9ae45fd64b6c0e891fa136f953b899895d08eba51785048b570ddb5;si;/info_public.php
documento;https://www.aguasgrancanaria.com/pdfs/Anuncios/175-SI.pdf;/pdfs/Anuncios/175-SI.pdf;/documentos/pdfs/anuncios/175-si.pdf;200;195444;2d0d76d42c49c4bc352ebab9f3844a37f11878a1a0915329950a5010b6c63e01;si;/info_public.php
documento;https://www.aguasgrancanaria.com/pdfs/Anuncios/20241220_Revision_EPRI.pdf;/pdfs/Anuncios/20241220_Revision_EPRI.pdf;/documentos/pdfs/anuncios/20241220_revision_epri.pdf;200;191211;2afa459d4608061f9a1b285fd571c97b2bdf77fc64454a10bcc8e6b4168141b1;si;/info_public.php
documento;https://www.aguasgrancanaria.com/pdfs/Anuncios/340-2024%20(0349%20CCR).pdf;/pdfs/Anuncios/340-2024 (0349 CCR).pdf;/documentos/pdfs/anuncios/340-2024-0349-ccr.pdf;200;282200;59a54ba422bd5ae60f3569d5711fc6b400cd3544889f463e74de15a922662382;si;/info_public.php
documento;https://www.aguasgrancanaria.com/pdfs/Anuncios/419-2021%20(0329%20CCR)_ANUNCIO%20CCR%20QUEVEDO%20DE%20ARRIBA.pdf;/pdfs/Anuncios/419-2021 (0329 CCR)_ANUNCIO CCR QUEVEDO DE ARRIBA.pdf;/documentos/pdfs/anuncios/419-2021-0329-ccr-_anuncio-ccr-quevedo-de-arriba.pdf;200;281802;ba81118b8004de6b730429373eace77b21cab32d6e6706329e8c521049aed3ca;si;/info_public.php
documento;https://www.aguasgrancanaria.com/pdfs/Anuncios/707-2019-0356-CCR.pdf;/pdfs/Anuncios/707-2019-0356-CCR.pdf;/documentos/pdfs/anuncios/707-2019-0356-ccr.pdf;200;282492;7d862ea9867ca4f55305249600e2eaefb73ff6e516cb40a9e262ff755c4a98e5;si;/info_public.php
documento;https://www.aguasgrancanaria.com/pdfs/Anuncios/729-2024%20(0357%20CCR).pdf;/pdfs/Anuncios/729-2024 (0357 CCR).pdf;/documentos/pdfs/anuncios/729-2024-0357-ccr.pdf;200;282020;4f7ab3fecc5ffb00d29a9b52558f97e7636bdbdc52ea475b127a24c3cf54e2b5;si;/info_public.php
documento;https://www.aguasgrancanaria.com/pdfs/Anuncios/808-2024%20(0359%20CCR)_ANUNCIO%20CCR%20LA%20LONGUERA%20DE%20TIRAJANA.pdf;/pdfs/Anuncios/808-2024 (0359 CCR)_ANUNCIO CCR LA LONGUERA DE TIRAJANA.pdf;/documentos/pdfs/anuncios/808-2024-0359-ccr-_anuncio-ccr-la-longuera-de-tirajana.pdf;200;282388;bfc1e204715af646f7ae4f233d214595e51faf0c63a19ce7e76a0d2398bd00ef;si;/info_public.php
documento;https://www.aguasgrancanaria.com/pdfs/Anuncios/ANUNCIO_1116-2025%20(0364%20CCR).pdf;/pdfs/Anuncios/ANUNCIO_1116-2025 (0364 CCR).pdf;/documentos/pdfs/anuncios/anuncio_1116-2025-0364-ccr.pdf;200;221281;df6275b5899e6de7f16f16b97f2cff46a5c1427ac5590e3a94ceceeee18648ba;si;/info_public.php | /
documento;https://www.aguasgrancanaria.com/pdfs/Anuncios/ANUNCIO_1741-2024.pdf;/pdfs/Anuncios/ANUNCIO_1741-2024.pdf;/documentos/pdfs/anuncios/anuncio_1741-2024.pdf;200;298640;c7d00620cd172ad0d9378c49a9781eef1efeade71dbc983c3c234179741b13ce;si;/info_public.php
documento;https://www.aguasgrancanaria.com/pdfs/Anuncios/ANUNCIO_1844-2019.pdf;/pdfs/Anuncios/ANUNCIO_1844-2019.pdf;/documentos/pdfs/anuncios/anuncio_1844-2019.pdf;200;284190;0fdb1dc6a8aa083dcaf0f583d1344127c5894ea16f4d10d9127616c73d5bb2eb;si;/info_public.php
documento;https://www.aguasgrancanaria.com/pdfs/Anuncios/ANUNCIO_1952-2025%20(183-SI).pdf;/pdfs/Anuncios/ANUNCIO_1952-2025 (183-SI).pdf;/documentos/pdfs/anuncios/anuncio_1952-2025-183-si.pdf;200;197018;68a9ad2ec1c45a7055d55ecd9e98ef2ba9af8b1eefa83e2b9a52e3a0b10b673d;si;/info_public.php
documento;https://www.aguasgrancanaria.com/pdfs/Anuncios/ANUNCIO_396-2025%20(181-SI).pdf;/pdfs/Anuncios/ANUNCIO_396-2025 (181-SI).pdf;/documentos/pdfs/anuncios/anuncio_396-2025-181-si.pdf;200;196706;bb9a572da17dcda70d9539901eadaa4978201d59b1c6985850c9553c780db5be;si;/info_public.php
documento;https://www.aguasgrancanaria.com/pdfs/Anuncios/ANUNCIO_797-2025%20(0366%20CCR).pdf;/pdfs/Anuncios/ANUNCIO_797-2025 (0366 CCR).pdf;/documentos/pdfs/anuncios/anuncio_797-2025-0366-ccr.pdf;200;204140;2c708163832c63ee98afb2d48d3cf163e1b996524b5643444ee4b8e6cd36dc05;si;/info_public.php
documento;https://www.aguasgrancanaria.com/pdfs/Anuncios/ANUNCIO_83-2025%20(182-SI)%20_MEGAHOTEL%20FARO,%20SL.pdf;/pdfs/Anuncios/ANUNCIO_83-2025 (182-SI) _MEGAHOTEL FARO, SL.pdf;/documentos/pdfs/anuncios/anuncio_83-2025-182-si-_megahotel-faro-sl.pdf;200;197014;53dc1ccb3da58cc4b879e2cc49082a3dfddaf36d9561558e2fcffba74e692540;si;/info_public.php
documento;https://www.aguasgrancanaria.com/pdfs/Anuncios/ANUNCIO_968-2023%20(179-SI).pdf;/pdfs/Anuncios/ANUNCIO_968-2023 (179-SI).pdf;/documentos/pdfs/anuncios/anuncio_968-2023-179-si.pdf;200;198184;3b09eda39ee654e2c7f445880aafd7a3ddd69827f5d2821032202720e50bf02f;si;/info_public.php | /
documento;https://www.aguasgrancanaria.com/pdfs/Anuncios/ANUNCIO%201102-2024%20(0592-OCP).pdf;/pdfs/Anuncios/ANUNCIO 1102-2024 (0592-OCP).pdf;/documentos/pdfs/anuncios/anuncio-1102-2024-0592-ocp.pdf;200;197964;be9ba726781ddb8b484dd2bdbdb6e0cb9cc3b9e59670f299de5d32efe2078b5e;si;/info_public.php
documento;https://www.aguasgrancanaria.com/pdfs/Anuncios/ANUNCIO%201378-2025%20(0590-OCP)_ISLA%20CAR,%20S.L._.pdf;/pdfs/Anuncios/ANUNCIO 1378-2025 (0590-OCP)_ISLA CAR, S.L._.pdf;/documentos/pdfs/anuncios/anuncio-1378-2025-0590-ocp-_isla-car-s.l._.pdf;200;282407;408636ed88cd91030fb4f5abe3d69fad899e5dde05722ad44be6a6020e8b395b;si;/info_public.php
documento;https://www.aguasgrancanaria.com/pdfs/Anuncios/ANUNCIO%20591-2019%20(0080-OCP)_VALER%C3%93N%20AGR%C3%8DCOLA,%20SCOOP_.pdf;/pdfs/Anuncios/ANUNCIO 591-2019 (0080-OCP)_VALERÓN AGRÍCOLA, SCOOP_.pdf;/documentos/pdfs/anuncios/anuncio-591-2019-0080-ocp-_valeron-agricola-scoop_.pdf;200;291767;f4b1bc4932aa4d2bfc9ad5cace7da3484c9382e0fea6b6725754c90d9ddee2f0;si;/info_public.php
documento;https://www.aguasgrancanaria.com/pdfs/Anuncios/ANUNCIO%20730-2025%20(0591-OCP)_FRANCISCO%20J.%20MORALES%20ARA%C3%91A_.pdf;/pdfs/Anuncios/ANUNCIO 730-2025 (0591-OCP)_FRANCISCO J. MORALES ARAÑA_.pdf;/documentos/pdfs/anuncios/anuncio-730-2025-0591-ocp-_francisco-j.-morales-arana_.pdf;200;284836;02cb48c748471e19aad910ea4d180d2a805d2a3f6c73626969fa6c8ed119cbee;si;/info_public.php
documento;https://www.aguasgrancanaria.com/pdfs/Anuncios/ANUNCIO%20948-2023%20(0564-OCP)_COAGRISAN.pdf;/pdfs/Anuncios/ANUNCIO 948-2023 (0564-OCP)_COAGRISAN.pdf;/documentos/pdfs/anuncios/anuncio-948-2023-0564-ocp-_coagrisan.pdf;200;198436;41c843279fdce66d75415d63f7a7cb3a505d66e77eae9d9cdb76753d0d159437;si;/info_public.php
documento;https://www.aguasgrancanaria.com/pdfs/Anuncios/Mapa_Situaci%C3%B3n%20de%20la%20ocupaci%C3%B3n%20respecto%20del%20DPH_COMPRIMIDO.pdf;/pdfs/Anuncios/Mapa_Situación de la ocupación respecto del DPH_COMPRIMIDO.pdf;/documentos/pdfs/anuncios/mapa_situacion-de-la-ocupacion-respecto-del-dph_comprimido.pdf;200;1151399;d4877538106f932f42dd624153b9b7c210fd35074050f525271461534786e5cb;si;/info_public.php
documento;https://www.aguasgrancanaria.com/pdfs/Anuncios/Mapa%20de%20la%20ocupaci%C3%B3n%2080-OCP.pdf;/pdfs/Anuncios/Mapa de la ocupación 80-OCP.pdf;/documentos/pdfs/anuncios/mapa-de-la-ocupacion-80-ocp.pdf;200;3429882;f36ce2e19a3b4f0da777e8d6d2e14e658ff819cac7e4391f4abca965e4bc28fe;si;/info_public.php
imagen;https://www.aguasgrancanaria.com/pdfs/Canagua/Canagua2024.gif;/pdfs/Canagua/Canagua2024.gif;/imagenes/pdfs/canagua/canagua2024.gif;200;1540451;04bfc74af2e621ac150f195e6dec8474c84528a61b2dfceba4a885d515a29de0;no;/
documento;https://www.aguasgrancanaria.com/pdfs/Canagua/Dosier-Canagua-2024.pdf;/pdfs/Canagua/Dosier-Canagua-2024.pdf;/documentos/pdfs/canagua/dosier-canagua-2024.pdf;200;1158790;a3439a2661e0acca44620658979f9788eb6a76467702188984507b76a0d30581;si;/
imagen;https://www.aguasgrancanaria.com/pdfs/Canagua/RRSS_1200X628.jpg;/pdfs/Canagua/RRSS_1200X628.jpg;/imagenes/pdfs/canagua/rrss_1200x628.jpg;200;469174;9a08ed8d4675c11a673d7fd7b494002e75ddc06d7b43104e8478faa463551b22;no;/
imagen;https://www.aguasgrancanaria.com/pdfs/Cartografia/Barrancos_Cuencas.jpg;/pdfs/Cartografia/Barrancos_Cuencas.jpg;/imagenes/pdfs/cartografia/barrancos_cuencas.jpg;200;985338;54cab787d4a8f7f81e3029248f9818a883cab3b332b9495ff63cc87f40e1e7ab;no;/cartografia/medio_fisico/barrancos_cuencas.php
documento;https://www.aguasgrancanaria.com/pdfs/Cartografia/Barrancos_Cuencas.pdf;/pdfs/Cartografia/Barrancos_Cuencas.pdf;/documentos/pdfs/cartografia/barrancos_cuencas.pdf;200;1667460;dde3222a7bc39e5ef262b6febf57de8263222be8d91004880ea2220b4b36319e;si;/cartografia/medio_fisico/barrancos_cuencas.php
documento;https://www.aguasgrancanaria.com/pdfs/Cartografia/Barrancos_Cuencas.zip;/pdfs/Cartografia/Barrancos_Cuencas.zip;/documentos/pdfs/cartografia/barrancos_cuencas.zip;200;2550940;07a475c2229f5bfff6fdeed5f5fe992bf103fbc6531e29a551e9ac521505ebca;si;/cartografia/medio_fisico/barrancos_cuencas.php
imagen;https://www.aguasgrancanaria.com/pdfs/Cartografia/Consumos_Agrarios.jpg;/pdfs/Cartografia/Consumos_Agrarios.jpg;/imagenes/pdfs/cartografia/consumos_agrarios.jpg;200;1414175;760bd3bda75975d7184ac0fe51e35135a86c1015ffb92818301dfcb342d658cb;no;/cartografia/tematica/consumos.php
documento;https://www.aguasgrancanaria.com/pdfs/Cartografia/Consumos_Agrarios.pdf;/pdfs/Cartografia/Consumos_Agrarios.pdf;/documentos/pdfs/cartografia/consumos_agrarios.pdf;200;2792950;bf95c86b613f6535b308f23c4c337479d8d784f3f35187171a8c4d4a10113789;si;/cartografia/tematica/consumos.php
documento;https://www.aguasgrancanaria.com/pdfs/Cartografia/Consumos_Agrarios.zip;/pdfs/Cartografia/Consumos_Agrarios.zip;/documentos/pdfs/cartografia/consumos_agrarios.zip;200;5089299;e0ce874d52d3ffd400d2b2e9a9944d51c0f2b04fbc88ecce9e1b82f1fbe685eb;si;/cartografia/tematica/consumos.php
imagen;https://www.aguasgrancanaria.com/pdfs/Cartografia/Cultivos.jpg;/pdfs/Cartografia/Cultivos.jpg;/imagenes/pdfs/cartografia/cultivos.jpg;200;913712;7cce8ae12def711caa8f4c99e38a6bd26bd3e9af2069c06e27ff1e5b6d09afcc;no;/cartografia/medio_fisico/cultivos.php
documento;https://www.aguasgrancanaria.com/pdfs/Cartografia/Cultivos.pdf;/pdfs/Cartografia/Cultivos.pdf;/documentos/pdfs/cartografia/cultivos.pdf;200;1612601;ec7587a3f8289fd9670b9720e8e36cc74d0903f05e40a4bec90dd7be7ae4eccf;si;/cartografia/medio_fisico/cultivos.php
documento;https://www.aguasgrancanaria.com/pdfs/Cartografia/Cultivos.zip;/pdfs/Cartografia/Cultivos.zip;/documentos/pdfs/cartografia/cultivos.zip;200;2143566;105de5e27c683155d077120f4692ea6689e095518d2a24a1a6e0fd434b9e8b0e;si;/cartografia/medio_fisico/cultivos.php
imagen;https://www.aguasgrancanaria.com/pdfs/Cartografia/Desalacion_depuracion.jpg;/pdfs/Cartografia/Desalacion_depuracion.jpg;/imagenes/pdfs/cartografia/desalacion_depuracion.jpg;200;822856;6cd029c9fd74ba74a9320ce36ad8d01fb08ea5a1c5239050a7941c42f62ca14a;no;/cartografia/infraestructura/depuradoras.php
documento;https://www.aguasgrancanaria.com/pdfs/Cartografia/Desalacion_depuracion.pdf;/pdfs/Cartografia/Desalacion_depuracion.pdf;/documentos/pdfs/cartografia/desalacion_depuracion.pdf;200;818721;84562d811cb77db69d948fcabc2cb344732ecc8f726e43e13f2c44385c787a18;si;/cartografia/infraestructura/depuradoras.php
imagen;https://www.aguasgrancanaria.com/pdfs/Cartografia/Infraestructuras.jpg;/pdfs/Cartografia/Infraestructuras.jpg;/imagenes/pdfs/cartografia/infraestructuras.jpg;200;1362030;f580d8e05ba02e7c268287ccffbd08ce9645380922c321c07677905b09cec455;no;/cartografia/infraestructura/consejo.php
documento;https://www.aguasgrancanaria.com/pdfs/Cartografia/Infraestructuras.pdf;/pdfs/Cartografia/Infraestructuras.pdf;/documentos/pdfs/cartografia/infraestructuras.pdf;200;1342271;0a3037663a51e56ba9d9ae490df5de50eac97faa077dadba684b72cd8a7aeb17;si;/cartografia/infraestructura/consejo.php
imagen;https://www.aguasgrancanaria.com/pdfs/Cartografia/MasasAguaSubterranea.jpg;/pdfs/Cartografia/MasasAguaSubterranea.jpg;/imagenes/pdfs/cartografia/masasaguasubterranea.jpg;200;1395546;80b1d493b5cd76dc3dc651e0a0e8e0528db16fe157d2918c5c2306f255b41361;no;/cartografia/marco/masas.php
documento;https://www.aguasgrancanaria.com/pdfs/Cartografia/MasasAguaSubterranea.pdf;/pdfs/Cartografia/MasasAguaSubterranea.pdf;/documentos/pdfs/cartografia/masasaguasubterranea.pdf;200;1390001;8af20f99a85c1f17c16fde77827ac382c8aa5f71f2a32909660c651e09e22e85;si;/cartografia/marco/masas.php
documento;https://www.aguasgrancanaria.com/pdfs/Cartografia/MasasAguaSubterranea.zip;/pdfs/Cartografia/MasasAguaSubterranea.zip;/documentos/pdfs/cartografia/masasaguasubterranea.zip;200;3006461;cd800a265f7a84da137009df9129a61832ab16427d3b0cca8fe34cba33bf29ea;si;/cartografia/marco/masas.php
imagen;https://www.aguasgrancanaria.com/pdfs/Cartografia/Permeabilidad.jpg;/pdfs/Cartografia/Permeabilidad.jpg;/imagenes/pdfs/cartografia/permeabilidad.jpg;200;1524110;6e3fc1af5e8f7bbc3584fc1874246a3d9f4536a6081404becd0d732e47908839;no;/cartografia/medio_fisico/permeabilidad.php
documento;https://www.aguasgrancanaria.com/pdfs/Cartografia/Permeabilidad.pdf;/pdfs/Cartografia/Permeabilidad.pdf;/documentos/pdfs/cartografia/permeabilidad.pdf;200;4663397;848d116a89abbae0f956a6683d057a7c777b15f12b346bd1603db957ccba999f;si;/cartografia/medio_fisico/permeabilidad.php
documento;https://www.aguasgrancanaria.com/pdfs/Cartografia/Permeabilidad.zip;/pdfs/Cartografia/Permeabilidad.zip;/documentos/pdfs/cartografia/permeabilidad.zip;200;2450945;e20ce8e6e4518e2d9be55f50c303568096c4410c47c14bfe2142f7047fcc840b;si;/cartografia/medio_fisico/permeabilidad.php
imagen;https://www.aguasgrancanaria.com/pdfs/Cartografia/Pozos.jpg;/pdfs/Cartografia/Pozos.jpg;/imagenes/pdfs/cartografia/pozos.jpg;200;963004;7147e7eb5a7f5a51291e97aff3a65f6e1c137f1ee1d667f23a6df8edf4633135;no;/cartografia/infraestructura/pozos.php
documento;https://www.aguasgrancanaria.com/pdfs/Cartografia/Pozos.pdf;/pdfs/Cartografia/Pozos.pdf;/documentos/pdfs/cartografia/pozos.pdf;200;959239;61d21aba025a827d8624866e165f286a5b6b71735fe051b1256660ea782bb419;si;/cartografia/infraestructura/pozos.php
imagen;https://www.aguasgrancanaria.com/pdfs/Cartografia/Precipitaciones.jpg;/pdfs/Cartografia/Precipitaciones.jpg;/imagenes/pdfs/cartografia/precipitaciones.jpg;200;1024298;edf1be591b3060527536ab87b8607876587b57c6e6953959b55b91123118b4a7;no;/cartografia/tematica/precipitaciones.php
documento;https://www.aguasgrancanaria.com/pdfs/Cartografia/Precipitaciones.pdf;/pdfs/Cartografia/Precipitaciones.pdf;/documentos/pdfs/cartografia/precipitaciones.pdf;200;1790015;11e96b064703ebae07b70a6f4196eecc2341d9d69479b01dae6105516acce048;si;/cartografia/tematica/precipitaciones.php
documento;https://www.aguasgrancanaria.com/pdfs/Cartografia/Precipitaciones.zip;/pdfs/Cartografia/Precipitaciones.zip;/documentos/pdfs/cartografia/precipitaciones.zip;200;2432367;375a1324ecf6b117ab732f7962ecabc718a0d12681311f92bceff238bedb4bdb;si;/cartografia/tematica/precipitaciones.php
imagen;https://www.aguasgrancanaria.com/pdfs/Cartografia/Presas.jpg;/pdfs/Cartografia/Presas.jpg;/imagenes/pdfs/cartografia/presas.jpg;200;1526732;a505052ef5c652f702ab1152f607169de0f28789c623ed0b5993e62cb9f12d8e;no;/cartografia/infraestructura/presas.php
documento;https://www.aguasgrancanaria.com/pdfs/Cartografia/Presas.pdf;/pdfs/Cartografia/Presas.pdf;/documentos/pdfs/cartografia/presas.pdf;200;1641964;b34854400ed7dffea53f233e90d3ca810b767b027dab9c5a27f4eb635a7f9e99;si;/cartografia/infraestructura/presas.php
documento;https://www.aguasgrancanaria.com/pdfs/Cartografia/Presas.zip;/pdfs/Cartografia/Presas.zip;/documentos/pdfs/cartografia/presas.zip;200;5822796;0b46d69385aa5a75a9d191d7289d097d031f79e1f09c8c2d13ee59030dd65764;si;/cartografia/infraestructura/presas.php
imagen;https://www.aguasgrancanaria.com/pdfs/Cartografia/RedControl.jpg;/pdfs/Cartografia/RedControl.jpg;/imagenes/pdfs/cartografia/redcontrol.jpg;200;1529394;0f6fa113bd1f8e2ad381ea4ec1d3e94c27ae0e2976fc6ee8824db58919bfd5b6;no;/cartografia/gestion/redes.php
documento;https://www.aguasgrancanaria.com/pdfs/Cartografia/RedControl.pdf;/pdfs/Cartografia/RedControl.pdf;/documentos/pdfs/cartografia/redcontrol.pdf;200;1520984;d4e1a1bb2815c2023269ed29b931e9b1a932b1f08e040dcca298d2f9e7981ce9;si;/cartografia/gestion/redes.php
documento;https://www.aguasgrancanaria.com/pdfs/Cartografia/RedControl.zip;/pdfs/Cartografia/RedControl.zip;/documentos/pdfs/cartografia/redcontrol.zip;300;;;si;/cartografia/gestion/redes.php
imagen;https://www.aguasgrancanaria.com/pdfs/Cartografia/RedPluviometrica.jpg;/pdfs/Cartografia/RedPluviometrica.jpg;/imagenes/pdfs/cartografia/redpluviometrica.jpg;200;1636572;cb24ae685de4a59ce14a8ecb633f8f0f91259fe553d47b4e192d274b4e8ede03;no;/cartografia/gestion/pluviometria.php
documento;https://www.aguasgrancanaria.com/pdfs/Cartografia/RedPluviometrica.pdf;/pdfs/Cartografia/RedPluviometrica.pdf;/documentos/pdfs/cartografia/redpluviometrica.pdf;200;1628551;70309240bffaffcdb8a7ba550711fc0f1971517a46567a3f5f88e355af4e83ed;si;/cartografia/gestion/pluviometria.php
documento;https://www.aguasgrancanaria.com/pdfs/Cartografia/RedPluviometrica.zip;/pdfs/Cartografia/RedPluviometrica.zip;/documentos/pdfs/cartografia/redpluviometrica.zip;200;3192455;da730e4b4e476f51ab2341a8990a1114ee1680a2cd693ad72e912d3fd5805245;si;/cartografia/gestion/pluviometria.php
imagen;https://www.aguasgrancanaria.com/pdfs/Cartografia/Relieve.jpg;/pdfs/Cartografia/Relieve.jpg;/imagenes/pdfs/cartografia/relieve.jpg;200;1203952;a0e576c36a29ef7c95cccc68673e6a683576870593faf0ee62196ffd100aeaf5;no;/cartografia/medio_fisico/relieve.php
documento;https://www.aguasgrancanaria.com/pdfs/Cartografia/Relieve.pdf;/pdfs/Cartografia/Relieve.pdf;/documentos/pdfs/cartografia/relieve.pdf;200;2159430;77b0d14d850fcfae1cc8af518a2f05678d1c05905c2b1d554cb295de95166702;si;/cartografia/medio_fisico/relieve.php
documento;https://www.aguasgrancanaria.com/pdfs/Cartografia/Relieve.zip;/pdfs/Cartografia/Relieve.zip;/documentos/pdfs/cartografia/relieve.zip;200;3577658;1f53718749d7daec54ec412c9618adbd5466ff32290041f98b78961ef6b8516b;si;/cartografia/medio_fisico/relieve.php
imagen;https://www.aguasgrancanaria.com/pdfs/Cartografia/Zonificacion.jpg;/pdfs/Cartografia/Zonificacion.jpg;/imagenes/pdfs/cartografia/zonificacion.jpg;200;1002154;dfef86bbf04e835b98e15fde4ba42e4d2b0bdc91b66973e6a7816ff79cc7ec98;no;/cartografia/marco/zonificacion.php
documento;https://www.aguasgrancanaria.com/pdfs/Cartografia/Zonificacion.pdf;/pdfs/Cartografia/Zonificacion.pdf;/documentos/pdfs/cartografia/zonificacion.pdf;200;999143;a4c92e8ba3b9406f1e79cef9756fe392c8cfacf53d35dff951a47b8f70ef2e54;si;/cartografia/marco/zonificacion.php
documento;https://www.aguasgrancanaria.com/pdfs/ConcursoHidroelectrico/Apertura_Proposiciones.pdf;/pdfs/ConcursoHidroelectrico/Apertura_Proposiciones.pdf;/documentos/pdfs/concursohidroelectrico/apertura_proposiciones.pdf;200;261620;dd001f22f7e2d48af0319c1f87b9cd598b0708e6b36e3b63f675e48a1ed84bb2;si;/concurso_hidro.php
documento;https://www.aguasgrancanaria.com/pdfs/ConcursoHidroelectrico/BOE-B-2011-1965.pdf;/pdfs/ConcursoHidroelectrico/BOE-B-2011-1965.pdf;/documentos/pdfs/concursohidroelectrico/boe-b-2011-1965.pdf;200;162169;bc4df7fc63fc18104ebb59a268b20804b3ea64add69b0d14cddeb9377d853a8c;si;/concurso_hidro.php
documento;https://www.aguasgrancanaria.com/pdfs/ConcursoHidroelectrico/ChiraSoria_BOE.pdf;/pdfs/ConcursoHidroelectrico/ChiraSoria_BOE.pdf;/documentos/pdfs/concursohidroelectrico/chirasoria_boe.pdf;200;161047;16318e8345d326c952992d8c329b673606511cd245b04a266e30a7d99a5f4200;si;/concurso_hidro.php
documento;https://www.aguasgrancanaria.com/pdfs/ConcursoHidroelectrico/ChiraSoria_Pliego2.pdf;/pdfs/ConcursoHidroelectrico/ChiraSoria_Pliego2.pdf;/documentos/pdfs/concursohidroelectrico/chirasoria_pliego2.pdf;200;149327;d384f027544b0dcdf7d85d0d4bb3ed1335087e88265d91e398d893c6a8ab4866;si;/concurso_hidro.php
documento;https://www.aguasgrancanaria.com/pdfs/ConcursoHidroelectrico/ChiraSoria_Rese%C3%B1as.pdf;/pdfs/ConcursoHidroelectrico/ChiraSoria_Reseñas.pdf;/documentos/pdfs/concursohidroelectrico/chirasoria_resenas.pdf;200;472283;adc6027d9afb59a3d57438cd3e7e2b5f3e8e9f74cdacd848c6ab812dc4d45af6;si;/concurso_hidro.php
documento;https://www.aguasgrancanaria.com/pdfs/ConcursoHidroelectrico/Las%20presas%20de%20Gran%20Canaria%20y%20el%20Salto%20de%20Chira_Yonay%20Concepci%C3%B3n_XIIJEP.pdf;/pdfs/ConcursoHidroelectrico/Las presas de Gran Canaria y el Salto de Chira_Yonay Concepción_XIIJEP.pdf;/documentos/pdfs/concursohidroelectrico/las-presas-de-gran-canaria-y-el-salto-de-chira_yonay-concepcion_xiijep.pdf;200;4039255;0d7aeead804c6c7a0737ec94b4a003aa43c39b7eff1bf0d68350f332c1726ff2;si;/concurso_hidro.php | /presas/ubicacion_presas.php
documento;https://www.aguasgrancanaria.com/pdfs/ConcursoHidroelectrico/Memoria-Chira-Soria.pdf;/pdfs/ConcursoHidroelectrico/Memoria-Chira-Soria.pdf;/documentos/pdfs/concursohidroelectrico/memoria-chira-soria.pdf;200;2298405;79d64601462f2c2513fca8273068734f80dea86086128ea47ec88632a6657f8a;si;/concurso_hidro.php
documento;https://www.aguasgrancanaria.com/pdfs/ConcursoHidroelectrico/OfertaEconomica.doc;/pdfs/ConcursoHidroelectrico/OfertaEconomica.doc;/documentos/pdfs/concursohidroelectrico/ofertaeconomica.doc;200;139264;f05fa30cd325ff26645a8c700c4efd636d2ab6ac4e400d094a71657edb81b853;si;/concurso_hidro.php
documento;https://www.aguasgrancanaria.com/pdfs/ConcursoHidroelectrico/OfertaEconomica.pdf;/pdfs/ConcursoHidroelectrico/OfertaEconomica.pdf;/documentos/pdfs/concursohidroelectrico/ofertaeconomica.pdf;200;470056;6ca3c39ce84d4464f66c5ee796fc19c6a8aa61801ae7a2a541c14f8fb94bb465;si;/concurso_hidro.php
documento;https://www.aguasgrancanaria.com/pdfs/ConcursoHidroelectrico/SaltodeChira_AF_05.05_web.pdf;/pdfs/ConcursoHidroelectrico/SaltodeChira_AF_05.05_web.pdf;/documentos/pdfs/concursohidroelectrico/saltodechira_af_05.05_web.pdf;200;4945165;3bdcf34e07ea58fd600223afbc736e128dd24023601e1b91cc046c2879c83fc9;si;/concurso_hidro.php
documento;https://www.aguasgrancanaria.com/pdfs/Convenios/Agaete.pdf;/pdfs/Convenios/Agaete.pdf;/documentos/pdfs/convenios/agaete.pdf;200;950775;b1f8d9e79dfda9659245fb3e69d45447610e0df72b6cd270d2040d9af4f958f8;si;/convenio.php
documento;https://www.aguasgrancanaria.com/pdfs/Convenios/Artenara.pdf;/pdfs/Convenios/Artenara.pdf;/documentos/pdfs/convenios/artenara.pdf;200;1009527;adde0cc12a904bcefcfe7abab1420fdf14812f960a357edd0a2d56d60b585b70;si;/convenio.php
documento;https://www.aguasgrancanaria.com/pdfs/Convenios/Arucas.pdf;/pdfs/Convenios/Arucas.pdf;/documentos/pdfs/convenios/arucas.pdf;200;1127244;86aff7091020b8f700851afd34733e17564d9490beffd9279dcadaeee1b57dcb;si;/convenio.php
documento;https://www.aguasgrancanaria.com/pdfs/Convenios/CentrosdeTrabajo.pdf;/pdfs/Convenios/CentrosdeTrabajo.pdf;/documentos/pdfs/convenios/centrosdetrabajo.pdf;200;555938;9f78d729c5e48dbf3d0051c5954872b936a4183c20aec978865312cd7c411fbd;si;/convenio.php
documento;https://www.aguasgrancanaria.com/pdfs/Convenios/ConvenioGobCanCabildo.pdf;/pdfs/Convenios/ConvenioGobCanCabildo.pdf;/documentos/pdfs/convenios/conveniogobcancabildo.pdf;200;2042925;efc1cd106bb75043eefe670011f832d3ac024b28ef08b0ff560b43655d2ac606;si;/convenio.php
documento;https://www.aguasgrancanaria.com/pdfs/Convenios/Convenios_2018.pdf;/pdfs/Convenios/Convenios_2018.pdf;/documentos/pdfs/convenios/convenios_2018.pdf;200;2191188;c04780c1b823ad000aa796973c7f8bd40a7a7e370573406270b15c2a56b5f428;si;/ayudas.php | /convenio.php
documento;https://www.aguasgrancanaria.com/pdfs/Convenios/Decreto.pdf;/pdfs/Convenios/Decreto.pdf;/documentos/pdfs/convenios/decreto.pdf;200;2354433;02528ddb6632499ce335a47f27de0b7da6a61c434670bcab2c3ef29aaa3558ef;si;/ayudas.php
documento;https://www.aguasgrancanaria.com/pdfs/Convenios/Firgas.pdf;/pdfs/Convenios/Firgas.pdf;/documentos/pdfs/convenios/firgas.pdf;200;855109;690ef73e8d39b488ac4a3dffe8def9447c50129bef2dcd2d26aef407e3803ea4;si;/convenio.php
documento;https://www.aguasgrancanaria.com/pdfs/Convenios/Galdar.pdf;/pdfs/Convenios/Galdar.pdf;/documentos/pdfs/convenios/galdar.pdf;200;1086679;4fc5f6706530c2b4789de4a21e895cec7b63f8e2bc5ab2e9c36c596cf039648c;si;/convenio.php
documento;https://www.aguasgrancanaria.com/pdfs/Convenios/Guia.pdf;/pdfs/Convenios/Guia.pdf;/documentos/pdfs/convenios/guia.pdf;200;1079983;ca854b51505634f7baa7132b52ad14efe66c407983535c124016e4d34db7f9e7;si;/convenio.php
documento;https://www.aguasgrancanaria.com/pdfs/Convenios/La%20Aldea.pdf;/pdfs/Convenios/La Aldea.pdf;/documentos/pdfs/convenios/la-aldea.pdf;200;1013368;2bb04e4bf57ec0ee591b710ca9ac61a369280e6562d16146943216bcb8a0a9e3;si;/convenio.php
documento;https://www.aguasgrancanaria.com/pdfs/Convenios/Mogan.pdf;/pdfs/Convenios/Mogan.pdf;/documentos/pdfs/convenios/mogan.pdf;200;777102;d9cc09ea603f8b270f493dab1c2d49d1caa0213fc73b4536b730373154fad3a0;si;/convenio.php
documento;https://www.aguasgrancanaria.com/pdfs/Convenios/Moya.pdf;/pdfs/Convenios/Moya.pdf;/documentos/pdfs/convenios/moya.pdf;200;744169;a20e6227f7a1918d110894c6b1493559e94ffdad072311df323029c1ed52fd8a;si;/convenio.php
documento;https://www.aguasgrancanaria.com/pdfs/Convenios/San%20Mateo.pdf;/pdfs/Convenios/San Mateo.pdf;/documentos/pdfs/convenios/san-mateo.pdf;200;1025714;17e5437511cd7ae1e9dbede340841fb551f55122df40768d2202fa3f2e5760b7;si;/convenio.php
documento;https://www.aguasgrancanaria.com/pdfs/Convenios/Tejeda.pdf;/pdfs/Convenios/Tejeda.pdf;/documentos/pdfs/convenios/tejeda.pdf;200;960682;e816ed674fa6b0dc5dd3eca6fce24529735a5d1f5326de0b0eeab26e6926f2c0;si;/convenio.php
documento;https://www.aguasgrancanaria.com/pdfs/Convenios/Teror.pdf;/pdfs/Convenios/Teror.pdf;/documentos/pdfs/convenios/teror.pdf;200;987278;a299bfbefc0e2aabcb21c37d5bb0fe5539e1b83549c4f2e3abb4b88bcf86671d;si;/convenio.php
documento;https://www.aguasgrancanaria.com/pdfs/Convenios/Valleseco.pdf;/pdfs/Convenios/Valleseco.pdf;/documentos/pdfs/convenios/valleseco.pdf;200;1129004;289ff6bbe11eb614da9c386d231661f6d28bc9ce6e69ce7e474bccb0124cbe85;si;/convenio.php
documento;https://www.aguasgrancanaria.com/pdfs/Divulgacion/1-F_Rubio_AcuiferosCosterosGranCanaria.pdf;/pdfs/Divulgacion/1-F_Rubio_AcuiferosCosterosGranCanaria.pdf;/documentos/pdfs/divulgacion/1-f_rubio_acuiferoscosterosgrancanaria.pdf;200;12395954;5860506e3750beb6861865379c5173cab69e782c04180787c9ffc8ddace1c43c;si;/divulgacion/jornadas.php
documento;https://www.aguasgrancanaria.com/pdfs/Divulgacion/2-JL_Guerra_TrabajosInvestigacion.pdf;/pdfs/Divulgacion/2-JL_Guerra_TrabajosInvestigacion.pdf;/documentos/pdfs/divulgacion/2-jl_guerra_trabajosinvestigacion.pdf;200;2515965;5cabd3e6e71e4322d260da92ec7efba358ce3bcbe48d2a02f3aaaadedd32de63;si;/divulgacion/jornadas.php
documento;https://www.aguasgrancanaria.com/pdfs/Divulgacion/3-E_Galindo_EncuadreYContenido.pdf;/pdfs/Divulgacion/3-E_Galindo_EncuadreYContenido.pdf;/documentos/pdfs/divulgacion/3-e_galindo_encuadreycontenido.pdf;200;2582882;e80bbdf1c3d7b676b1318632910bfc6fc3d33a1580d14bbdfb9b9b84ae8a6659;si;/divulgacion/jornadas.php
documento;https://www.aguasgrancanaria.com/pdfs/Divulgacion/4-M_del_Pozo_ResultadosYPropuestas.pdf;/pdfs/Divulgacion/4-M_del_Pozo_ResultadosYPropuestas.pdf;/documentos/pdfs/divulgacion/4-m_del_pozo_resultadosypropuestas.pdf;200;1665549;39727ec9bc133005f63b3c3a2ee7b576a252a4743c35be2ae263f3460e865605;si;/divulgacion/jornadas.php
documento;https://www.aguasgrancanaria.com/pdfs/Divulgacion/CAPITULO_I._Informe_de_sintesis.pdf;/pdfs/Divulgacion/CAPITULO_I._Informe_de_sintesis.pdf;/documentos/pdfs/divulgacion/capitulo_i._informe_de_sintesis.pdf;200;11498182;0a8d99021b218895636d3e467897ace79174c436de6da83f1ed1b252703961f7;si;/divulgacion/articulos/estudio_hidrogeologico.php
documento;https://www.aguasgrancanaria.com/pdfs/Divulgacion/CAPITULO_II._Demandas_y_Consumos_de_agua.pdf;/pdfs/Divulgacion/CAPITULO_II._Demandas_y_Consumos_de_agua.pdf;/documentos/pdfs/divulgacion/capitulo_ii._demandas_y_consumos_de_agua.pdf;200;1211425;a4d3eb8db447a955782e9dda9d0896435e1149adc670357fc6b43ce8108ad425;si;/divulgacion/articulos/estudio_hidrogeologico.php
documento;https://www.aguasgrancanaria.com/pdfs/Divulgacion/CAPITULO_III._Geologia.pdf;/pdfs/Divulgacion/CAPITULO_III._Geologia.pdf;/documentos/pdfs/divulgacion/capitulo_iii._geologia.pdf;200;2621972;4fbc2f97b2f4fe8058156b9ae2b1fb8e90842e03083e4bc65280c626db2664df;si;/divulgacion/articulos/estudio_hidrogeologico.php
documento;https://www.aguasgrancanaria.com/pdfs/Divulgacion/ConvocatoriaJovenesAnexo1.pdf;/pdfs/Divulgacion/ConvocatoriaJovenesAnexo1.pdf;/documentos/pdfs/divulgacion/convocatoriajovenesanexo1.pdf;200;121919;7914a1a13658ffcce8ebb8ff56d1894dd20c7f790400cca33568db565a52164e;si;/divulgacion/jovenes_agua.php
documento;https://www.aguasgrancanaria.com/pdfs/Divulgacion/DatosSignificativosChiraSoria.pdf;/pdfs/Divulgacion/DatosSignificativosChiraSoria.pdf;/documentos/pdfs/divulgacion/datossignificativoschirasoria.pdf;200;14567;a542ad93452fb1de8f3f1aacb80772190bb7952d57f5459b1b49350050cabfdb;si;/divulgacion.php
documento;https://www.aguasgrancanaria.com/pdfs/Divulgacion/laminas_GC.pdf;/pdfs/Divulgacion/laminas_GC.pdf;/documentos/pdfs/divulgacion/laminas_gc.pdf;200;12377376;3eda85ca7ebf627d6bd4e2f765a07cdbe6cab370d21c33a430846a8146027be1;si;/divulgacion/articulos/estudio_cientifico.php
documento;https://www.aguasgrancanaria.com/pdfs/Divulgacion/Libro_Prov_Las_Palmas.pdf;/pdfs/Divulgacion/Libro_Prov_Las_Palmas.pdf;/documentos/pdfs/divulgacion/libro_prov_las_palmas.pdf;200;16911768;983791f1dfc2235709a7f1cd98fe1a5e39752bdc2cfed327d8f170efdd9b1394;si;/divulgacion/articulos/estudio_cientifico.php
documento;https://www.aguasgrancanaria.com/pdfs/Divulgacion/Plano_II_1.pdf;/pdfs/Divulgacion/Plano_II_1.pdf;/documentos/pdfs/divulgacion/plano_ii_1.pdf;200;1336582;1d0d9b0de2fbca9948d6da27de7a2dd007ccad8ed2d75c230038f39d831ac3e2;si;/divulgacion/articulos/estudio_hidrogeologico.php
documento;https://www.aguasgrancanaria.com/pdfs/Documentacion/AguaDesalada.pdf;/pdfs/Documentacion/AguaDesalada.pdf;/documentos/pdfs/documentacion/aguadesalada.pdf;200;433192;31a8b9b594f381949e0bba52b251ee1b4cdfa48e491bdce40ea1f3680e4bca3a;si;/servicios/documento.php
documento;https://www.aguasgrancanaria.com/pdfs/Documentacion/alta_tercero_fisica.pdf;/pdfs/Documentacion/alta_tercero_fisica.pdf;/documentos/pdfs/documentacion/alta_tercero_fisica.pdf;200;435390;2f29cb6b54b986da585e65a8b793a32d0c58f3514378d2a84ada6bf3628c1a5e;si;/servicios/documento.php
documento;https://www.aguasgrancanaria.com/pdfs/Documentacion/alta_tercero_juridica.pdf;/pdfs/Documentacion/alta_tercero_juridica.pdf;/documentos/pdfs/documentacion/alta_tercero_juridica.pdf;200;498663;66ccab2f9ff9446fead87de10d0b51cb265b4b4556de27c46204e62a009de881;si;/servicios/documento.php
documento;https://www.aguasgrancanaria.com/pdfs/Documentacion/Altadetercerosinternacional.pdf;/pdfs/Documentacion/Altadetercerosinternacional.pdf;/documentos/pdfs/documentacion/altadetercerosinternacional.pdf;200;1573730;4095d408f5cab3390ec94ac5c3ea433c0e68a440cc272c05cdd2ae7720a3f0c6;si;/servicios/documento.php
documento;https://www.aguasgrancanaria.com/pdfs/Documentacion/certificado_instalacion.pdf;/pdfs/Documentacion/certificado_instalacion.pdf;/documentos/pdfs/documentacion/certificado_instalacion.pdf;200;102996;e44a9c7702ca8ed7f828997e7e7eaf6f1107a9d7bcfcf81bc5daa8b238b5f608;si;/servicios/documento.php
documento;https://www.aguasgrancanaria.com/pdfs/Documentacion/CondicionesGenerales.pdf;/pdfs/Documentacion/CondicionesGenerales.pdf;/documentos/pdfs/documentacion/condicionesgenerales.pdf;200;950625;08a8ec2633431d8ee54151308c0f1c562bf361df038db5e74dcf7321fa92f9db;si;/servicios/documento.php
documento;https://www.aguasgrancanaria.com/pdfs/Documentacion/Ficha_agronomica.ods;/pdfs/Documentacion/Ficha_agronomica.ods;/documentos/pdfs/documentacion/ficha_agronomica.ods;200;59830;3829ec1255d2ad7093ef082c859cb73d48adc59736a5388492b83c5539208e64;si;/servicios/documento.php
documento;https://www.aguasgrancanaria.com/pdfs/Documentacion/ficha_agronomica.pdf;/pdfs/Documentacion/ficha_agronomica.pdf;/documentos/pdfs/documentacion/ficha_agronomica.pdf;200;325179;3b0b818c707036a6a8aa40b607b715a977a2af0d93ae497086a83d7e15e1fb51;si;/servicios/documento.php
documento;https://www.aguasgrancanaria.com/pdfs/Documentacion/ficha_regante_comunidad.pdf;/pdfs/Documentacion/ficha_regante_comunidad.pdf;/documentos/pdfs/documentacion/ficha_regante_comunidad.pdf;200;180803;92c716f4615a1811e5acaadd383092312b215abe28377bf169800996aa02e7d8;si;/servicios/documento.php
documento;https://www.aguasgrancanaria.com/pdfs/Documentacion/ficha_regante_individual.pdf;/pdfs/Documentacion/ficha_regante_individual.pdf;/documentos/pdfs/documentacion/ficha_regante_individual.pdf;200;265144;1126a722a09dab48848b776fb8b8e491300d6c22fb29dfc0eae846295dc73633;si;/servicios/documento.php
documento;https://www.aguasgrancanaria.com/pdfs/Documentacion/HojaSolicitud_CIAGC.pdf;/pdfs/Documentacion/HojaSolicitud_CIAGC.pdf;/documentos/pdfs/documentacion/hojasolicitud_ciagc.pdf;200;286883;9c54f2ff8029555e0bccdf29b3db0720268abd4abf7bfe386a90e2393916be50;si;/accesibilidad.php | /servicios/documento.php
documento;https://www.aguasgrancanaria.com/pdfs/Documentacion/Modelo_Propuesta_Adquisicion.doc;/pdfs/Documentacion/Modelo_Propuesta_Adquisicion.doc;/documentos/pdfs/documentacion/modelo_propuesta_adquisicion.doc;200;18432;9159fa43d656fb54ec5c88d53852e046d0c7ddf19b901452149e8ab229e42370;si;/servicios/documento.php
documento;https://www.aguasgrancanaria.com/pdfs/Documentacion/Modelo_Solicitud_SSAA.pdf;/pdfs/Documentacion/Modelo_Solicitud_SSAA.pdf;/documentos/pdfs/documentacion/modelo_solicitud_ssaa.pdf;200;166205;7cddc91d60de086b39eaf43dc056af94fc7b73b2e9925908513562f0ff99f312;si;/servicios/documento.php
documento;https://www.aguasgrancanaria.com/pdfs/Documentacion/Modelo%20Aval.pdf;/pdfs/Documentacion/Modelo Aval.pdf;/documentos/pdfs/documentacion/modelo-aval.pdf;200;76508;a5c4f39a1ccf7109b8ffd32aaca6bc1a4631f2ad701d6046945c60659d026556;si;/servicios/documento.php
documento;https://www.aguasgrancanaria.com/pdfs/Documentacion/Modelo%20Aval%20-%20UTE.pdf;/pdfs/Documentacion/Modelo Aval - UTE.pdf;/documentos/pdfs/documentacion/modelo-aval-ute.pdf;200;81552;92f313b3748b93502c0b7a54bf6e0ca97c21caaf572eddf4b38d9a0b6801a6a8;si;/servicios/documento.php
documento;https://www.aguasgrancanaria.com/pdfs/Documentacion/Modelo%20seguro%20cauci%C3%B3n.pdf;/pdfs/Documentacion/Modelo seguro caución.pdf;/documentos/pdfs/documentacion/modelo-seguro-caucion.pdf;200;76579;85c72d16dcc31ddc2cb02c1aca9f1e333e44368664716ff18e9d5fb8222ee43b;si;/servicios/documento.php
documento;https://www.aguasgrancanaria.com/pdfs/Documentacion/Modelo%20seguro%20cauci%C3%B3n%20-%20UTE.pdf;/pdfs/Documentacion/Modelo seguro caución - UTE.pdf;/documentos/pdfs/documentacion/modelo-seguro-caucion-ute.pdf;200;82893;0ca014517c9f4515fcef97538a5a28cf89b3734c24f4d8d5ad5faa2eb935a63b;si;/servicios/documento.php
documento;https://www.aguasgrancanaria.com/pdfs/Documentacion/Nuevo_Precio_Presas.pdf;/pdfs/Documentacion/Nuevo_Precio_Presas.pdf;/documentos/pdfs/documentacion/nuevo_precio_presas.pdf;200;47879;f2492d3148c0566a8639343e6b082c66d5ee32609838366cf6c654b8ef9a9784;si;/servicios/documento.php
documento;https://www.aguasgrancanaria.com/pdfs/Documentacion/OrdenanzasFiscales.pdf;/pdfs/Documentacion/OrdenanzasFiscales.pdf;/documentos/pdfs/documentacion/ordenanzasfiscales.pdf;200;107189;01f492e23cb36081437e234f0c1267ca727b93d63be2146bac32694cd721af06;si;/servicios/documento.php
documento;https://www.aguasgrancanaria.com/pdfs/Documentacion/PreciosAgua.pdf;/pdfs/Documentacion/PreciosAgua.pdf;/documentos/pdfs/documentacion/preciosagua.pdf;200;203728;f6d4da8796b5c24f35bf47ac31c5c070d2f4db78c475806688ea823b54136c3a;si;/servicios/documento.php
documento;https://www.aguasgrancanaria.com/pdfs/Documentacion/solicitud_conexion.pdf;/pdfs/Documentacion/solicitud_conexion.pdf;/documentos/pdfs/documentacion/solicitud_conexion.pdf;200;136259;4a8253b674e35c55188a5b4a1348c59af028bf8bc4b3291e10b0b6fbab89ecf4;si;/servicios/documento.php
imagen;https://www.aguasgrancanaria.com/pdfs/ecoislas/ecoislas_600x450.png;/pdfs/ecoislas/ecoislas_600x450.png;/imagenes/pdfs/ecoislas/ecoislas_600x450.png;200;114435;a7e3b98f79057d4e526b300cd20cf575d1d8e53a934222ece46e946b3510e750;no;/
documento;https://www.aguasgrancanaria.com/pdfs/Elecciones/26_ActaElecciones_10-04-2024_firmada.pdf;/pdfs/Elecciones/26_ActaElecciones_10-04-2024_firmada.pdf;/documentos/pdfs/elecciones/26_actaelecciones_10-04-2024_firmada.pdf;200;1528645;add1975006f05fcd4aa1e2a635ef3c64e7250455cc865ade8a31e3eb6b9f2468;si;/elecciones.php
documento;https://www.aguasgrancanaria.com/pdfs/Elecciones/Anuncio_BOP_lista_de_compromisarios.pdf;/pdfs/Elecciones/Anuncio_BOP_lista_de_compromisarios.pdf;/documentos/pdfs/elecciones/anuncio_bop_lista_de_compromisarios.pdf;200;73709;329a2e98ff53cb81122f09bfbf186464fb47ac43030cd24a4e614f926fd73c62;si;/elecciones.php
documento;https://www.aguasgrancanaria.com/pdfs/Elecciones/Anuncio_BOP_lista_de_compromisarios2.pdf;/pdfs/Elecciones/Anuncio_BOP_lista_de_compromisarios2.pdf;/documentos/pdfs/elecciones/anuncio_bop_lista_de_compromisarios2.pdf;200;73709;329a2e98ff53cb81122f09bfbf186464fb47ac43030cd24a4e614f926fd73c62;si;/elecciones.php
documento;https://www.aguasgrancanaria.com/pdfs/Elecciones/Anuncio_prensa_elecciones.pdf;/pdfs/Elecciones/Anuncio_prensa_elecciones.pdf;/documentos/pdfs/elecciones/anuncio_prensa_elecciones.pdf;200;42609;07e2501a2b5cf710de5c3a719a220ef9702d79a37ff23bfa38310ae04339feb7;si;/elecciones.php
documento;https://www.aguasgrancanaria.com/pdfs/Elecciones/Anuncio%20elecciones%20y%20compromisarios%202024.pdf;/pdfs/Elecciones/Anuncio elecciones y compromisarios 2024.pdf;/documentos/pdfs/elecciones/anuncio-elecciones-y-compromisarios-2024.pdf;200;356824;ca649c17533a28d710e20013b23ccef12d9b3743ae412c8ff15c55e65de78a24;si;/elecciones.php
documento;https://www.aguasgrancanaria.com/pdfs/Elecciones/AnuncioBOP12102022.pdf;/pdfs/Elecciones/AnuncioBOP12102022.pdf;/documentos/pdfs/elecciones/anunciobop12102022.pdf;200;36623;7c16dc29bc7e8850197f3d2a6fd0e7c5df5da064ad6d1d6fbed6921b9f692cb4;si;/elecciones.php
documento;https://www.aguasgrancanaria.com/pdfs/Elecciones/BOP_20230707.pdf;/pdfs/Elecciones/BOP_20230707.pdf;/documentos/pdfs/elecciones/bop_20230707.pdf;200;116234;8eb2e4467667424f536c911ce1d86f9b0d69fddbfcbd03f9eb4865d88b0c11c5;si;/elecciones.php
documento;https://www.aguasgrancanaria.com/pdfs/Elecciones/CensoAlegaciones-CONSORCIOS_EMPRESAS_PUBLICAS.doc;/pdfs/Elecciones/CensoAlegaciones-CONSORCIOS_EMPRESAS_PUBLICAS.doc;/documentos/pdfs/elecciones/censoalegaciones-consorcios_empresas_publicas.doc;200;26112;1f4697ad5f1910b44346c81e3f39cc8d46a0733a1d74e646b4c9cdb54fec60ab;si;/elecciones.php
documento;https://www.aguasgrancanaria.com/pdfs/Elecciones/CensoAlegaciones-ORGANIZACIONES_AGRARIAS.doc;/pdfs/Elecciones/CensoAlegaciones-ORGANIZACIONES_AGRARIAS.doc;/documentos/pdfs/elecciones/censoalegaciones-organizaciones_agrarias.doc;200;25600;67d34260a7a8ea56277cecc7b15633e497483346b1ec3af38f33d2666ddd4080;si;/elecciones.php
documento;https://www.aguasgrancanaria.com/pdfs/Elecciones/CensoAlegaciones-ORGANIZACIONES_CONSUMIDORES.doc;/pdfs/Elecciones/CensoAlegaciones-ORGANIZACIONES_CONSUMIDORES.doc;/documentos/pdfs/elecciones/censoalegaciones-organizaciones_consumidores.doc;200;26112;41230c8691c8e256911f4ca22f9b8fd2f6e4d8684df998418c6ef0ce8507c689;si;/elecciones.php
documento;https://www.aguasgrancanaria.com/pdfs/Elecciones/CensoAlegaciones-ORGANIZACIONES_EMPRESARIALES.doc;/pdfs/Elecciones/CensoAlegaciones-ORGANIZACIONES_EMPRESARIALES.doc;/documentos/pdfs/elecciones/censoalegaciones-organizaciones_empresariales.doc;200;26112;9ecd771321a6546183980447f5f12f97b9b0858dce490041e63b2ac398a12cb8;si;/elecciones.php
documento;https://www.aguasgrancanaria.com/pdfs/Elecciones/CensoAlegaciones-ORGANIZACIONES_SINDICALES.doc;/pdfs/Elecciones/CensoAlegaciones-ORGANIZACIONES_SINDICALES.doc;/documentos/pdfs/elecciones/censoalegaciones-organizaciones_sindicales.doc;200;26112;3277ffce6d18f01bcc396b216509b7600fcf64b0da944769e88094259cc33b89;si;/elecciones.php
documento;https://www.aguasgrancanaria.com/pdfs/Elecciones/CensoAlegaciones-TITULARES_APROVECHAMIENTOS.doc;/pdfs/Elecciones/CensoAlegaciones-TITULARES_APROVECHAMIENTOS.doc;/documentos/pdfs/elecciones/censoalegaciones-titulares_aprovechamientos.doc;200;26624;e7ae6b0cd4cb8602193a334e0cb5d5cdcf19d427953dc137be9c92b674d516b1;si;/elecciones.php
documento;https://www.aguasgrancanaria.com/pdfs/Elecciones/CONSORCIOS_EMPRESAS_PUBLICAS.pdf;/pdfs/Elecciones/CONSORCIOS_EMPRESAS_PUBLICAS.pdf;/documentos/pdfs/elecciones/consorcios_empresas_publicas.pdf;200;143063;f3719a092b229881f2d82a383f93b4792c35881516a734ea2d311bdbf9a8fb11;si;/elecciones.php
documento;https://www.aguasgrancanaria.com/pdfs/Elecciones/def_CONSORCIOS_EMPRESAS_PUBLICAS.pdf;/pdfs/Elecciones/def_CONSORCIOS_EMPRESAS_PUBLICAS.pdf;/documentos/pdfs/elecciones/def_consorcios_empresas_publicas.pdf;200;143617;2acc4e6dcccf55297ca42917b6c948124e0508dad4ea9060bb3d65cd1de3d68e;si;/elecciones.php
documento;https://www.aguasgrancanaria.com/pdfs/Elecciones/def_ORGANIZACIONES_AGRARIAS.pdf;/pdfs/Elecciones/def_ORGANIZACIONES_AGRARIAS.pdf;/documentos/pdfs/elecciones/def_organizaciones_agrarias.pdf;200;135951;5b92f4ec216bfb0b578330bcea4015ec349be2aabda48d08fceeb95a09d40bae;si;/elecciones.php
documento;https://www.aguasgrancanaria.com/pdfs/Elecciones/def_ORGANIZACIONES_CONSUMIDORES.pdf;/pdfs/Elecciones/def_ORGANIZACIONES_CONSUMIDORES.pdf;/documentos/pdfs/elecciones/def_organizaciones_consumidores.pdf;200;263612;c0bafd00e51e3423a80f31f3a0ef3d53b54204d3b8be26dbf2650505fcfb5fa8;si;/elecciones.php
documento;https://www.aguasgrancanaria.com/pdfs/Elecciones/def_ORGANIZACIONES_EMPRESARIALES.pdf;/pdfs/Elecciones/def_ORGANIZACIONES_EMPRESARIALES.pdf;/documentos/pdfs/elecciones/def_organizaciones_empresariales.pdf;200;136096;4b7ac2265cdf7e6a7e3fbf6ca1d1e1bd99f9304fb4cceafd57e48d355a687fc7;si;/elecciones.php
documento;https://www.aguasgrancanaria.com/pdfs/Elecciones/def_ORGANIZACIONES_SINDICALES.pdf;/pdfs/Elecciones/def_ORGANIZACIONES_SINDICALES.pdf;/documentos/pdfs/elecciones/def_organizaciones_sindicales.pdf;200;139228;2d2690091d3b989bc2cda415e5eb9417f1dac3fe1cce3b47762f7352087761d5;si;/elecciones.php
documento;https://www.aguasgrancanaria.com/pdfs/Elecciones/def_TITULARES_APROVECHAMIENTOS.pdf;/pdfs/Elecciones/def_TITULARES_APROVECHAMIENTOS.pdf;/documentos/pdfs/elecciones/def_titulares_aprovechamientos.pdf;200;208689;2756f59cb16f0af1786cb8d87e4300a73b72a9b74be75cef1d73fb25645a093a;si;/elecciones.php
documento;https://www.aguasgrancanaria.com/pdfs/Elecciones/Listado_de_compromisarios_titulares_aprovechamientos.pdf;/pdfs/Elecciones/Listado_de_compromisarios_titulares_aprovechamientos.pdf;/documentos/pdfs/elecciones/listado_de_compromisarios_titulares_aprovechamientos.pdf;200;449442;703e599e6d7a476f8129beda2b6a65650e1f9ad953da61792e3d3c3f59f8c31a;si;/elecciones.php
documento;https://www.aguasgrancanaria.com/pdfs/Elecciones/Modelo_de_instancia_CCReditable.pdf;/pdfs/Elecciones/Modelo_de_instancia_CCReditable.pdf;/documentos/pdfs/elecciones/modelo_de_instancia_ccreditable.pdf;200;169094;af11761956f6da6df891cb46d90861314bd57eb56de1b8fbbbe960519b2a915a;si;/elecciones.php
documento;https://www.aguasgrancanaria.com/pdfs/Elecciones/Modelo_de_solicitud_proclamaci%C3%B3n_candidato_titulares_aprov.rtf;/pdfs/Elecciones/Modelo_de_solicitud_proclamación_candidato_titulares_aprov.rtf;/documentos/pdfs/elecciones/modelo_de_solicitud_proclamacion_candidato_titulares_aprov.rtf;200;672024;3794a02b2a198c60e69b4d09e3a4b1a1f1b8e04842f89a210f01cb675c8e8181;no;/elecciones.php
documento;https://www.aguasgrancanaria.com/pdfs/Elecciones/ORGANIZACIONES_AGRARIAS.pdf;/pdfs/Elecciones/ORGANIZACIONES_AGRARIAS.pdf;/documentos/pdfs/elecciones/organizaciones_agrarias.pdf;200;135393;f72ea7c67d7981b7e67a1080148f422d141fe832575e6a48fe5f34f540d54395;si;/elecciones.php
documento;https://www.aguasgrancanaria.com/pdfs/Elecciones/ORGANIZACIONES_CONSUMIDORES.pdf;/pdfs/Elecciones/ORGANIZACIONES_CONSUMIDORES.pdf;/documentos/pdfs/elecciones/organizaciones_consumidores.pdf;200;295606;72c9aabfb27c681c7288dc4ec7adc90094ce01fc3f71e1330045a1decd45a764;si;/elecciones.php
documento;https://www.aguasgrancanaria.com/pdfs/Elecciones/ORGANIZACIONES_EMPRESARIALES.pdf;/pdfs/Elecciones/ORGANIZACIONES_EMPRESARIALES.pdf;/documentos/pdfs/elecciones/organizaciones_empresariales.pdf;200;139859;123c2f0c2b88a47d8f6c6b8c9affe75bcc33fd39c8d07990b9fbb5608b00f3d5;si;/elecciones.php
documento;https://www.aguasgrancanaria.com/pdfs/Elecciones/ORGANIZACIONES_SINDICALES.pdf;/pdfs/Elecciones/ORGANIZACIONES_SINDICALES.pdf;/documentos/pdfs/elecciones/organizaciones_sindicales.pdf;200;138607;6095a245bef283e94158422ef2c43488336cacd4876485426c6c1568cd078a99;si;/elecciones.php
documento;https://www.aguasgrancanaria.com/pdfs/Elecciones/Resultado_elecciones_CIAGC.pdf;/pdfs/Elecciones/Resultado_elecciones_CIAGC.pdf;/documentos/pdfs/elecciones/resultado_elecciones_ciagc.pdf;200;140684;8a5c1eb4c40cb2045411a9d9c5b51f9de15a1b4b2717489a6efc0b2f422fbb03;si;/elecciones.php
documento;https://www.aguasgrancanaria.com/pdfs/Elecciones/Resultado_sorteo_200_Comunidades_Regantes.pdf;/pdfs/Elecciones/Resultado_sorteo_200_Comunidades_Regantes.pdf;/documentos/pdfs/elecciones/resultado_sorteo_200_comunidades_regantes.pdf;200;63414;8287ac0e7f129038e799dc1778681c2e4e5e6e8a867c62a0f6cf035d4e1a0e8d;si;/elecciones.php
documento;https://www.aguasgrancanaria.com/pdfs/Elecciones/TITULARES_APROVECHAMIENTOS.pdf;/pdfs/Elecciones/TITULARES_APROVECHAMIENTOS.pdf;/documentos/pdfs/elecciones/titulares_aprovechamientos.pdf;200;212008;82a47a3e59f61be0c421fb8310d8d4a7a08888e3fea7bfbb248c1d26664e95f0;si;/elecciones.php
documento;https://www.aguasgrancanaria.com/pdfs/FondosFeder/03-08-bop.pdf;/pdfs/FondosFeder/03-08-bop.pdf;/documentos/pdfs/fondosfeder/03-08-bop.pdf;200;48942;8c2a8728330b91fd7912f810f66f874676b1bc483dec9af83691720af246b08b;si;/fondos_feder.php
documento;https://www.aguasgrancanaria.com/pdfs/FondosFeder/03-08-pcap.pdf;/pdfs/FondosFeder/03-08-pcap.pdf;/documentos/pdfs/fondosfeder/03-08-pcap.pdf;200;62640;684dcf6ef08ea7689d7d17cbb71be39cb49bff726671f734e268fe4b966cd448;si;/fondos_feder.php
documento;https://www.aguasgrancanaria.com/pdfs/FondosFeder/06-08-bop.pdf;/pdfs/FondosFeder/06-08-bop.pdf;/documentos/pdfs/fondosfeder/06-08-bop.pdf;200;48016;8a06b5e8386c582eea8998748039a5bd4c4a21c213af865adf6426a70993f04d;si;/fondos_feder.php
documento;https://www.aguasgrancanaria.com/pdfs/FondosFeder/06-08-pcap.pdf;/pdfs/FondosFeder/06-08-pcap.pdf;/documentos/pdfs/fondosfeder/06-08-pcap.pdf;200;62003;2f672498a53162f1b02964a78611bc6e342906288fc0d12dfb2cee4d22e6334d;si;/fondos_feder.php
documento;https://www.aguasgrancanaria.com/pdfs/FondosFeder/14-07-bop.pdf;/pdfs/FondosFeder/14-07-bop.pdf;/documentos/pdfs/fondosfeder/14-07-bop.pdf;200;10923;c7874255d83a3492faa02e9d94f1aff1a07286bd179b08947282baf090eb5fa9;si;/fondos_feder.php
documento;https://www.aguasgrancanaria.com/pdfs/FondosFeder/14-07-pcap.pdf;/pdfs/FondosFeder/14-07-pcap.pdf;/documentos/pdfs/fondosfeder/14-07-pcap.pdf;200;61259;0bd4631226b40555fda22f67f4da8141f3c20c5d3ba9a4528a65019446e093fb;si;/fondos_feder.php
documento;https://www.aguasgrancanaria.com/pdfs/FondosFeder/29-14-Aclaraci%C3%B3n-dudas.pdf;/pdfs/FondosFeder/29-14-Aclaración-dudas.pdf;/documentos/pdfs/fondosfeder/29-14-aclaracion-dudas.pdf;200;550388;943b75e8ba4bbce92aca47e1cd19d96063375330c3905f4cb920a8c07a51946e;si;/fondos_feder.php
documento;https://www.aguasgrancanaria.com/pdfs/FondosFeder/29-14-adjudic.pdf;/pdfs/FondosFeder/29-14-adjudic.pdf;/documentos/pdfs/fondosfeder/29-14-adjudic.pdf;200;446836;d572fc3304aea7a4f4f0064fef24da1120b8717ba09631d639d1e4b4218ea05d;si;/fondos_feder.php
documento;https://www.aguasgrancanaria.com/pdfs/FondosFeder/29-14-BOP-Visita.pdf;/pdfs/FondosFeder/29-14-BOP-Visita.pdf;/documentos/pdfs/fondosfeder/29-14-bop-visita.pdf;200;41615;561f6c797bd80d8ca7a103f6d246c583d1fb75b7202b91951579e032a752ebd7;si;/fondos_feder.php
documento;https://www.aguasgrancanaria.com/pdfs/FondosFeder/29-14-BOP.pdf;/pdfs/FondosFeder/29-14-BOP.pdf;/documentos/pdfs/fondosfeder/29-14-bop.pdf;200;49975;9298e996b36e49d18e56d0d663acd0dd0db271af5573e1ab21982b7eefb05990;si;/fondos_feder.php
documento;https://www.aguasgrancanaria.com/pdfs/FondosFeder/29-14-form.pdf;/pdfs/FondosFeder/29-14-form.pdf;/documentos/pdfs/fondosfeder/29-14-form.pdf;200;436282;69f47aaabf2718e4a944e89c0923e39a085b3abfcafc6a1b729399da57f9cae1;si;/fondos_feder.php
documento;https://www.aguasgrancanaria.com/pdfs/FondosFeder/29-14-Mesa.pdf;/pdfs/FondosFeder/29-14-Mesa.pdf;/documentos/pdfs/fondosfeder/29-14-mesa.pdf;200;255099;5d53960f60d0168f1d9b031889555d95ac5161b4af3d571a8368e27df0ab92ae;si;/fondos_feder.php
documento;https://www.aguasgrancanaria.com/pdfs/FondosFeder/29-14-Mesa3.pdf;/pdfs/FondosFeder/29-14-Mesa3.pdf;/documentos/pdfs/fondosfeder/29-14-mesa3.pdf;200;246447;a1842c2a094d3f22f8e969b7c41b00ac5068b5aed6e314cca2eabe0aec6c3f22;si;/fondos_feder.php
documento;https://www.aguasgrancanaria.com/pdfs/FondosFeder/29-14-padmin.pdf;/pdfs/FondosFeder/29-14-padmin.pdf;/documentos/pdfs/fondosfeder/29-14-padmin.pdf;200;15480058;97283ca5847f0ed28e39c120fb60698f51fbaf0d97befff62694d98afe595144;si;/fondos_feder.php
documento;https://www.aguasgrancanaria.com/pdfs/FondosFeder/29-14-ptec.pdf;/pdfs/FondosFeder/29-14-ptec.pdf;/documentos/pdfs/fondosfeder/29-14-ptec.pdf;200;7338911;2bee5450d1e4000c2a38794981e5220377c7ad78b106c5f06c5e91ad5b0f3ef9;si;/fondos_feder.php
documento;https://www.aguasgrancanaria.com/pdfs/FondosFeder/29-14-visita.pdf;/pdfs/FondosFeder/29-14-visita.pdf;/documentos/pdfs/fondosfeder/29-14-visita.pdf;200;26055;8b262a9383b9e910860900aeca70b48b89c3bd95671f5c4d2369a27bc87c4688;si;/fondos_feder.php
documento;https://www.aguasgrancanaria.com/pdfs/FondosFeder/AMP_GUIA_GALDAR_CARTEL_OBRA.pdf;/pdfs/FondosFeder/AMP_GUIA_GALDAR_CARTEL_OBRA.pdf;/documentos/pdfs/fondosfeder/amp_guia_galdar_cartel_obra.pdf;200;277810;478a67ff96d89664ae82eb6d478193e7d7169b549109ef720bc11a5acb841bca;si;/fondos_feder.php
documento;https://www.aguasgrancanaria.com/pdfs/FondosFeder/AMP%20EDAR%20GUIA%20GALDAR%20FACEBOOK%20FONDOS%20FEDER.pdf;/pdfs/FondosFeder/AMP EDAR GUIA GALDAR FACEBOOK FONDOS FEDER.pdf;/documentos/pdfs/fondosfeder/amp-edar-guia-galdar-facebook-fondos-feder.pdf;200;302911;3eb6df7fec083498bdbe3054c7c74b96e5b24c2f85176bad93788a999a3eab2c;si;/fondos_feder.php
documento;https://www.aguasgrancanaria.com/pdfs/FondosFeder/AMP%20EDAR%20GUIA%20GALDAR%20TWITTER%20FONDOS%20FEDER.pdf;/pdfs/FondosFeder/AMP EDAR GUIA GALDAR TWITTER FONDOS FEDER.pdf;/documentos/pdfs/fondosfeder/amp-edar-guia-galdar-twitter-fondos-feder.pdf;200;209852;d3d340ced8226315b5ceaaeacb7bb8ca7d397f732f08962b059542702ad17e7e;si;/fondos_feder.php
imagen;https://www.aguasgrancanaria.com/pdfs/FondosFeder/AMPLIACION%20EDAR%20GUIA%20GALDAR%20(1).jpeg;/pdfs/FondosFeder/AMPLIACION EDAR GUIA GALDAR (1).jpeg;/imagenes/pdfs/fondosfeder/ampliacion-edar-guia-galdar-1.jpeg;200;664484;a3f3267cab252fe9538dfc690f4fae1c87ed8d6a6d9ffe66a3f09f4743c43e0d;no;/fondos_feder.php
imagen;https://www.aguasgrancanaria.com/pdfs/FondosFeder/AMPLIACION%20EDAR%20GUIA%20GALDAR%20(2).jpeg;/pdfs/FondosFeder/AMPLIACION EDAR GUIA GALDAR (2).jpeg;/imagenes/pdfs/fondosfeder/ampliacion-edar-guia-galdar-2.jpeg;200;591417;c1b0233205861d119488e272d08ca1cc84a758d976271cc675fdf25b09fb21a3;no;/fondos_feder.php
imagen;https://www.aguasgrancanaria.com/pdfs/FondosFeder/AMPLIACION%20EDAR%20GUIA%20GALDAR%20(3).jpeg;/pdfs/FondosFeder/AMPLIACION EDAR GUIA GALDAR (3).jpeg;/imagenes/pdfs/fondosfeder/ampliacion-edar-guia-galdar-3.jpeg;200;663790;55cb55b19d650408fec62faa950e1b69a6c2fc036736f303116b01dc87d65870;no;/fondos_feder.php
imagen;https://www.aguasgrancanaria.com/pdfs/FondosFeder/AMPLIACION%20EDAR%20GUIA%20GALDAR%20(4).jpeg;/pdfs/FondosFeder/AMPLIACION EDAR GUIA GALDAR (4).jpeg;/imagenes/pdfs/fondosfeder/ampliacion-edar-guia-galdar-4.jpeg;200;543882;141d09c95f405fe2981da9782d7c9ef08d78dff5b9c9d0a3b4d141d442cbed88;no;/fondos_feder.php
imagen;https://www.aguasgrancanaria.com/pdfs/FondosFeder/AMPLIACION%20EDAR%20GUIA%20GALDAR%20(5).jpeg;/pdfs/FondosFeder/AMPLIACION EDAR GUIA GALDAR (5).jpeg;/imagenes/pdfs/fondosfeder/ampliacion-edar-guia-galdar-5.jpeg;200;664888;e8f6bcafe766d137d972942ae0af151857301234458bcd120259ebb7ce2549bc;no;/fondos_feder.php
imagen;https://www.aguasgrancanaria.com/pdfs/FondosFeder/AMPLIACION%20EDAR%20GUIA%20GALDAR%20(6).jpeg;/pdfs/FondosFeder/AMPLIACION EDAR GUIA GALDAR (6).jpeg;/imagenes/pdfs/fondosfeder/ampliacion-edar-guia-galdar-6.jpeg;200;454675;e28d93f21a6a33611324f6c78415bf94b2055e4f05fac06f37ee09f45ba4f4f1;no;/fondos_feder.php
imagen;https://www.aguasgrancanaria.com/pdfs/FondosFeder/AMPLIACION%20EDAR%20GUIA%20GALDAR%20(7).jpeg;/pdfs/FondosFeder/AMPLIACION EDAR GUIA GALDAR (7).jpeg;/imagenes/pdfs/fondosfeder/ampliacion-edar-guia-galdar-7.jpeg;200;442376;38d9aadd2c45e9114d54efbf294c7c43e6c174e3123f24a728759781ce3ff2e8;no;/fondos_feder.php
imagen;https://www.aguasgrancanaria.com/pdfs/FondosFeder/AMPLIACION%20EDAR%20GUIA%20GALDAR%20(8).jpeg;/pdfs/FondosFeder/AMPLIACION EDAR GUIA GALDAR (8).jpeg;/imagenes/pdfs/fondosfeder/ampliacion-edar-guia-galdar-8.jpeg;200;607969;3bf03f9b2bf1c35fcaafd50ddcdb4bf25eb6d1d26c42c90225e7e8c3652685a0;no;/fondos_feder.php
imagen;https://www.aguasgrancanaria.com/pdfs/FondosFeder/AMPLIACION%20EDAR%20GUIA%20GALDAR%20(9).jpeg;/pdfs/FondosFeder/AMPLIACION EDAR GUIA GALDAR (9).jpeg;/imagenes/pdfs/fondosfeder/ampliacion-edar-guia-galdar-9.jpeg;200;530143;f1350d09ea0d713aba28073d63141b57edf9e5835f4d5550ceae2f49cef16349;no;/fondos_feder.php
imagen;https://www.aguasgrancanaria.com/pdfs/FondosFeder/LogoFondosFeder.png;/pdfs/FondosFeder/LogoFondosFeder.png;/imagenes/pdfs/fondosfeder/logofondosfeder.png;200;63626;2130cfc524c3ae6ea817f4cfadce4246032177297012a05613c59a761f4af618;no;/fondos_feder.php
documento;https://www.aguasgrancanaria.com/pdfs/FondosFeder/Nota_de_Prensa_GAL-82.pdf;/pdfs/FondosFeder/Nota_de_Prensa_GAL-82.pdf;/documentos/pdfs/fondosfeder/nota_de_prensa_gal-82.pdf;200;628032;320616acac8beed7ef315284acabe46e35d25b8c3e488f2b3b8cf5fa42e33639;si;/fondos_feder.php
documento;https://www.aguasgrancanaria.com/pdfs/FondosFeder/Planos.rar;/pdfs/FondosFeder/Planos.rar;/documentos/pdfs/fondosfeder/planos.rar;200;987537;3a66660aa55e2487bc35738a9a3fc0ea1513dbc840c6a6945b1851eec77df40e;si;/fondos_feder.php
video;https://www.aguasgrancanaria.com/pdfs/FondosFeder/VIDEO%20DRON%20AMPLIACION%20EDAR%20GUIA%20GALDAR.mp4;/pdfs/FondosFeder/VIDEO DRON AMPLIACION EDAR GUIA GALDAR.mp4;/videos/pdfs/fondosfeder/video-dron-ampliacion-edar-guia-galdar.mp4;200;6409148;8ba4d392610dbd84a35f37057a56e7d6c014dd3e11c6efbe93972620a8d436c9;si;/fondos_feder.php
documento;https://www.aguasgrancanaria.com/pdfs/InfPu/PMP-2020-01.pdf;/pdfs/InfPu/PMP-2020-01.pdf;/documentos/pdfs/infpu/pmp-2020-01.pdf;200;96180;bad702b50c0bb2fce9bc7c83306cf9318737f025506db7192ec7f499a48e7de0;si;/info.php
documento;https://www.aguasgrancanaria.com/pdfs/InfPu/PMP-2020-02.pdf;/pdfs/InfPu/PMP-2020-02.pdf;/documentos/pdfs/infpu/pmp-2020-02.pdf;200;391045;bd736864f16977ee1746435d41cb6f491e48b2fc488864ab8618f427b51be6a7;si;/info.php
documento;https://www.aguasgrancanaria.com/pdfs/InfPu/PMP-2020-03.pdf;/pdfs/InfPu/PMP-2020-03.pdf;/documentos/pdfs/infpu/pmp-2020-03.pdf;200;393386;316613e62d50e3974cf6380707db59551f51de75ed7c052a9b2984dfc3f0297b;si;/info.php
documento;https://www.aguasgrancanaria.com/pdfs/InfPu/PMP-2020-04.pdf;/pdfs/InfPu/PMP-2020-04.pdf;/documentos/pdfs/infpu/pmp-2020-04.pdf;200;390895;9417fac51141cb282a5b57cee566a375b37613edf8e31fedbfe82d804afb5217;si;/info.php
documento;https://www.aguasgrancanaria.com/pdfs/InfPu/PMP-2020-05.pdf;/pdfs/InfPu/PMP-2020-05.pdf;/documentos/pdfs/infpu/pmp-2020-05.pdf;200;390458;c1bdc71209863c600524b67e91b8ccbdb8069bf683d13fcd58d8d8c23782c2a8;si;/info.php
documento;https://www.aguasgrancanaria.com/pdfs/InfPu/PMP-2020-08.pdf;/pdfs/InfPu/PMP-2020-08.pdf;/documentos/pdfs/infpu/pmp-2020-08.pdf;200;391190;5e4bfe5c2e396cc7bf8202947a117093f614c11c75329fdd4e419acaf9260037;si;/info.php
documento;https://www.aguasgrancanaria.com/pdfs/InfPu/PMP-2020-09.pdf;/pdfs/InfPu/PMP-2020-09.pdf;/documentos/pdfs/infpu/pmp-2020-09.pdf;200;395351;f9cc892f6aa9e3d99b75afb6cdae665b7b0da57dd806fcd62f6c338b00e87c05;si;/info.php
documento;https://www.aguasgrancanaria.com/pdfs/InfPu/PMP-2020-10.pdf;/pdfs/InfPu/PMP-2020-10.pdf;/documentos/pdfs/infpu/pmp-2020-10.pdf;200;391621;52c2632e51f25dcb8f550303e935cc441ff5d9c451082643a00618cc3342d560;si;/info.php
documento;https://www.aguasgrancanaria.com/pdfs/InfPu/PMP-2020-11.pdf;/pdfs/InfPu/PMP-2020-11.pdf;/documentos/pdfs/infpu/pmp-2020-11.pdf;200;95349;c68066cea41188d34481defe53ce99a02c33ddab220848e8741a21aa9792728f;si;/info.php
documento;https://www.aguasgrancanaria.com/pdfs/InfPu/PMP-2020-12.pdf;/pdfs/InfPu/PMP-2020-12.pdf;/documentos/pdfs/infpu/pmp-2020-12.pdf;200;393586;8580642aa3c95bcd160c41e234109b1c852828a0b26d9c1b8d7a6588550cdbe1;si;/info.php
documento;https://www.aguasgrancanaria.com/pdfs/InfPu/PMP-2021-01.pdf;/pdfs/InfPu/PMP-2021-01.pdf;/documentos/pdfs/infpu/pmp-2021-01.pdf;200;394391;2ffa667df3dbc4cdc2d4e5118415cfac8c2d4c6ad36137450cfd2b5d2be1a90a;si;/info.php
documento;https://www.aguasgrancanaria.com/pdfs/InfPu/PMP-2021-02.pdf;/pdfs/InfPu/PMP-2021-02.pdf;/documentos/pdfs/infpu/pmp-2021-02.pdf;200;392502;a68eccba8795f50893c61a055f5c7f28c6898e3bbacf298d287812883cd479f7;si;/info.php
documento;https://www.aguasgrancanaria.com/pdfs/InfPu/PMP-2021-04.pdf;/pdfs/InfPu/PMP-2021-04.pdf;/documentos/pdfs/infpu/pmp-2021-04.pdf;200;393743;84a0fec725dd7e452804a4da58b396e5767ed12267985e98fd2b17c2ff5c6060;si;/info.php
documento;https://www.aguasgrancanaria.com/pdfs/InfPu/PMP-2021-05.pdf;/pdfs/InfPu/PMP-2021-05.pdf;/documentos/pdfs/infpu/pmp-2021-05.pdf;200;391974;6a71f9e2ecd23865c49ec1318289e7bf40e84e5d45cdda34888311ac112b9c97;si;/info.php
documento;https://www.aguasgrancanaria.com/pdfs/InfPu/PMP-2021-06.pdf;/pdfs/InfPu/PMP-2021-06.pdf;/documentos/pdfs/infpu/pmp-2021-06.pdf;200;393740;d94310cc6ecfdbf1c44442bc15db75d20275db1834e670b938b863f58a7d5b6b;si;/info.php
documento;https://www.aguasgrancanaria.com/pdfs/InfPu/PMP-2021-09.pdf;/pdfs/InfPu/PMP-2021-09.pdf;/documentos/pdfs/infpu/pmp-2021-09.pdf;200;395351;f9cc892f6aa9e3d99b75afb6cdae665b7b0da57dd806fcd62f6c338b00e87c05;si;/info.php
documento;https://www.aguasgrancanaria.com/pdfs/InfPu/PMP-2021-10.pdf;/pdfs/InfPu/PMP-2021-10.pdf;/documentos/pdfs/infpu/pmp-2021-10.pdf;200;392807;86f677bd3ff593e85b572b5ca70273607cbfab35ba25c34b70eabf2deea92dbc;si;/info.php
documento;https://www.aguasgrancanaria.com/pdfs/InfPu/PMP-2021-11.pdf;/pdfs/InfPu/PMP-2021-11.pdf;/documentos/pdfs/infpu/pmp-2021-11.pdf;200;394996;cc83f8f80911a4b41e04eb188d4ca157071c3e6b86f624335ab13ec412241149;si;/info.php
documento;https://www.aguasgrancanaria.com/pdfs/InfPu/PMP-2021-12.pdf;/pdfs/InfPu/PMP-2021-12.pdf;/documentos/pdfs/infpu/pmp-2021-12.pdf;200;394935;edf220be75d532af9345480d9220dada93141bb487f55d7f5f9482d3faba9b3e;si;/info.php
documento;https://www.aguasgrancanaria.com/pdfs/InfPu/PMP-2022-01.pdf;/pdfs/InfPu/PMP-2022-01.pdf;/documentos/pdfs/infpu/pmp-2022-01.pdf;200;391879;3764a36bd4656ce5cea0a691d82f37a552adc1188a586ba12643a570fdc218bc;si;/info.php
documento;https://www.aguasgrancanaria.com/pdfs/InfPu/PMP-2022-02.pdf;/pdfs/InfPu/PMP-2022-02.pdf;/documentos/pdfs/infpu/pmp-2022-02.pdf;200;392509;71e5edf57efa897b88aa0f186ff2c990689110420dba8c42379b12c68c5ba50c;si;/info.php
documento;https://www.aguasgrancanaria.com/pdfs/InfPu/PMP-2022-03.pdf;/pdfs/InfPu/PMP-2022-03.pdf;/documentos/pdfs/infpu/pmp-2022-03.pdf;200;396490;03bb78a60867c7a942d776c7395fe9699a06d781a1379f7632f0ccf413d027ff;si;/info.php
documento;https://www.aguasgrancanaria.com/pdfs/InfPu/PMP-2022-04.pdf;/pdfs/InfPu/PMP-2022-04.pdf;/documentos/pdfs/infpu/pmp-2022-04.pdf;200;396609;889598fd07ca22ea334bf947f948c63b7a32cfbe4729dbeb4b3d6d5c75633177;si;/info.php
documento;https://www.aguasgrancanaria.com/pdfs/InfPu/PMP-2022-05.pdf;/pdfs/InfPu/PMP-2022-05.pdf;/documentos/pdfs/infpu/pmp-2022-05.pdf;200;394283;b2327174e1154820569b214a9992efdd67361009e17bf930e4dd58453daf9811;si;/info.php
documento;https://www.aguasgrancanaria.com/pdfs/InfPu/PMP-2022-06.pdf;/pdfs/InfPu/PMP-2022-06.pdf;/documentos/pdfs/infpu/pmp-2022-06.pdf;200;396583;153034f0489bbb0edc19eab56a7fd63593aa07aa3a0dd31c2ca0059bd3a6004a;si;/info.php
documento;https://www.aguasgrancanaria.com/pdfs/InfPu/PMP-2022-07.pdf;/pdfs/InfPu/PMP-2022-07.pdf;/documentos/pdfs/infpu/pmp-2022-07.pdf;200;393041;fce216dc5e8008660fea669e88650da61b88334029cb2b7ad29d982a90f0c198;si;/info.php
documento;https://www.aguasgrancanaria.com/pdfs/InfPu/PMP-2022-08.pdf;/pdfs/InfPu/PMP-2022-08.pdf;/documentos/pdfs/infpu/pmp-2022-08.pdf;200;390916;1581f91ebef53e2461020adb4dc6169383813bc76f651b75d1e92627bcc68fb5;si;/info.php
documento;https://www.aguasgrancanaria.com/pdfs/InfPu/PMP-2022-10.pdf;/pdfs/InfPu/PMP-2022-10.pdf;/documentos/pdfs/infpu/pmp-2022-10.pdf;200;393156;e6606710c5f2a0ee15364e96966a56933428fe4941ec5cafae7b8457b9cce363;si;/info.php
documento;https://www.aguasgrancanaria.com/pdfs/InfPu/PMP-2022-12.pdf;/pdfs/InfPu/PMP-2022-12.pdf;/documentos/pdfs/infpu/pmp-2022-12.pdf;200;397758;8419b1727995dddd7d3f574de2e7a4d23db9df02fc461d6b9c3a0a17ea25408f;si;/info.php
documento;https://www.aguasgrancanaria.com/pdfs/InfPu/PMP-2023-01.pdf;/pdfs/InfPu/PMP-2023-01.pdf;/documentos/pdfs/infpu/pmp-2023-01.pdf;200;393474;71d7b109bace14e972c8d6896dcf9f7f8db0db8320fa38067187cf9b8f08b5de;si;/info.php
documento;https://www.aguasgrancanaria.com/pdfs/InfPu/PMP-2023-02.pdf;/pdfs/InfPu/PMP-2023-02.pdf;/documentos/pdfs/infpu/pmp-2023-02.pdf;200;397054;234e2faa26ee13aba4aca20c4084f8a0f30d1ebdb57ff690be74c5372b5cebaa;si;/info.php
documento;https://www.aguasgrancanaria.com/pdfs/InfPu/PMP-2023-03.pdf;/pdfs/InfPu/PMP-2023-03.pdf;/documentos/pdfs/infpu/pmp-2023-03.pdf;200;393388;723e091c4eaefa47e14b5fea09e30083d9fa4a393fa3ea19ebd4edb0719a14da;si;/info.php
documento;https://www.aguasgrancanaria.com/pdfs/InfPu/PMP-2023-04.pdf;/pdfs/InfPu/PMP-2023-04.pdf;/documentos/pdfs/infpu/pmp-2023-04.pdf;200;395402;0b9669ce386571a7f011ea1c9956e791158f112af90b3bb691c7b34ea931e7b8;si;/info.php
documento;https://www.aguasgrancanaria.com/pdfs/InfPu/PMP-2023-05.pdf;/pdfs/InfPu/PMP-2023-05.pdf;/documentos/pdfs/infpu/pmp-2023-05.pdf;200;392380;fd30f0afa758b7007d6b61ca0bf2b19d64049821b79ba2696515b5fab3335ab0;si;/info.php
documento;https://www.aguasgrancanaria.com/pdfs/InfPu/PMP-2023-06.pdf;/pdfs/InfPu/PMP-2023-06.pdf;/documentos/pdfs/infpu/pmp-2023-06.pdf;404;;;si;/info.php
documento;https://www.aguasgrancanaria.com/pdfs/InfPu/PMP-2023-07.pdf;/pdfs/InfPu/PMP-2023-07.pdf;/documentos/pdfs/infpu/pmp-2023-07.pdf;200;394868;c541ab7e8b4cf29d5805bade26c8eba76e0546d078987f4f4ae7fbd406e254c3;si;/info.php
documento;https://www.aguasgrancanaria.com/pdfs/InfPu/PMP-2023-08.pdf;/pdfs/InfPu/PMP-2023-08.pdf;/documentos/pdfs/infpu/pmp-2023-08.pdf;200;396952;bd6cd941617a092c9abf4583166e620c128fc815b950c5e445fbbaaa4dd4b7c9;si;/info.php
documento;https://www.aguasgrancanaria.com/pdfs/InfPu/PMP-2023-09.pdf;/pdfs/InfPu/PMP-2023-09.pdf;/documentos/pdfs/infpu/pmp-2023-09.pdf;200;397309;7c5f91712d5091c0046e92ee547e6ccd49b0e4805f622afbb9b6d6fa3b74b32c;si;/info.php
documento;https://www.aguasgrancanaria.com/pdfs/InfPu/PMP-2023-10.pdf;/pdfs/InfPu/PMP-2023-10.pdf;/documentos/pdfs/infpu/pmp-2023-10.pdf;200;392778;b5ed533e8b193c345aa64ee213c89a8298fa1df9c49b87b6f90c21b09ef5be9a;si;/info.php
documento;https://www.aguasgrancanaria.com/pdfs/InfPu/PMP-2023-11.pdf;/pdfs/InfPu/PMP-2023-11.pdf;/documentos/pdfs/infpu/pmp-2023-11.pdf;200;395553;cb149957ec57c6a9190de83b6f15547b582cf6a0cce85933ac37060ac0068ea4;si;/info.php
documento;https://www.aguasgrancanaria.com/pdfs/InfPu/PMP-2024-01.pdf;/pdfs/InfPu/PMP-2024-01.pdf;/documentos/pdfs/infpu/pmp-2024-01.pdf;200;396400;8ec4584236465deb421de3a0d561c571a65df0f6e0dd1b608d96c3e8a9632766;si;/info.php
documento;https://www.aguasgrancanaria.com/pdfs/InfPu/PMP-2024-02.pdf;/pdfs/InfPu/PMP-2024-02.pdf;/documentos/pdfs/infpu/pmp-2024-02.pdf;200;395492;973056ee42b81a1e3ce91244ffd988f559d395bbfaa0c60ead0c44847a3ee111;si;/info.php
documento;https://www.aguasgrancanaria.com/pdfs/InfPu/PMP-2024-03.pdf;/pdfs/InfPu/PMP-2024-03.pdf;/documentos/pdfs/infpu/pmp-2024-03.pdf;200;395890;3589f062682070d6572c40497cc61af894315e34ecbdae13ade737424745d8c7;si;/info.php
documento;https://www.aguasgrancanaria.com/pdfs/InfPu/PMP-2024-04.pdf;/pdfs/InfPu/PMP-2024-04.pdf;/documentos/pdfs/infpu/pmp-2024-04.pdf;200;396912;772528ef228b50ddf8d88aea3bf4f9c9c075a86f39f2ba650a527d100ac0fded;si;/info.php
documento;https://www.aguasgrancanaria.com/pdfs/InfPu/PMP-2024-05.pdf;/pdfs/InfPu/PMP-2024-05.pdf;/documentos/pdfs/infpu/pmp-2024-05.pdf;200;393528;0e14aef8e480ac2b8759b177adb6c4bf253bcc8f52bd50791d28636495f99b7d;si;/info.php
documento;https://www.aguasgrancanaria.com/pdfs/InfPu/PMP-2024-06.pdf;/pdfs/InfPu/PMP-2024-06.pdf;/documentos/pdfs/infpu/pmp-2024-06.pdf;200;395433;2ce49c7d4c61d217035c6864905b858d3c07ddc964c038dc18566e9a47df2d2e;si;/info.php
documento;https://www.aguasgrancanaria.com/pdfs/InfPu/PMP-2024-07.pdf;/pdfs/InfPu/PMP-2024-07.pdf;/documentos/pdfs/infpu/pmp-2024-07.pdf;404;;;si;/info.php
documento;https://www.aguasgrancanaria.com/pdfs/InfPu/PMP-2024-08.pdf;/pdfs/InfPu/PMP-2024-08.pdf;/documentos/pdfs/infpu/pmp-2024-08.pdf;200;108690;39e30ff28b171a8de735169e912f288519a22412630a132ee22dfeb742200da6;si;/info.php
documento;https://www.aguasgrancanaria.com/pdfs/InfPu/PMP-2024-09.pdf;/pdfs/InfPu/PMP-2024-09.pdf;/documentos/pdfs/infpu/pmp-2024-09.pdf;200;395859;ad9d3635b9b4cdc48dc7635b25633b63d7f1c727db02bf9f15feac4c96acb4db;si;/info.php
documento;https://www.aguasgrancanaria.com/pdfs/InfPu/PMP-2024-10.pdf;/pdfs/InfPu/PMP-2024-10.pdf;/documentos/pdfs/infpu/pmp-2024-10.pdf;404;;;si;/info.php
documento;https://www.aguasgrancanaria.com/pdfs/InfPu/PMP-2024-11.pdf;/pdfs/InfPu/PMP-2024-11.pdf;/documentos/pdfs/infpu/pmp-2024-11.pdf;200;395368;7c7a2f03732d35522da866a35deaf3819f70e8f9ded9176a84756f5901d87a28;si;/info.php
documento;https://www.aguasgrancanaria.com/pdfs/InfPu/PMP-2024-12.pdf;/pdfs/InfPu/PMP-2024-12.pdf;/documentos/pdfs/infpu/pmp-2024-12.pdf;404;;;si;/info.php
documento;https://www.aguasgrancanaria.com/pdfs/InfPu/PMP-2025-01.pdf;/pdfs/InfPu/PMP-2025-01.pdf;/documentos/pdfs/infpu/pmp-2025-01.pdf;200;398877;ff5806bdb59e1b288dc514a4ce6e4fa7e5d2b80f4cde0990d737c1710d091e0d;si;/info.php
documento;https://www.aguasgrancanaria.com/pdfs/InfPu/PMP-2025-02.pdf;/pdfs/InfPu/PMP-2025-02.pdf;/documentos/pdfs/infpu/pmp-2025-02.pdf;200;401111;dbaec026b9bc8f5603602c78e13d6e5e3b6bef1b55d230e39d306cccd3afaded;si;/info.php
documento;https://www.aguasgrancanaria.com/pdfs/InfPu/PMP-2025-03.pdf;/pdfs/InfPu/PMP-2025-03.pdf;/documentos/pdfs/infpu/pmp-2025-03.pdf;200;398411;a943a0bfb613593a66157fc72d8552dd9c32acd68fe12a1a7ba58f42587e3682;si;/info.php
documento;https://www.aguasgrancanaria.com/pdfs/InfPu/PMP-2025-04.pdf;/pdfs/InfPu/PMP-2025-04.pdf;/documentos/pdfs/infpu/pmp-2025-04.pdf;200;399317;71cb8dd9eef7e6f9f6b227562d88fdf25dfae66370d3cfb0c55be407afb54317;si;/info.php
documento;https://www.aguasgrancanaria.com/pdfs/InfPu/PMP-2025-05.pdf;/pdfs/InfPu/PMP-2025-05.pdf;/documentos/pdfs/infpu/pmp-2025-05.pdf;200;400709;0aebab3cf66d99d12bbaa782df90ca143cbad8aa5c53e0c9c2321e13baa56ea2;si;/info.php
documento;https://www.aguasgrancanaria.com/pdfs/InfPu/PMP-2025-06.pdf;/pdfs/InfPu/PMP-2025-06.pdf;/documentos/pdfs/infpu/pmp-2025-06.pdf;200;400991;fb6e2fa68a0b5df37a0e38d9bd91a36f92c9e4e34c1e0231af7bd3f9be28dddb;si;/info.php
documento;https://www.aguasgrancanaria.com/pdfs/InfPu/PMP-2025-07.pdf;/pdfs/InfPu/PMP-2025-07.pdf;/documentos/pdfs/infpu/pmp-2025-07.pdf;200;398290;117c91b5adf3e6d6e1410bad107193f3a454c05ff21b6a11a93e2e0f4180fdd2;si;/info.php
documento;https://www.aguasgrancanaria.com/pdfs/InfPu/PMP-2025-12.pdf;/pdfs/InfPu/PMP-2025-12.pdf;/documentos/pdfs/infpu/pmp-2025-12.pdf;200;108765;82a4c283627faf222d749810a9350880c7ad40173c138d564c87c6aeb2b5300f;si;/info.php
documento;https://www.aguasgrancanaria.com/pdfs/Inundaciones/0.0_Memoria.pdf;/pdfs/Inundaciones/0.0_Memoria.pdf;/documentos/pdfs/inundaciones/0.0_memoria.pdf;200;656241;7fca1354dd7cee20c23361568ff69b51ba33fc280830eb5fb71e1de5bf4f0685;si;/inundaciones.php
documento;https://www.aguasgrancanaria.com/pdfs/Inundaciones/00-boc-a-2021-144-3454.pdf;/pdfs/Inundaciones/00-boc-a-2021-144-3454.pdf;/documentos/pdfs/inundaciones/00-boc-a-2021-144-3454.pdf;200;267190;52a80c40e72bed5069c8639a36da71fe32f4c55c306be194a059776c63f9c5d5;si;/inundaciones.php
documento;https://www.aguasgrancanaria.com/pdfs/Inundaciones/03-ES120_EsAE_PH_PGRI_Firmado.pdf;/pdfs/Inundaciones/03-ES120_EsAE_PH_PGRI_Firmado.pdf;/documentos/pdfs/inundaciones/03-es120_esae_ph_pgri_firmado.pdf;200;66369628;76ce3be02e67751c851abf928e14164236d0c960c26fb12fc14048316cad9cba;si;/inundaciones.php
documento;https://www.aguasgrancanaria.com/pdfs/Inundaciones/04-ES120_PGRI-PPP.pdf;/pdfs/Inundaciones/04-ES120_PGRI-PPP.pdf;/documentos/pdfs/inundaciones/04-es120_pgri-ppp.pdf;200;11229787;961d3b321319eaf1f4d41cf7452480b457ab1a466b821c7a442a4b826b8087f6;si;/inundaciones.php
documento;https://www.aguasgrancanaria.com/pdfs/Inundaciones/1.0_ARPSIs_fluviales.pdf;/pdfs/Inundaciones/1.0_ARPSIs_fluviales.pdf;/documentos/pdfs/inundaciones/1.0_arpsis_fluviales.pdf;200;7895533;dee8c05433b942dc12a82454110dad752ad04c960bbe0e6eb4f4cf0221d38960;si;/inundaciones.php
documento;https://www.aguasgrancanaria.com/pdfs/Inundaciones/1.1_ES120_ARPSI_0039.pdf;/pdfs/Inundaciones/1.1_ES120_ARPSI_0039.pdf;/documentos/pdfs/inundaciones/1.1_es120_arpsi_0039.pdf;200;48037798;1512545650be8abad698f4516df1c563bfcec49ddbe10979c94d5f0d56d5769d;si;/inundaciones.php
documento;https://www.aguasgrancanaria.com/pdfs/Inundaciones/1.1_ES120_ARPSI_0040.pdf;/pdfs/Inundaciones/1.1_ES120_ARPSI_0040.pdf;/documentos/pdfs/inundaciones/1.1_es120_arpsi_0040.pdf;200;85317987;9a603bf829d8597d2f6ec0d4407d338a601feb7275a447328df1de1ce4132961;si;/inundaciones.php
documento;https://www.aguasgrancanaria.com/pdfs/Inundaciones/1.1_ES120_ARPSI_0041.pdf;/pdfs/Inundaciones/1.1_ES120_ARPSI_0041.pdf;/documentos/pdfs/inundaciones/1.1_es120_arpsi_0041.pdf;200;88920667;ab3fd2b6301ae83fd4ac04d58f1896646559ab3704353240bb883b38435772b0;si;/inundaciones.php
documento;https://www.aguasgrancanaria.com/pdfs/Inundaciones/1.1_ES120_ARPSI_0042.pdf;/pdfs/Inundaciones/1.1_ES120_ARPSI_0042.pdf;/documentos/pdfs/inundaciones/1.1_es120_arpsi_0042.pdf;200;31992208;71c310a4929559447e46f17ffc7a00350feb1d5ea362fefe713a2a34459dfa8a;si;/inundaciones.php
documento;https://www.aguasgrancanaria.com/pdfs/Inundaciones/1.1_ES120_ARPSI_0043.pdf;/pdfs/Inundaciones/1.1_ES120_ARPSI_0043.pdf;/documentos/pdfs/inundaciones/1.1_es120_arpsi_0043.pdf;200;136900559;5a77f6e60d757610e87281197d94e5e2d9560af580d3139fc35450dea0881fe2;si;/inundaciones.php
documento;https://www.aguasgrancanaria.com/pdfs/Inundaciones/1.1_ES120_ARPSI_0044.pdf;/pdfs/Inundaciones/1.1_ES120_ARPSI_0044.pdf;/documentos/pdfs/inundaciones/1.1_es120_arpsi_0044.pdf;200;31604571;18b6aa6a8959d49e27b6b6ed031446a1428a74c21cfbe87f0f33d97af2b119c0;si;/inundaciones.php
documento;https://www.aguasgrancanaria.com/pdfs/Inundaciones/190729_PGRI_GC_V_Inicial.pdf;/pdfs/Inundaciones/190729_PGRI_GC_V_Inicial.pdf;/documentos/pdfs/inundaciones/190729_pgri_gc_v_inicial.pdf;200;20198221;3ec0490c8b6e04b7af27d371406b9e26421792e2f0e3a602e1a6e28ae6c2fe95;si;/inundaciones.php
documento;https://www.aguasgrancanaria.com/pdfs/Inundaciones/2.0_ARPSIs_costeras.pdf;/pdfs/Inundaciones/2.0_ARPSIs_costeras.pdf;/documentos/pdfs/inundaciones/2.0_arpsis_costeras.pdf;200;18337128;13e2f132ac7140718c358f1eee4d5ab99cc2f733b50c64ccecd0c0527864a327;si;/inundaciones.php
documento;https://www.aguasgrancanaria.com/pdfs/Inundaciones/2.1.1_ES120_Situacion.pdf;/pdfs/Inundaciones/2.1.1_ES120_Situacion.pdf;/documentos/pdfs/inundaciones/2.1.1_es120_situacion.pdf;200;15544469;d7bd834f6697fb67e5a15faa4f6dc140570f12d61843abc5f27593330865b8eb;si;/inundaciones.php
documento;https://www.aguasgrancanaria.com/pdfs/Inundaciones/2.1.2_ES120_PELIGROSIDAD_T100.pdf;/pdfs/Inundaciones/2.1.2_ES120_PELIGROSIDAD_T100.pdf;/documentos/pdfs/inundaciones/2.1.2_es120_peligrosidad_t100.pdf;200;26256461;8423a515d0dd84a305146dcc4bd5b212aae8ee74198e9584ca4af11e50aaa75a;si;/inundaciones.php
documento;https://www.aguasgrancanaria.com/pdfs/Inundaciones/2.1.3_ES120_PELIGROSIDAD_T500.pdf;/pdfs/Inundaciones/2.1.3_ES120_PELIGROSIDAD_T500.pdf;/documentos/pdfs/inundaciones/2.1.3_es120_peligrosidad_t500.pdf;200;26063510;e9589f3f78f0020959e95639b9c17697e6fffc3b9a1737a9704e5dfc2be7dd67;si;/inundaciones.php
documento;https://www.aguasgrancanaria.com/pdfs/Inundaciones/2.1.4_ES120_POB_T100.pdf;/pdfs/Inundaciones/2.1.4_ES120_POB_T100.pdf;/documentos/pdfs/inundaciones/2.1.4_es120_pob_t100.pdf;200;26076948;1990445fe547b9de618f694b4ef2604e8a932a3ca47be513e4b53200a33ce940;si;/inundaciones.php
documento;https://www.aguasgrancanaria.com/pdfs/Inundaciones/2.1.5_ES120_POB_T500.pdf;/pdfs/Inundaciones/2.1.5_ES120_POB_T500.pdf;/documentos/pdfs/inundaciones/2.1.5_es120_pob_t500.pdf;200;26023489;ae1e6feefdf030d414303e61a0daa89f010f436de661dfd10f511696ee355c18;si;/inundaciones.php
documento;https://www.aguasgrancanaria.com/pdfs/Inundaciones/2.1.6_ES120_ECO_T100.pdf;/pdfs/Inundaciones/2.1.6_ES120_ECO_T100.pdf;/documentos/pdfs/inundaciones/2.1.6_es120_eco_t100.pdf;200;25731223;102ec98f635fa03cd836f7d4be40dfc6fac01ab4a4de466764a452ca94daa35c;si;/inundaciones.php
documento;https://www.aguasgrancanaria.com/pdfs/Inundaciones/2.1.7_ES120_ECO_T500.pdf;/pdfs/Inundaciones/2.1.7_ES120_ECO_T500.pdf;/documentos/pdfs/inundaciones/2.1.7_es120_eco_t500.pdf;200;25625154;9e2838a69bfbbbe00b7675f7925f98518f94d65f057ed43f9aebc0b16f62e460;si;/inundaciones.php
documento;https://www.aguasgrancanaria.com/pdfs/Inundaciones/2.1.8_ES120_MA_T100.pdf;/pdfs/Inundaciones/2.1.8_ES120_MA_T100.pdf;/documentos/pdfs/inundaciones/2.1.8_es120_ma_t100.pdf;200;15539682;5a8d12685169e72c4c716dbb510c459d84353f66ce127de1d8e56d83c0f7d60c;si;/inundaciones.php
documento;https://www.aguasgrancanaria.com/pdfs/Inundaciones/2.1.9_ES120_MA_T500.pdf;/pdfs/Inundaciones/2.1.9_ES120_MA_T500.pdf;/documentos/pdfs/inundaciones/2.1.9_es120_ma_t500.pdf;200;29263735;b0d0a92c9801d8437e57b0c19d0393031c90ebeec913c4a9f7a931e25e5e75bb;si;/inundaciones.php
documento;https://www.aguasgrancanaria.com/pdfs/Inundaciones/20250730_250728%20boc-a-2025-150-2772.pdf;/pdfs/Inundaciones/20250730_250728 boc-a-2025-150-2772.pdf;/documentos/pdfs/inundaciones/20250730_250728-boc-a-2025-150-2772.pdf;200;175139;b34d4e99f2a4e20adbdf2094ad8b299d865f7635e6a5b5c38e3755a0bf57a66e;si;/inundaciones.php
documento;https://www.aguasgrancanaria.com/pdfs/Inundaciones/3.0_InformeConsulta.pdf;/pdfs/Inundaciones/3.0_InformeConsulta.pdf;/documentos/pdfs/inundaciones/3.0_informeconsulta.pdf;200;435900;50659634e8f7c2dba38b51a1db0b3763edb1fe14dc157bb72d0420355b3ef420;si;/inundaciones.php
documento;https://www.aguasgrancanaria.com/pdfs/Inundaciones/Anuncio_aprobacion_definitiva_EPRI.pdf;/pdfs/Inundaciones/Anuncio_aprobacion_definitiva_EPRI.pdf;/documentos/pdfs/inundaciones/anuncio_aprobacion_definitiva_epri.pdf;200;230642;569fe3efdf1c861cd6a928cff95a18ef78e4bd85d3e87c44dc81b25acf11fc8f;si;/inundaciones.php
documento;https://www.aguasgrancanaria.com/pdfs/Inundaciones/Anuncio_consulta_publica_Mapas.pdf;/pdfs/Inundaciones/Anuncio_consulta_publica_Mapas.pdf;/documentos/pdfs/inundaciones/anuncio_consulta_publica_mapas.pdf;200;240420;9ef430da8f4f1c898245fd1cb4a0a7b6d8fbdbc145df863da71b7d0c770a1c8b;si;/inundaciones.php
documento;https://www.aguasgrancanaria.com/pdfs/Inundaciones/BOC-02-06-15-AD.pdf;/pdfs/Inundaciones/BOC-02-06-15-AD.pdf;/documentos/pdfs/inundaciones/boc-02-06-15-ad.pdf;200;240718;c63b3c58f3cfad89c420c4cf471427a2beffb744d560c9884f9e718fc102625b;si;/inundaciones.php
documento;https://www.aguasgrancanaria.com/pdfs/Inundaciones/boc-a-2019-033-734.pdf;/pdfs/Inundaciones/boc-a-2019-033-734.pdf;/documentos/pdfs/inundaciones/boc-a-2019-033-734.pdf;200;279837;d2ba0bc4b7310825006c4ade6c457677da5d60618c027a43572aee23a71d346d;si;/inundaciones.php
documento;https://www.aguasgrancanaria.com/pdfs/Inundaciones/boc-a-2019-033-736.pdf;/pdfs/Inundaciones/boc-a-2019-033-736.pdf;/documentos/pdfs/inundaciones/boc-a-2019-033-736.pdf;200;249519;fddf610e2294a408d0e609d2f2eddba3f705f478259a043c9571f8fc98be5e2b;si;/inundaciones.php
documento;https://www.aguasgrancanaria.com/pdfs/Inundaciones/boc-a-2019-177-4443.pdf;/pdfs/Inundaciones/boc-a-2019-177-4443.pdf;/documentos/pdfs/inundaciones/boc-a-2019-177-4443.pdf;200;251587;1761b31ec5fdcd760c84fe16846a435f72b042db274d450620556085d23ccc9b;si;/inundaciones.php
documento;https://www.aguasgrancanaria.com/pdfs/Inundaciones/boc-a-2025-003-66_7%20de%20enero%20de%202025.pdf;/pdfs/Inundaciones/boc-a-2025-003-66_7 de enero de 2025.pdf;/documentos/pdfs/inundaciones/boc-a-2025-003-66_7-de-enero-de-2025.pdf;200;183543;220d30f2374362614efeffa2032da57e76d732c85054ea16d274192c3cd0d4b1;si;/inundaciones.php
documento;https://www.aguasgrancanaria.com/pdfs/Inundaciones/BOP-2020-12-10.pdf;/pdfs/Inundaciones/BOP-2020-12-10.pdf;/documentos/pdfs/inundaciones/bop-2020-12-10.pdf;200;33958835;9dc872d485b02b1d35e74010e4daec318ec2599bc14cf105c9dbab13a3f782ab;si;/inundaciones.php
documento;https://www.aguasgrancanaria.com/pdfs/Inundaciones/BorradorPlan_DIE_GranCanaria__20190110.pdf;/pdfs/Inundaciones/BorradorPlan_DIE_GranCanaria__20190110.pdf;/documentos/pdfs/inundaciones/borradorplan_die_grancanaria__20190110.pdf;200;9146788;e70fdaba92f06fdcf35b02671a110b3711237920c3c00706cb28590f16386c58;si;/inundaciones.php
documento;https://www.aguasgrancanaria.com/pdfs/Inundaciones/Documento_Inicial_Estrategico_Gran%20Canaria__FIRMADO.pdf;/pdfs/Inundaciones/Documento_Inicial_Estrategico_Gran Canaria__FIRMADO.pdf;/documentos/pdfs/inundaciones/documento_inicial_estrategico_gran-canaria__firmado.pdf;200;2731084;17544fd4d9c1d8f6b4fc100f8510d0106855bbaf96df0bdd8e72e92e4d1218f5;si;/inundaciones.php
documento;https://www.aguasgrancanaria.com/pdfs/Inundaciones/EPRI_Anexo3_Part_P%C3%BAblica_y_Ap%C3%A9ndice-02_00.pdf;/pdfs/Inundaciones/EPRI_Anexo3_Part_Pública_y_Apéndice-02_00.pdf;/documentos/pdfs/inundaciones/epri_anexo3_part_publica_y_apendice-02_00.pdf;200;3646323;ddb6f48e7a65145c84c494b77fb2bc3c3a7b5e16b4942683526fe24e00ebde2e;si;/inundaciones.php
documento;https://www.aguasgrancanaria.com/pdfs/Inundaciones/Epri00-Memoria.pdf;/pdfs/Inundaciones/Epri00-Memoria.pdf;/documentos/pdfs/inundaciones/epri00-memoria.pdf;200;2061276;9115e6c05ffb55fb573b2b08ec2beca498b157b31395a41d4dd8f06983910454;si;/inundaciones.php
documento;https://www.aguasgrancanaria.com/pdfs/Inundaciones/Epri10-MemoriaFluviales.pdf;/pdfs/Inundaciones/Epri10-MemoriaFluviales.pdf;/documentos/pdfs/inundaciones/epri10-memoriafluviales.pdf;200;15359103;17c74d2ca08054430b583072950d85b7879f112102806ef7d640aff5828a0672;si;/inundaciones.php
documento;https://www.aguasgrancanaria.com/pdfs/Inundaciones/Epri20-Memoriacosteras.pdf;/pdfs/Inundaciones/Epri20-Memoriacosteras.pdf;/documentos/pdfs/inundaciones/epri20-memoriacosteras.pdf;200;21549889;3c039b090a43a3cf6e9fc4f915bc677dd6250778f03ebbb92f36d0ed24401041;si;/inundaciones.php
documento;https://www.aguasgrancanaria.com/pdfs/Inundaciones/Epri30-InformeConsultaPublica.pdf;/pdfs/Inundaciones/Epri30-InformeConsultaPublica.pdf;/documentos/pdfs/inundaciones/epri30-informeconsultapublica.pdf;200;9530968;8bd7fbe5c68757795023393155b988728def1c832d07251bd7f94458e2e157c3;si;/inundaciones.php
documento;https://www.aguasgrancanaria.com/pdfs/Inundaciones/ES120_EPRI_Anexo1_planos-02_00.pdf;/pdfs/Inundaciones/ES120_EPRI_Anexo1_planos-02_00.pdf;/documentos/pdfs/inundaciones/es120_epri_anexo1_planos-02_00.pdf;200;68596540;8146e1fa45f59faacf3a1234eb3ffec52daf6871582b7f12b73fa879af699067;si;/inundaciones.php
documento;https://www.aguasgrancanaria.com/pdfs/Inundaciones/ES120_EPRI_Anexo2_fichas-02_00-c.pdf;/pdfs/Inundaciones/ES120_EPRI_Anexo2_fichas-02_00-c.pdf;/documentos/pdfs/inundaciones/es120_epri_anexo2_fichas-02_00-c.pdf;200;19277700;df0b64f6849d0c0a13f1ad01fd1f71593ad6ae790fc58a3e1392a24ca876ed2c;si;/inundaciones.php
documento;https://www.aguasgrancanaria.com/pdfs/Inundaciones/ES120_EPRI_Anexo2_fichas-02_00.pdf;/pdfs/Inundaciones/ES120_EPRI_Anexo2_fichas-02_00.pdf;/documentos/pdfs/inundaciones/es120_epri_anexo2_fichas-02_00.pdf;200;19277700;df0b64f6849d0c0a13f1ad01fd1f71593ad6ae790fc58a3e1392a24ca876ed2c;si;/inundaciones.php
documento;https://www.aguasgrancanaria.com/pdfs/Inundaciones/ES120_EPRI_Anexo3_Part_P%C3%BAblica-02_00.pdf;/pdfs/Inundaciones/ES120_EPRI_Anexo3_Part_Pública-02_00.pdf;/documentos/pdfs/inundaciones/es120_epri_anexo3_part_publica-02_00.pdf;200;445190;6eab1608a520ff0264c3e4ecb52bef91cc62ebf27f7f9384745cbede7cedc501;si;/inundaciones.php
documento;https://www.aguasgrancanaria.com/pdfs/Inundaciones/ES120_EPRI_Memoria-02_00.pdf;/pdfs/Inundaciones/ES120_EPRI_Memoria-02_00.pdf;/documentos/pdfs/inundaciones/es120_epri_memoria-02_00.pdf;200;4495705;c9075faff3741a64d42567bd941d3a4cb15ca2aeb6ac63a2f8ed9a307cf7f03e;si;/inundaciones.php
documento;https://www.aguasgrancanaria.com/pdfs/Inundaciones/ES120_EPRI_Memoria-04_00.pdf;/pdfs/Inundaciones/ES120_EPRI_Memoria-04_00.pdf;/documentos/pdfs/inundaciones/es120_epri_memoria-04_00.pdf;200;4463259;e3e7fcec4ce158a350dd90ab10d3ce5a72ea114d739e91610290f45f8c0fde65;si;/inundaciones.php
documento;https://www.aguasgrancanaria.com/pdfs/Inundaciones/ES120_EsAE_PH_PGRI_Memoria_Fdo.pdf;/pdfs/Inundaciones/ES120_EsAE_PH_PGRI_Memoria_Fdo.pdf;/documentos/pdfs/inundaciones/es120_esae_ph_pgri_memoria_fdo.pdf;200;58327362;15c65a04832c8953ab10877789d756d8155bdae3981031c4fe7811cd7f48beec;si;/inundaciones.php
documento;https://www.aguasgrancanaria.com/pdfs/Inundaciones/ES120_MPRI_Anexos-03_00.pdf;/pdfs/Inundaciones/ES120_MPRI_Anexos-03_00.pdf;/documentos/pdfs/inundaciones/es120_mpri_anexos-03_00.pdf;200;201237140;b16557b70c4448edb850d5fefa3e20105ff9d5659b857fd05acc8f7a70bbba47;si;/inundaciones.php
documento;https://www.aguasgrancanaria.com/pdfs/Inundaciones/ES120_PGRI-Memoria_Completa_AP.pdf;/pdfs/Inundaciones/ES120_PGRI-Memoria_Completa_AP.pdf;/documentos/pdfs/inundaciones/es120_pgri-memoria_completa_ap.pdf;200;12996466;fc15221808663a9fc3642008ef2b6b3a516793f1b1c4c7433592f84d0daac775;si;/inundaciones.php
documento;https://www.aguasgrancanaria.com/pdfs/Inundaciones/EsAE_PGRI_GC_FIRMADO.pdf;/pdfs/Inundaciones/EsAE_PGRI_GC_FIRMADO.pdf;/documentos/pdfs/inundaciones/esae_pgri_gc_firmado.pdf;200;34744181;f6d7f3d05e2080ca235430560c8ecef2e45dd5a11707a86478f0723cdc037e0e;si;/inundaciones.php
documento;https://www.aguasgrancanaria.com/pdfs/Inundaciones/MPRI%20CONSOLIDADO%20PGRIGC3.pdf;/pdfs/Inundaciones/MPRI CONSOLIDADO PGRIGC3.pdf;/documentos/pdfs/inundaciones/mpri-consolidado-pgrigc3.pdf;200;243332640;a87a4c38b3b4855d0deb508e558e6457e3402c12abaa3e729217fec3dd134307;si;/inundaciones.php
documento;https://www.aguasgrancanaria.com/pdfs/Inundaciones/presentacion_sesionesdparticipacion.pdf;/pdfs/Inundaciones/presentacion_sesionesdparticipacion.pdf;/documentos/pdfs/inundaciones/presentacion_sesionesdparticipacion.pdf;200;5579911;ac4ccaa1e104130d9c80aeed909e9f2d611c66a6853507ca90747e10d4d46349;si;/
documento;https://www.aguasgrancanaria.com/pdfs/Juntas/jg_20070518.pdf;/pdfs/Juntas/jg_20070518.pdf;/documentos/pdfs/juntas/jg_20070518.pdf;200;6730;ebc70bd4af9a0225cd3cbe2edbeb30df9e01283ddb27edc1fa3e227f7dd43899;si;/el_consejo/juntas.php
documento;https://www.aguasgrancanaria.com/pdfs/Juntas/jg_20070618.pdf;/pdfs/Juntas/jg_20070618.pdf;/documentos/pdfs/juntas/jg_20070618.pdf;200;6366;97ec477d8546ec79a6324155623e45591cf7866cd84a817fdba5db7cb848efdb;si;/el_consejo/juntas.php
documento;https://www.aguasgrancanaria.com/pdfs/Juntas/jg_20070707.pdf;/pdfs/Juntas/jg_20070707.pdf;/documentos/pdfs/juntas/jg_20070707.pdf;200;6493;90da6f9ed2c9bb5498daf2d23330fc70134083eeff86deddfa2b2ed142816ce5;si;/el_consejo/juntas.php
documento;https://www.aguasgrancanaria.com/pdfs/Juntas/jg_20070913.pdf;/pdfs/Juntas/jg_20070913.pdf;/documentos/pdfs/juntas/jg_20070913.pdf;200;6871;ea598b48cf2a3ed8018b348cd8584dbb57aabdee1fdbc0deb0f89fcfbbc1ee59;si;/el_consejo/juntas.php
documento;https://www.aguasgrancanaria.com/pdfs/Juntas/jg_20071116.pdf;/pdfs/Juntas/jg_20071116.pdf;/documentos/pdfs/juntas/jg_20071116.pdf;200;7728;a18492ff926ab9c2f3bf62885478a8045b68d764bb280490524fc09fc4f5860f;si;/el_consejo/juntas.php
documento;https://www.aguasgrancanaria.com/pdfs/Juntas/jg_20080414.pdf;/pdfs/Juntas/jg_20080414.pdf;/documentos/pdfs/juntas/jg_20080414.pdf;200;7362;d9f1794a5becfa2c99866fe1daf26568ed285371d7026dbc42e812803452313d;si;/el_consejo/juntas.php
documento;https://www.aguasgrancanaria.com/pdfs/Juntas/jg_20080718.pdf;/pdfs/Juntas/jg_20080718.pdf;/documentos/pdfs/juntas/jg_20080718.pdf;200;7818;1131d15b15e18ceef25b0510a9c0ebb20e5129da5cb0bb4f957547b7c4dfee02;si;/el_consejo/juntas.php
documento;https://www.aguasgrancanaria.com/pdfs/Juntas/jg_20081202.pdf;/pdfs/Juntas/jg_20081202.pdf;/documentos/pdfs/juntas/jg_20081202.pdf;200;8057;b920d5411e7a0409d0a2db969df09f5c85da264020051f9575112b221445e27b;si;/el_consejo/juntas.php
documento;https://www.aguasgrancanaria.com/pdfs/Juntas/jg_20090707.pdf;/pdfs/Juntas/jg_20090707.pdf;/documentos/pdfs/juntas/jg_20090707.pdf;200;7311;7995d04a639e33e7ff5d124db6ada81d2efebbf8aa7439d1de89827797651046;si;/el_consejo/juntas.php
documento;https://www.aguasgrancanaria.com/pdfs/Juntas/jg_20100527.pdf;/pdfs/Juntas/jg_20100527.pdf;/documentos/pdfs/juntas/jg_20100527.pdf;200;22530;3c38c6367c368c32d3957bf907a5bf0458138968a23e6fc93e4f8ab04874559e;si;/el_consejo/juntas.php
documento;https://www.aguasgrancanaria.com/pdfs/Juntas/jg_20100715.pdf;/pdfs/Juntas/jg_20100715.pdf;/documentos/pdfs/juntas/jg_20100715.pdf;200;14600;6ff30df3092b9ef408b4ec9e5245c9f23d79253f957295a40fae05974e2a7a50;si;/el_consejo/juntas.php
documento;https://www.aguasgrancanaria.com/pdfs/Juntas/jg20091221-2.pdf;/pdfs/Juntas/jg20091221-2.pdf;/documentos/pdfs/juntas/jg20091221-2.pdf;200;43014;ae613e2087453331849420b0b552033c39dc82e16b4423a3ec0fa11addbe1683;si;/el_consejo/juntas.php
documento;https://www.aguasgrancanaria.com/pdfs/Juntas/jg20101202.pdf;/pdfs/Juntas/jg20101202.pdf;/documentos/pdfs/juntas/jg20101202.pdf;200;32215;2f54f148a1635ae916110b8364d0b9d9c6291541ef98bb8a25220588a2644021;si;/el_consejo/juntas.php
documento;https://www.aguasgrancanaria.com/pdfs/Juntas/jg20110411.pdf;/pdfs/Juntas/jg20110411.pdf;/documentos/pdfs/juntas/jg20110411.pdf;200;7197;751923a803093586a4f64ea6feca90ee6560e1058c02f01b0bf35963ac94bb36;si;/el_consejo/juntas.php
documento;https://www.aguasgrancanaria.com/pdfs/Juntas/jg20110614.pdf;/pdfs/Juntas/jg20110614.pdf;/documentos/pdfs/juntas/jg20110614.pdf;200;6712;6c1ee60f0e1564c30c0e23e83a27ec102bde4aae0b0258f8cabdb466d9c56b3c;si;/el_consejo/juntas.php
documento;https://www.aguasgrancanaria.com/pdfs/Juntas/jgob_20080718.pdf;/pdfs/Juntas/jgob_20080718.pdf;/documentos/pdfs/juntas/jgob_20080718.pdf;200;94371;628a0f90ad70401e87bfd500833095b399015880de79eb5a4d945c0f57eeced8;si;/el_consejo/juntas.php
documento;https://www.aguasgrancanaria.com/pdfs/Juntas/jgob20070124.pdf;/pdfs/Juntas/jgob20070124.pdf;/documentos/pdfs/juntas/jgob20070124.pdf;200;6682;555f9b3c74af6457415b7b4a0f90e29db3f40dbeac6e62539bdbb42cacbd9078;si;/el_consejo/juntas.php
documento;https://www.aguasgrancanaria.com/pdfs/Juntas/jgob20070130.pdf;/pdfs/Juntas/jgob20070130.pdf;/documentos/pdfs/juntas/jgob20070130.pdf;200;6575;cfafadc4a4a950e8897d9c41240e04ba7e6e7dd5737bb78714e55c1cc400447e;si;/el_consejo/juntas.php
documento;https://www.aguasgrancanaria.com/pdfs/Juntas/jgob20070308.pdf;/pdfs/Juntas/jgob20070308.pdf;/documentos/pdfs/juntas/jgob20070308.pdf;200;7442;a56d8aa8ae7fde14b574843abb0b0bee2b344252cfbfdb533113a1944cdf3627;si;/el_consejo/juntas.php
documento;https://www.aguasgrancanaria.com/pdfs/Juntas/jgob20070326.pdf;/pdfs/Juntas/jgob20070326.pdf;/documentos/pdfs/juntas/jgob20070326.pdf;200;7271;177654e022f10117e8b97c694d4d185cf6b7bb6a67440d30bf8807e39eabc0a6;si;/el_consejo/juntas.php
documento;https://www.aguasgrancanaria.com/pdfs/Juntas/jgob20070517.pdf;/pdfs/Juntas/jgob20070517.pdf;/documentos/pdfs/juntas/jgob20070517.pdf;200;7490;efeaf68bc2cf64e223bad6c03de0a47d59a6d0c82e13f9b25e6f46e5ac4d4228;si;/el_consejo/juntas.php
documento;https://www.aguasgrancanaria.com/pdfs/Juntas/jgob20070618.pdf;/pdfs/Juntas/jgob20070618.pdf;/documentos/pdfs/juntas/jgob20070618.pdf;200;6418;ed62c097aef0a91fa49c6d1d97f46460ff43e5268c50b639074f6bbc8f34a315;si;/el_consejo/juntas.php
documento;https://www.aguasgrancanaria.com/pdfs/Juntas/jgob20070731.pdf;/pdfs/Juntas/jgob20070731.pdf;/documentos/pdfs/juntas/jgob20070731.pdf;200;6537;d9e79d5fc2f318a15bfcca7dbcfbedb2eaf1898aa4b52a048067e2bc1d86d8e7;si;/el_consejo/juntas.php
documento;https://www.aguasgrancanaria.com/pdfs/Juntas/jgob20070913.pdf;/pdfs/Juntas/jgob20070913.pdf;/documentos/pdfs/juntas/jgob20070913.pdf;200;8522;87d5f22f9fe2ed5ee143916090684f40b667bc951d46990a10360dc41af8e438;si;/el_consejo/juntas.php
documento;https://www.aguasgrancanaria.com/pdfs/Juntas/jgob20071116.pdf;/pdfs/Juntas/jgob20071116.pdf;/documentos/pdfs/juntas/jgob20071116.pdf;200;10039;cb37aa1532083c77670ac78a5e1722003ab750e18a4874bcb8c575d57ef5616a;si;/el_consejo/juntas.php
documento;https://www.aguasgrancanaria.com/pdfs/Juntas/jgob20080228.pdf;/pdfs/Juntas/jgob20080228.pdf;/documentos/pdfs/juntas/jgob20080228.pdf;200;7870;bd624f1249f0101dfadb6bc0ac54d75fc08b421ad549e89902b64015bdce2dee;si;/el_consejo/juntas.php
documento;https://www.aguasgrancanaria.com/pdfs/Juntas/jgob20080414.pdf;/pdfs/Juntas/jgob20080414.pdf;/documentos/pdfs/juntas/jgob20080414.pdf;200;9292;fc9413f41d0bf204a84cb926b8155f75e7e662f67b673e4b181eec843546f15f;si;/el_consejo/juntas.php
documento;https://www.aguasgrancanaria.com/pdfs/Juntas/jgob20080916.pdf;/pdfs/Juntas/jgob20080916.pdf;/documentos/pdfs/juntas/jgob20080916.pdf;200;9515;7ed246fea8a703cdd89984218c65af44be8156830d8ab6c6d7aca98862341270;si;/el_consejo/juntas.php
documento;https://www.aguasgrancanaria.com/pdfs/Juntas/jgob20081111.pdf;/pdfs/Juntas/jgob20081111.pdf;/documentos/pdfs/juntas/jgob20081111.pdf;200;11230;1ab3a010f1407057ef59c531f63bf5bf3348de70cd11c91864cd86a9c99fe213;si;/el_consejo/juntas.php
documento;https://www.aguasgrancanaria.com/pdfs/Juntas/jgob20081202.pdf;/pdfs/Juntas/jgob20081202.pdf;/documentos/pdfs/juntas/jgob20081202.pdf;200;8431;503b03864e2dbf287a8651c6341b3c8192627e5c71c6915a1a13d4aa218ea511;si;/el_consejo/juntas.php
documento;https://www.aguasgrancanaria.com/pdfs/Juntas/jgob20081223.pdf;/pdfs/Juntas/jgob20081223.pdf;/documentos/pdfs/juntas/jgob20081223.pdf;200;9059;b1335b81226ce96f98ada7203f7fec5d35c4206d8dfe5ced721a36814de9d8b2;si;/el_consejo/juntas.php
documento;https://www.aguasgrancanaria.com/pdfs/Juntas/jgob20090128.pdf;/pdfs/Juntas/jgob20090128.pdf;/documentos/pdfs/juntas/jgob20090128.pdf;200;59841;6ee705828dbda25f4639531a43da9c8406714e79ca789209431f4a4989b4f252;si;/el_consejo/juntas.php
documento;https://www.aguasgrancanaria.com/pdfs/Juntas/jgob20090324.pdf;/pdfs/Juntas/jgob20090324.pdf;/documentos/pdfs/juntas/jgob20090324.pdf;200;7862;0ba084dd4461bdb4f7dd7b38473f32b48f73ac3c2ae4e9c9e597cee3246e46a7;si;/el_consejo/juntas.php
documento;https://www.aguasgrancanaria.com/pdfs/Juntas/jgob20090508.pdf;/pdfs/Juntas/jgob20090508.pdf;/documentos/pdfs/juntas/jgob20090508.pdf;200;7600;2cabd36a74acd35b5c9b5e20a49c4670b3b2ab366a6650006f48f03e502ffdce;si;/el_consejo/juntas.php
documento;https://www.aguasgrancanaria.com/pdfs/Juntas/jgob20090707.pdf;/pdfs/Juntas/jgob20090707.pdf;/documentos/pdfs/juntas/jgob20090707.pdf;200;10157;8c7d9c6e4afc297351a5bc899145a1acdb96f9630963f35498acef0d52918e55;si;/el_consejo/juntas.php
documento;https://www.aguasgrancanaria.com/pdfs/Juntas/jgob20090812.pdf;/pdfs/Juntas/jgob20090812.pdf;/documentos/pdfs/juntas/jgob20090812.pdf;200;7096;ec795d133c6b6af49585e6f7d90736e4a8429a9bde64def7921d29a7ae66cc45;si;/el_consejo/juntas.php
documento;https://www.aguasgrancanaria.com/pdfs/Juntas/jgob20091110.pdf;/pdfs/Juntas/jgob20091110.pdf;/documentos/pdfs/juntas/jgob20091110.pdf;200;7651;37bdf812a5589f7c40bcc667284347724b454d2436c5641e16c1b3eb4ede36f8;si;/el_consejo/juntas.php
documento;https://www.aguasgrancanaria.com/pdfs/Juntas/jgob20091221.pdf;/pdfs/Juntas/jgob20091221.pdf;/documentos/pdfs/juntas/jgob20091221.pdf;200;8382;c9ccc6a28a388c86dbacb8b56e35697199d3a8107fe34c2161a42bad21252b2a;si;/el_consejo/juntas.php
documento;https://www.aguasgrancanaria.com/pdfs/Juntas/jgob20100224.pdf;/pdfs/Juntas/jgob20100224.pdf;/documentos/pdfs/juntas/jgob20100224.pdf;200;9514;3616dbec94311ded3d30ba663ce4a4047b11f9884abb4d26e1c20c7b1776384d;si;/el_consejo/juntas.php
documento;https://www.aguasgrancanaria.com/pdfs/Juntas/JGob20100505.pdf;/pdfs/Juntas/JGob20100505.pdf;/documentos/pdfs/juntas/jgob20100505.pdf;200;8419;d03eb0db452f65463505010d9a170027b0851ee5c1503991cb9f1e4c6d56fde1;si;/el_consejo/juntas.php
documento;https://www.aguasgrancanaria.com/pdfs/Juntas/jgob20100715.pdf;/pdfs/Juntas/jgob20100715.pdf;/documentos/pdfs/juntas/jgob20100715.pdf;200;8652;39150ca25a59231c7308cdefe4a8e252c3ae52483661e898b30ab91a067d0efc;si;/el_consejo/juntas.php
documento;https://www.aguasgrancanaria.com/pdfs/Juntas/jgob20100924.pdf;/pdfs/Juntas/jgob20100924.pdf;/documentos/pdfs/juntas/jgob20100924.pdf;200;8596;793b943fdb776b46c52fe64ff76c9e77851fa25e5630e3e449eae5b2429abf57;si;/el_consejo/juntas.php
documento;https://www.aguasgrancanaria.com/pdfs/Juntas/jgob20101202.pdf;/pdfs/Juntas/jgob20101202.pdf;/documentos/pdfs/juntas/jgob20101202.pdf;200;10380;23fdff6af94c3fb0d0150b6237ea434c8a7f1f9eeef4d2f907944a953111e0eb;si;/el_consejo/juntas.php
documento;https://www.aguasgrancanaria.com/pdfs/Juntas/jgob20101215.pdf;/pdfs/Juntas/jgob20101215.pdf;/documentos/pdfs/juntas/jgob20101215.pdf;200;10173;c82ca3778ea6ebeff1f5e75e799e369335965a3fe88d81ea7648084a4f531fac;si;/el_consejo/juntas.php
documento;https://www.aguasgrancanaria.com/pdfs/Juntas/jgob20110303.pdf;/pdfs/Juntas/jgob20110303.pdf;/documentos/pdfs/juntas/jgob20110303.pdf;200;10234;a2f5813be64599d212b1e2512993cfee9a2d1bdd6da87024f053c5ad94958575;si;/el_consejo/juntas.php
documento;https://www.aguasgrancanaria.com/pdfs/Juntas/jgob20110411.pdf;/pdfs/Juntas/jgob20110411.pdf;/documentos/pdfs/juntas/jgob20110411.pdf;200;10476;b80609881a3ae119eba291850fadcbbf00c95b6b03258bb03e5b5a28869e3312;si;/el_consejo/juntas.php
documento;https://www.aguasgrancanaria.com/pdfs/Juntas/jgob20110505.pdf;/pdfs/Juntas/jgob20110505.pdf;/documentos/pdfs/juntas/jgob20110505.pdf;200;8693;386db03144ad6f25de7fba05a4176ce8a6562aeb234790cba7d09dfa01c561c9;si;/el_consejo/juntas.php
documento;https://www.aguasgrancanaria.com/pdfs/Juntas/jgob20110614.pdf;/pdfs/Juntas/jgob20110614.pdf;/documentos/pdfs/juntas/jgob20110614.pdf;200;6999;80da4dc80e593b7ce098ff04306c5ca2206b7203311772816fa6577a92423888;si;/el_consejo/juntas.php
documento;https://www.aguasgrancanaria.com/pdfs/Marco_Agua/1_Informe_sobre_Red_de_Control.pdf;/pdfs/Marco_Agua/1_Informe_sobre_Red_de_Control.pdf;/documentos/pdfs/marco_agua/1_informe_sobre_red_de_control.pdf;200;153624;c783fede9524c56a0c5e3a69bde15bb4f77b8fa23bf8cf7da5ecddcf33d98e63;si;/planhidro/directiva/marco_agua/informe_red_control.php
documento;https://www.aguasgrancanaria.com/pdfs/Marco_Agua/2-Medina-Jornadas-Planificacion-Modelos-aguas_transicion.pdf;/pdfs/Marco_Agua/2-Medina-Jornadas-Planificacion-Modelos-aguas_transicion.pdf;/documentos/pdfs/marco_agua/2-medina-jornadas-planificacion-modelos-aguas_transicion.pdf;200;4397681;e64572d53a189aa73891cc5a3d6a8c9adf9cb208cc311597972f7529ba6f09ab;si;/planhidro/directiva/marco_agua/ciclo_planificacion_hidrologica.php
documento;https://www.aguasgrancanaria.com/pdfs/Marco_Agua/2000brochure_es.pdf;/pdfs/Marco_Agua/2000brochure_es.pdf;/documentos/pdfs/marco_agua/2000brochure_es.pdf;200;460775;bb95e72852bc57e6a026151f19a28864e31c6ba77c9451621a89f89a6e41ff32;si;/planhidro/directiva/marco_agua/zonas_costeras.php
documento;https://www.aguasgrancanaria.com/pdfs/Marco_Agua/2007-02-23_Informe_sobre_Participaci%C3%B3n_P%C3%BAblica_seg%C3%BAn_la_DMA.pdf;/pdfs/Marco_Agua/2007-02-23_Informe_sobre_Participación_Pública_según_la_DMA.pdf;/documentos/pdfs/marco_agua/2007-02-23_informe_sobre_participacion_publica_segun_la_dma.pdf;200;26528;0ba703b62872de9150a97d2b6dfec0709e6db447caca1634ac57ab67b482e593;si;/planhidro/directiva/marco_agua/participacion_publica_DMA.php
documento;https://www.aguasgrancanaria.com/pdfs/Marco_Agua/2007-02-26_Informe_sobre_Art%C3%ADculo_V_y_VI_de_la_DMA.pdf;/pdfs/Marco_Agua/2007-02-26_Informe_sobre_Artículo_V_y_VI_de_la_DMA.pdf;/documentos/pdfs/marco_agua/2007-02-26_informe_sobre_articulo_v_y_vi_de_la_dma.pdf;200;242472;bdc90ccbcf92e768a5b34faac51dccb534671f88d035b960992a808ba83c107b;si;/planhidro/directiva/marco_agua/informe_V_VI.php
documento;https://www.aguasgrancanaria.com/pdfs/Marco_Agua/Aderito_Mendes-El_nuevo_ciclo_de_planificacion_hidrologica.pdf;/pdfs/Marco_Agua/Aderito_Mendes-El_nuevo_ciclo_de_planificacion_hidrologica.pdf;/documentos/pdfs/marco_agua/aderito_mendes-el_nuevo_ciclo_de_planificacion_hidrologica.pdf;200;1776493;b8fb0540d2f27bf5d268e522b172e8b1e5b2ed643af99d7bdbd1b600f16c2dea;si;/planhidro/directiva/marco_agua/ciclo_planificacion_hidrologica.php
documento;https://www.aguasgrancanaria.com/pdfs/Marco_Agua/Agustin_Arguelles-cal_prog_ciccp3.pdf;/pdfs/Marco_Agua/Agustin_Arguelles-cal_prog_ciccp3.pdf;/documentos/pdfs/marco_agua/agustin_arguelles-cal_prog_ciccp3.pdf;200;329046;d6788359fb707bec9775fb7f3564ce0ced764a4bb15d49ffe930be1aa5cb650b;si;/planhidro/directiva/marco_agua/ciclo_planificacion_hidrologica.php
documento;https://www.aguasgrancanaria.com/pdfs/Marco_Agua/Alberto_Garrido-Mesa_redonda.Necesidades_Tecnologicas_y_Cientificas_(A_Garrido).pdf;/pdfs/Marco_Agua/Alberto_Garrido-Mesa_redonda.Necesidades_Tecnologicas_y_Cientificas_(A_Garrido).pdf;/documentos/pdfs/marco_agua/alberto_garrido-mesa_redonda.necesidades_tecnologicas_y_cientificas_-a_garrido.pdf;200;40979;8d59e7fcc42d3ec0497111cef93cdfc58d0dfbe7acea537e590fef9196b2be75;si;/planhidro/directiva/marco_agua/ciclo_planificacion_hidrologica.php
documento;https://www.aguasgrancanaria.com/pdfs/Marco_Agua/Antoni_Munne-v2.04225_04_026_Jornadas_Madrid_(28_3_07).pdf;/pdfs/Marco_Agua/Antoni_Munne-v2.04225_04_026_Jornadas_Madrid_(28_3_07).pdf;/documentos/pdfs/marco_agua/antoni_munne-v2.04225_04_026_jornadas_madrid_-28_3_07.pdf;200;4016206;03c65caee13e003bbf4793be151cf98f11ee08d8998bd6137fbdd1947b4831d6;si;/planhidro/directiva/marco_agua/ciclo_planificacion_hidrologica.php
documento;https://www.aguasgrancanaria.com/pdfs/Marco_Agua/Aplicacion_directiva_europea_agua_completo.pdf;/pdfs/Marco_Agua/Aplicacion_directiva_europea_agua_completo.pdf;/documentos/pdfs/marco_agua/aplicacion_directiva_europea_agua_completo.pdf;200;539676;faf220b026557ef53e530a28c8be4fe82d9e5a884f96e478546e31d55606ce84;si;/planhidro/directiva/marco_agua/cuencas_hidrograficas.php
documento;https://www.aguasgrancanaria.com/pdfs/Marco_Agua/Calendario_programa_GC.pdf;/pdfs/Marco_Agua/Calendario_programa_GC.pdf;/documentos/pdfs/marco_agua/calendario_programa_gc.pdf;200;4340150;964a0b62c2b61a42975d6457291778e88c5810afc35f92e0b0ff04c189688a8e;si;/planhidro/directiva/marco_agua/calendario_programa_trabajo.php
documento;https://www.aguasgrancanaria.com/pdfs/Marco_Agua/Clemente_Prieto-Presentacion_Iberdrola.pdf;/pdfs/Marco_Agua/Clemente_Prieto-Presentacion_Iberdrola.pdf;/documentos/pdfs/marco_agua/clemente_prieto-presentacion_iberdrola.pdf;200;44907;1c1bffc65248683edd663621407639cd2bc7865de30a591a1bd460fc2bac9787;si;/planhidro/directiva/marco_agua/ciclo_planificacion_hidrologica.php
documento;https://www.aguasgrancanaria.com/pdfs/Marco_Agua/com_2007_0128_en.pdf;/pdfs/Marco_Agua/com_2007_0128_en.pdf;/documentos/pdfs/marco_agua/com_2007_0128_en.pdf;200;268927;a0833a3e929d8f0941404fcbfdc852515915b73737299a403f5f22dc47c64b59;si;/planhidro/directiva/marco_agua/ciclo_planificacion_hidrologica.php
documento;https://www.aguasgrancanaria.com/pdfs/Marco_Agua/Cristina_Danes-Inventario_de_presiones.pdf;/pdfs/Marco_Agua/Cristina_Danes-Inventario_de_presiones.pdf;/documentos/pdfs/marco_agua/cristina_danes-inventario_de_presiones.pdf;200;1969580;fc703755d5f16570580476d4988cf4fc935d319d1a40b9045bb749be82250d36;si;/planhidro/directiva/marco_agua/ciclo_planificacion_hidrologica.php
documento;https://www.aguasgrancanaria.com/pdfs/Marco_Agua/DesplegableJornadasPlanificacionHMarzo07v.pdf;/pdfs/Marco_Agua/DesplegableJornadasPlanificacionHMarzo07v.pdf;/documentos/pdfs/marco_agua/desplegablejornadasplanificacionhmarzo07v.pdf;200;398365;6946f88212fb22da866fc76d10531c71ccf3c42b6f8c8cb48365d1a0b3984754;si;/planhidro/directiva/marco_agua/ciclo_planificacion_hidrologica.php
documento;https://www.aguasgrancanaria.com/pdfs/Marco_Agua/directiva_marco.pdf;/pdfs/Marco_Agua/directiva_marco.pdf;/documentos/pdfs/marco_agua/directiva_marco.pdf;200;917031;38825835babce1da14455d47e570e64ef0bc0e65ee83a9e9a20fc0e6d43db138;si;/planhidro/directiva/marco_agua/directiva_marco_agua_CE.php
documento;https://www.aguasgrancanaria.com/pdfs/Marco_Agua/DMA_canarias05-06v2_a_PDF.pdf;/pdfs/Marco_Agua/DMA_canarias05-06v2_a_PDF.pdf;/documentos/pdfs/marco_agua/dma_canarias05-06v2_a_pdf.pdf;200;4083169;e8a8d632cd1a76e59f53ddec33c27c16248efe83328e5705a101669a2a112009;si;/planhidro/directiva/marco_agua/trabajos_directiva_marco.php
documento;https://www.aguasgrancanaria.com/pdfs/Marco_Agua/dma_utilicela_racionalmente.pdf;/pdfs/Marco_Agua/dma_utilicela_racionalmente.pdf;/documentos/pdfs/marco_agua/dma_utilicela_racionalmente.pdf;200;222757;79e0556d4bd14ba0e4edde90cf55ea7d6e26c40d036031e64c404c642be2d875;si;/planhidro/directiva/marco_agua/agua_esencial.php
documento;https://www.aguasgrancanaria.com/pdfs/Marco_Agua/Enrique_Cabrera-Madrid_28_03_2007.pdf;/pdfs/Marco_Agua/Enrique_Cabrera-Madrid_28_03_2007.pdf;/documentos/pdfs/marco_agua/enrique_cabrera-madrid_28_03_2007.pdf;200;218095;ef38b41d1e2fe33df5b94ef208e8df7d72d871b1538359417ee9595b0d497695;si;/planhidro/directiva/marco_agua/ciclo_planificacion_hidrologica.php
documento;https://www.aguasgrancanaria.com/pdfs/Marco_Agua/Federico_Estrada-Asignaciones_y_reservas_2.0.pdf;/pdfs/Marco_Agua/Federico_Estrada-Asignaciones_y_reservas_2.0.pdf;/documentos/pdfs/marco_agua/federico_estrada-asignaciones_y_reservas_2.0.pdf;200;438621;7641cc17c3b3e86aa27a199c78d8faa303a29bbb28ccc0d8cd901efea3aec0e4;si;/planhidro/directiva/marco_agua/ciclo_planificacion_hidrologica.php
documento;https://www.aguasgrancanaria.com/pdfs/Marco_Agua/Federico_Estrada-IPH_4.0.pdf;/pdfs/Marco_Agua/Federico_Estrada-IPH_4.0.pdf;/documentos/pdfs/marco_agua/federico_estrada-iph_4.0.pdf;200;192901;0958bef942214cc13b137bcb1574f6a5bf5e6809c51b25a7faa8a20e47ff846d;si;/planhidro/directiva/marco_agua/ciclo_planificacion_hidrologica.php
documento;https://www.aguasgrancanaria.com/pdfs/Marco_Agua/Federico_Estrada-RPH_2.0.pdf;/pdfs/Marco_Agua/Federico_Estrada-RPH_2.0.pdf;/documentos/pdfs/marco_agua/federico_estrada-rph_2.0.pdf;200;96950;bb4e1aec6374f76057d39d786de23369f48d3fa0dadf31eaf82fb094a72e6044;si;/planhidro/directiva/marco_agua/ciclo_planificacion_hidrologica.php
documento;https://www.aguasgrancanaria.com/pdfs/Marco_Agua/Fernando_Esteban-EAE2007_ParaImpresion.pdf;/pdfs/Marco_Agua/Fernando_Esteban-EAE2007_ParaImpresion.pdf;/documentos/pdfs/marco_agua/fernando_esteban-eae2007_paraimpresion.pdf;200;254703;a8c2c34b07996354e1426668550aebd43e9447d16e754af3b8462120a10d5d35;si;/planhidro/directiva/marco_agua/ciclo_planificacion_hidrologica.php
documento;https://www.aguasgrancanaria.com/pdfs/Marco_Agua/Fernando_Octavio_de_Toledo-Los_Planes_en_Cuencas_Transfronterizas_de_Espana_y_Portugal.pdf;/pdfs/Marco_Agua/Fernando_Octavio_de_Toledo-Los_Planes_en_Cuencas_Transfronterizas_de_Espana_y_Portugal.pdf;/documentos/pdfs/marco_agua/fernando_octavio_de_toledo-los_planes_en_cuencas_transfronterizas_de_espana_y_portugal.pdf;200;1112530;78204abae9e7d239df363fd7b50898ad43da6ee29fed557fe105cba71eb4ca6e;si;/planhidro/directiva/marco_agua/ciclo_planificacion_hidrologica.php
documento;https://www.aguasgrancanaria.com/pdfs/Marco_Agua/Ficha_Condiciones_de_Referencia.pdf;/pdfs/Marco_Agua/Ficha_Condiciones_de_Referencia.pdf;/documentos/pdfs/marco_agua/ficha_condiciones_de_referencia.pdf;200;37314;786da7d0b66117606b30459fe913ae4088d44728fc13e5a8d48daaad3e37049a;si;/planhidro/directiva/marco_agua/ciclo_planificacion_hidrologica.php
documento;https://www.aguasgrancanaria.com/pdfs/Marco_Agua/Francisco_Martin-administraciones_competentes.pdf;/pdfs/Marco_Agua/Francisco_Martin-administraciones_competentes.pdf;/documentos/pdfs/marco_agua/francisco_martin-administraciones_competentes.pdf;200;896904;2f8a219f1762a84253e0803c596cdd9abaf8e3a242360438c041fa7f50bfbcfc;si;/planhidro/directiva/marco_agua/ciclo_planificacion_hidrologica.php
documento;https://www.aguasgrancanaria.com/pdfs/Marco_Agua/Genaro_Borras-06239_00_0022_Jornada_CICCP_Director_30.03.07.pdf;/pdfs/Marco_Agua/Genaro_Borras-06239_00_0022_Jornada_CICCP_Director_30.03.07.pdf;/documentos/pdfs/marco_agua/genaro_borras-06239_00_0022_jornada_ciccp_director_30.03.07.pdf;200;393174;831158981351403498613dfeed7ac873fd52c72ec558cdadd34f4ce8e167c0ad;si;/planhidro/directiva/marco_agua/ciclo_planificacion_hidrologica.php
documento;https://www.aguasgrancanaria.com/pdfs/Marco_Agua/Giovanni_Bidoglio-Planificacion_hidrologica_final1.pdf;/pdfs/Marco_Agua/Giovanni_Bidoglio-Planificacion_hidrologica_final1.pdf;/documentos/pdfs/marco_agua/giovanni_bidoglio-planificacion_hidrologica_final1.pdf;200;3751975;3f42b00d030d18765ca7843280644a8401fb9eb90990a697f7ee5b58d71f95ea;si;/planhidro/directiva/marco_agua/ciclo_planificacion_hidrologica.php
documento;https://www.aguasgrancanaria.com/pdfs/Marco_Agua/GuidanceNo1-Economics-WATECO-WG2.6.pdf;/pdfs/Marco_Agua/GuidanceNo1-Economics-WATECO-WG2.6.pdf;/documentos/pdfs/marco_agua/guidanceno1-economics-wateco-wg2.6.pdf;200;7175920;def32d327b5d80bcb7b290f33948b37ba5a14e62457b7f64b9ff88cebadc842d;si;/planhidro/directiva/marco_agua/economia_medio_ambiente.php
documento;https://www.aguasgrancanaria.com/pdfs/Marco_Agua/GuidanceNo11-PlanningProcessWG2.9.pdf;/pdfs/Marco_Agua/GuidanceNo11-PlanningProcessWG2.9.pdf;/documentos/pdfs/marco_agua/guidanceno11-planningprocesswg2.9.pdf;200;5092971;69f5cba0f6b0a2ae34c9a20de5d4bae90b762c7749e3700f8616fde3a68052b2;si;/planhidro/directiva/marco_agua/procesos_planificacion.php
documento;https://www.aguasgrancanaria.com/pdfs/Marco_Agua/GuidanceNo8-PublicparticipationWG2.9.pdf;/pdfs/Marco_Agua/GuidanceNo8-PublicparticipationWG2.9.pdf;/documentos/pdfs/marco_agua/guidanceno8-publicparticipationwg2.9.pdf;200;3481752;a7de5aee714babf36cf26037e58c95f31ef32aadb6fb84a09a78cb5ddda924f1;si;/planhidro/directiva/marco_agua/participacion_publica_DMA_8.php
documento;https://www.aguasgrancanaria.com/pdfs/Marco_Agua/Guido_Schmidt_WWF.pdf;/pdfs/Marco_Agua/Guido_Schmidt_WWF.pdf;/documentos/pdfs/marco_agua/guido_schmidt_wwf.pdf;200;619792;d870f9ff454f0211391747fb736803340c2c982f352667adaf8e9b3c112eaea7;si;/planhidro/directiva/marco_agua/ciclo_planificacion_hidrologica.php
documento;https://www.aguasgrancanaria.com/pdfs/Marco_Agua/gw_characterisation.pdf;/pdfs/Marco_Agua/gw_characterisation.pdf;/documentos/pdfs/marco_agua/gw_characterisation.pdf;200;1731271;ea25f0f55d07b83dd440b29baa3b279a9791b2190ee6f5823e7f8c0a6c9b8490;si;/planhidro/directiva/marco_agua/caracterizacion_masas_agua.php
documento;https://www.aguasgrancanaria.com/pdfs/Marco_Agua/gw_risk_assessment.pdf;/pdfs/Marco_Agua/gw_risk_assessment.pdf;/documentos/pdfs/marco_agua/gw_risk_assessment.pdf;200;2115021;316f06a20aee31ba7168f2c1b9bf5d39c6ac5874d7c7e2a274db5cfafec2ad92;si;/planhidro/directiva/marco_agua/riesgos_aguas_subterraneas.php
documento;https://www.aguasgrancanaria.com/pdfs/Marco_Agua/Ignacio_del_Rio_Marrero-DMAColCam07MasasSuperf.pdf;/pdfs/Marco_Agua/Ignacio_del_Rio_Marrero-DMAColCam07MasasSuperf.pdf;/documentos/pdfs/marco_agua/ignacio_del_rio_marrero-dmacolcam07masassuperf.pdf;200;747846;0af22249c005de78725f196d91eb0377754debb02698c00c778b2185f771611d;si;/planhidro/directiva/marco_agua/ciclo_planificacion_hidrologica.php
documento;https://www.aguasgrancanaria.com/pdfs/Marco_Agua/Ignacio_del_Rio_Marrero-Elaboracion_y_aprobacion_de_ph.pdf;/pdfs/Marco_Agua/Ignacio_del_Rio_Marrero-Elaboracion_y_aprobacion_de_ph.pdf;/documentos/pdfs/marco_agua/ignacio_del_rio_marrero-elaboracion_y_aprobacion_de_ph.pdf;200;245891;d76db9f458c24c5d3a759bc4918802031d4205e9530168cb323340f118b48f68;si;/planhidro/directiva/marco_agua/ciclo_planificacion_hidrologica.php
documento;https://www.aguasgrancanaria.com/pdfs/Marco_Agua/index.txt;/pdfs/Marco_Agua/index.txt;/documentos/pdfs/marco_agua/index.txt;200;12412;cf0821388bfd9ee13689fe838c88fc017fc76d93d8c3972462a2e223b13745ae;no;/planhidro/directiva/marco_agua/ciclo_planificacion_hidrologica.php
documento;https://www.aguasgrancanaria.com/pdfs/Marco_Agua/Informe2003-ES.doc;/pdfs/Marco_Agua/Informe2003-ES.doc;/documentos/pdfs/marco_agua/informe2003-es.doc;200;131072;44b2f37153647990ee38b9da3e7a80966e75334e81559d902febc8c4ecc190d5;si;/planhidro/directiva/marco_agua/directiva_nitratos.php
documento;https://www.aguasgrancanaria.com/pdfs/Marco_Agua/Instruccion_de_Planificacion_Hidrologica.pdf;/pdfs/Marco_Agua/Instruccion_de_Planificacion_Hidrologica.pdf;/documentos/pdfs/marco_agua/instruccion_de_planificacion_hidrologica.pdf;200;2978613;ea87ce802e6e01eb260ffc53e5fb7cdfdaae7b5dd418525d6eb0b7e2bf9a7b7b;si;/planhidro/directiva/marco_agua/instruccion_planificacion.php
documento;https://www.aguasgrancanaria.com/pdfs/Marco_Agua/IPH_v10.0a.pdf;/pdfs/Marco_Agua/IPH_v10.0a.pdf;/documentos/pdfs/marco_agua/iph_v10.0a.pdf;200;4304959;2829433fa66f5758f3810bd1bdb3b12ab2923cee15dd08bfcb1955745f0477df;si;/planhidro/directiva/marco_agua/planifiacion_hidrologica.php
documento;https://www.aguasgrancanaria.com/pdfs/Marco_Agua/IPH_v51_4ColCamfinalB.pdf;/pdfs/Marco_Agua/IPH_v51_4ColCamfinalB.pdf;/documentos/pdfs/marco_agua/iph_v51_4colcamfinalb.pdf;200;2978613;ea87ce802e6e01eb260ffc53e5fb7cdfdaae7b5dd418525d6eb0b7e2bf9a7b7b;si;/planhidro/directiva/marco_agua/ciclo_planificacion_hidrologica.php
documento;https://www.aguasgrancanaria.com/pdfs/Marco_Agua/Javier_Alvarez-InventarioRecursosHidricos.pdf;/pdfs/Marco_Agua/Javier_Alvarez-InventarioRecursosHidricos.pdf;/documentos/pdfs/marco_agua/javier_alvarez-inventariorecursoshidricos.pdf;200;1744039;67bff33b82d648bdabe5a882d260cde776fc1ed03062588c14db9ce6e6425431;si;/planhidro/directiva/marco_agua/ciclo_planificacion_hidrologica.php
documento;https://www.aguasgrancanaria.com/pdfs/Marco_Agua/Javier_Cachon-Presentacion_28-03-07.pdf;/pdfs/Marco_Agua/Javier_Cachon-Presentacion_28-03-07.pdf;/documentos/pdfs/marco_agua/javier_cachon-presentacion_28-03-07.pdf;200;3335534;c233b5289cb6982cb90315eca9f32eaa0223d004935a319a1353bdf74529f3f0;si;/planhidro/directiva/marco_agua/ciclo_planificacion_hidrologica.php
documento;https://www.aguasgrancanaria.com/pdfs/Marco_Agua/Javier_Ferrer_Polo-Instruccion_QEco_def.pdf;/pdfs/Marco_Agua/Javier_Ferrer_Polo-Instruccion_QEco_def.pdf;/documentos/pdfs/marco_agua/javier_ferrer_polo-instruccion_qeco_def.pdf;200;939309;a80132e2e8bdd0a0708ae57b7f5dfc5a28edc83c092244b2bfd4788c574ac5d1;si;/planhidro/directiva/marco_agua/ciclo_planificacion_hidrologica.php
documento;https://www.aguasgrancanaria.com/pdfs/Marco_Agua/Javier_Ferrer_Polo-Modelos_presiones_16.pdf;/pdfs/Marco_Agua/Javier_Ferrer_Polo-Modelos_presiones_16.pdf;/documentos/pdfs/marco_agua/javier_ferrer_polo-modelos_presiones_16.pdf;200;3090113;889432b372a4febae07365e1724c1d46f315d577ea9a600fc327068e6a2d30d6;si;/planhidro/directiva/marco_agua/ciclo_planificacion_hidrologica.php
documento;https://www.aguasgrancanaria.com/pdfs/Marco_Agua/Javier_Ruza-Resultados_referencia_provisionales.pdf;/pdfs/Marco_Agua/Javier_Ruza-Resultados_referencia_provisionales.pdf;/documentos/pdfs/marco_agua/javier_ruza-resultados_referencia_provisionales.pdf;200;25451;a04ca6c0a5f032f93cdf7f373bb60faa4435887ea5506614edd1eeae821bdbec;si;/planhidro/directiva/marco_agua/ciclo_planificacion_hidrologica.php
documento;https://www.aguasgrancanaria.com/pdfs/Marco_Agua/Javier_Ruza-Sistemas_de_clasificacion_del_estado_ecologico.pdf;/pdfs/Marco_Agua/Javier_Ruza-Sistemas_de_clasificacion_del_estado_ecologico.pdf;/documentos/pdfs/marco_agua/javier_ruza-sistemas_de_clasificacion_del_estado_ecologico.pdf;200;5600523;7d6353c5bf4898e2d7e8a8a294cbce25fbe07378d38d4d66b3e4e8ce3739aa84;si;/planhidro/directiva/marco_agua/ciclo_planificacion_hidrologica.php
documento;https://www.aguasgrancanaria.com/pdfs/Marco_Agua/Joan_Corominas-PLAN_HIDROLOGICO_CUENCAS_INTERNAS_ANDALUZAS_reducida.pdf;/pdfs/Marco_Agua/Joan_Corominas-PLAN_HIDROLOGICO_CUENCAS_INTERNAS_ANDALUZAS_reducida.pdf;/documentos/pdfs/marco_agua/joan_corominas-plan_hidrologico_cuencas_internas_andaluzas_reducida.pdf;200;1707744;f465422d5622e99e3eb0b5a635c50ad72ce85f6e09c3bd94c1c04d7c15b533f0;si;/planhidro/directiva/marco_agua/ciclo_planificacion_hidrologica.php
documento;https://www.aguasgrancanaria.com/pdfs/Marco_Agua/Joaquin_Andreu-Sistemas_Soporte_Decision.pdf;/pdfs/Marco_Agua/Joaquin_Andreu-Sistemas_Soporte_Decision.pdf;/documentos/pdfs/marco_agua/joaquin_andreu-sistemas_soporte_decision.pdf;200;1421430;cf3b08071f333d46c8f6818ba70a4adb3e1b0530060def3f0c1fe058c02703b4;si;/planhidro/directiva/marco_agua/ciclo_planificacion_hidrologica.php
documento;https://www.aguasgrancanaria.com/pdfs/Marco_Agua/Jorge_Rodriguez-Jornadas_planificacion_27Marzo2007.pdf;/pdfs/Marco_Agua/Jorge_Rodriguez-Jornadas_planificacion_27Marzo2007.pdf;/documentos/pdfs/marco_agua/jorge_rodriguez-jornadas_planificacion_27marzo2007.pdf;200;3252245;6e857472082d878437322f62410bd844abc6c16940f59649e34f8466d83242db;si;/planhidro/directiva/marco_agua/ciclo_planificacion_hidrologica.php
documento;https://www.aguasgrancanaria.com/pdfs/Marco_Agua/Jose_Dolz-NUEVO_CICLO_PLANIFICACION_HIDROLOGICA_MMA_03-07.pdf;/pdfs/Marco_Agua/Jose_Dolz-NUEVO_CICLO_PLANIFICACION_HIDROLOGICA_MMA_03-07.pdf;/documentos/pdfs/marco_agua/jose_dolz-nuevo_ciclo_planificacion_hidrologica_mma_03-07.pdf;200;74345;b4547f9abb72b15a48cb6c15a79d37818839c3d4d8c2571bd6921590a26b0e8d;si;/planhidro/directiva/marco_agua/ciclo_planificacion_hidrologica.php
documento;https://www.aguasgrancanaria.com/pdfs/Marco_Agua/Jose_Luis_Osuna-PRESENTACION_AGUA_MADRID.pdf;/pdfs/Marco_Agua/Jose_Luis_Osuna-PRESENTACION_AGUA_MADRID.pdf;/documentos/pdfs/marco_agua/jose_luis_osuna-presentacion_agua_madrid.pdf;200;59961;8cb62af50cd246c65648cef4cb037546c7e7a31359b32da735ccf07309f4873f;si;/planhidro/directiva/marco_agua/ciclo_planificacion_hidrologica.php
documento;https://www.aguasgrancanaria.com/pdfs/Marco_Agua/Josefina_Maestu-ACE_aplicacion_a_PdMREV2.pdf;/pdfs/Marco_Agua/Josefina_Maestu-ACE_aplicacion_a_PdMREV2.pdf;/documentos/pdfs/marco_agua/josefina_maestu-ace_aplicacion_a_pdmrev2.pdf;200;850808;e77c594e79fb452e6d5865a72a17056e5249459cb330fa9df9a884370084e759;si;/planhidro/directiva/marco_agua/ciclo_planificacion_hidrologica.php
documento;https://www.aguasgrancanaria.com/pdfs/Marco_Agua/Josefina_Maestu-ACE_EU.pdf;/pdfs/Marco_Agua/Josefina_Maestu-ACE_EU.pdf;/documentos/pdfs/marco_agua/josefina_maestu-ace_eu.pdf;200;542145;35d5d891c5235cde8455e02fb02009d09ac17c08da782b73e52d2f511fe9013b;si;/planhidro/directiva/marco_agua/ciclo_planificacion_hidrologica.php
documento;https://www.aguasgrancanaria.com/pdfs/Marco_Agua/Josefina_Maestu-CaracteconICCP2007.pdf;/pdfs/Marco_Agua/Josefina_Maestu-CaracteconICCP2007.pdf;/documentos/pdfs/marco_agua/josefina_maestu-caracteconiccp2007.pdf;200;1285046;89b36234fe3f3f301ec85419ebbdd3952e783b3de901defdee2882dba9f9f65c;si;/planhidro/directiva/marco_agua/ciclo_planificacion_hidrologica.php
documento;https://www.aguasgrancanaria.com/pdfs/Marco_Agua/Juan_Jose_Duran-caracterizacion_mas.jjdv.28marzo2007.pdf;/pdfs/Marco_Agua/Juan_Jose_Duran-caracterizacion_mas.jjdv.28marzo2007.pdf;/documentos/pdfs/marco_agua/juan_jose_duran-caracterizacion_mas.jjdv.28marzo2007.pdf;200;5900556;080f7fef2796abf7dcc1796d3f982f9fb85b06f04e7b8b2a48eb10e78eb366c9;si;/planhidro/directiva/marco_agua/ciclo_planificacion_hidrologica.php
documento;https://www.aguasgrancanaria.com/pdfs/Marco_Agua/Luis_Garrote.pdf;/pdfs/Marco_Agua/Luis_Garrote.pdf;/documentos/pdfs/marco_agua/luis_garrote.pdf;200;209659;45bcd6377369d7baecde328865545a169d5f279d8927e6d8a46f546b06b36177;si;/planhidro/directiva/marco_agua/ciclo_planificacion_hidrologica.php
documento;https://www.aguasgrancanaria.com/pdfs/Marco_Agua/Manuel_Menendez-presenmenendezobjmeddmared.pdf;/pdfs/Marco_Agua/Manuel_Menendez-presenmenendezobjmeddmared.pdf;/documentos/pdfs/marco_agua/manuel_menendez-presenmenendezobjmeddmared.pdf;200;300290;be1d651160aed1058476667e5c74fd29f37e23c5f8396cf08fb110d36b8a58b3;si;/planhidro/directiva/marco_agua/ciclo_planificacion_hidrologica.php
documento;https://www.aguasgrancanaria.com/pdfs/Marco_Agua/Manuel_Omedas-caminos_2007.pdf;/pdfs/Marco_Agua/Manuel_Omedas-caminos_2007.pdf;/documentos/pdfs/marco_agua/manuel_omedas-caminos_2007.pdf;200;2591578;caa1fcf02ede95793347a7535e7e9acb50970f689d83431e49ff96ad2489889b;si;/planhidro/directiva/marco_agua/ciclo_planificacion_hidrologica.php
documento;https://www.aguasgrancanaria.com/pdfs/Marco_Agua/Manuel_Varela-Planificaci%C3%B3n_marzo2007.pdf;/pdfs/Marco_Agua/Manuel_Varela-Planificación_marzo2007.pdf;/documentos/pdfs/marco_agua/manuel_varela-planificacion_marzo2007.pdf;200;308477;c43bc09fbb78b6ea591a0c95b118f060b4a199b35234d25354d5c2bcbaf68333;si;/planhidro/directiva/marco_agua/ciclo_planificacion_hidrologica.php
documento;https://www.aguasgrancanaria.com/pdfs/Marco_Agua/Mario_Urrea-ICCP_rev1_impr.pdf;/pdfs/Marco_Agua/Mario_Urrea-ICCP_rev1_impr.pdf;/documentos/pdfs/marco_agua/mario_urrea-iccp_rev1_impr.pdf;200;3685895;9fb2d43f96c9e3eb83dac852637e7e4d5033b9efd9b9e8d9faea1805ada09dd3;si;/planhidro/directiva/marco_agua/ciclo_planificacion_hidrologica.php
documento;https://www.aguasgrancanaria.com/pdfs/Marco_Agua/MEMORIA.pdf;/pdfs/Marco_Agua/MEMORIA.pdf;/documentos/pdfs/marco_agua/memoria.pdf;200;4254714;b0f64ad6a64b81487d56a1006e424270460d1d2b5454da571d7e95d80d497406;si;/planhidro/directiva/marco_agua/cumplimiento_V_VI.php
documento;https://www.aguasgrancanaria.com/pdfs/Marco_Agua/Miguel_Angel_Bordas-Sistema_de_Informacion_del_Agua_v4.pdf;/pdfs/Marco_Agua/Miguel_Angel_Bordas-Sistema_de_Informacion_del_Agua_v4.pdf;/documentos/pdfs/marco_agua/miguel_angel_bordas-sistema_de_informacion_del_agua_v4.pdf;200;4432384;d4174424f5995272d39c19e6cc162c3d929ac013508d252f3ff41fea65bdfd5c;si;/planhidro/directiva/marco_agua/ciclo_planificacion_hidrologica.php
documento;https://www.aguasgrancanaria.com/pdfs/Marco_Agua/PH_2007-2009.pdf;/pdfs/Marco_Agua/PH_2007-2009.pdf;/documentos/pdfs/marco_agua/ph_2007-2009.pdf;200;973397;d16ced4faf5dce856a3c4e759cc9d1aa16650533f68c20784a25458044b36d92;si;/planhidro/directiva/marco_agua/trabajos_directiva_marco.php
documento;https://www.aguasgrancanaria.com/pdfs/Marco_Agua/Presentacion_celesteDMA1.pdf;/pdfs/Marco_Agua/Presentacion_celesteDMA1.pdf;/documentos/pdfs/marco_agua/presentacion_celestedma1.pdf;200;1269095;d1809c53e2dfe2bf9717a5de9bc01fa0067b973cf0930f73b1b300bdf8f4e830;si;/planhidro/directiva/marco_agua/trabajos_directiva_marco.php
documento;https://www.aguasgrancanaria.com/pdfs/Marco_Agua/programasmedidas2.pdf;/pdfs/Marco_Agua/programasmedidas2.pdf;/documentos/pdfs/marco_agua/programasmedidas2.pdf;200;33472;a469b12b443e7cc90c073f6960283d3b8765fd90d7fe2dda5d2ffbcba9016364;si;/planhidro/directiva/marco_agua/ciclo_planificacion_hidrologica.php
documento;https://www.aguasgrancanaria.com/pdfs/Marco_Agua/RD_RPH_CNA_(1).pdf;/pdfs/Marco_Agua/RD_RPH_CNA_(1).pdf;/documentos/pdfs/marco_agua/rd_rph_cna_-1.pdf;200;455230;8234a5109ba7306b57f2d5502c22a5c6d73e820616a740612af8e45856a81ea0;si;/planhidro/directiva/marco_agua/ciclo_planificacion_hidrologica.php
documento;https://www.aguasgrancanaria.com/pdfs/Marco_Agua/RD_RPH_CNA.pdf;/pdfs/Marco_Agua/RD_RPH_CNA.pdf;/documentos/pdfs/marco_agua/rd_rph_cna.pdf;200;455230;8234a5109ba7306b57f2d5502c22a5c6d73e820616a740612af8e45856a81ea0;si;/planhidro/directiva/marco_agua/reglamento_planificacion.php
documento;https://www.aguasgrancanaria.com/pdfs/Marco_Agua/RDCAC_A05120-05122.pdf;/pdfs/Marco_Agua/RDCAC_A05120-05122.pdf;/documentos/pdfs/marco_agua/rdcac_a05120-05122.pdf;200;94888;d96369b2b068149a0deddc4b54a3931df3301d908ba0c22c511348648d20ae42;si;/planhidro/directiva/marco_agua/ciclo_planificacion_hidrologica.php
documento;https://www.aguasgrancanaria.com/pdfs/Marco_Agua/RDDEM_A05118-05120.pdf;/pdfs/Marco_Agua/RDDEM_A05118-05120.pdf;/documentos/pdfs/marco_agua/rddem_a05118-05120.pdf;200;104560;6a847d0cd503a9baeb994b960b095eaede3160f88dce9d925e5d748e69441331;si;/planhidro/directiva/marco_agua/ciclo_planificacion_hidrologica.php
documento;https://www.aguasgrancanaria.com/pdfs/Marco_Agua/Reglamento_de_la_Planificaci%C3%B3n_Hidrol%C3%B3gica.pdf;/pdfs/Marco_Agua/Reglamento_de_la_Planificación_Hidrológica.pdf;/documentos/pdfs/marco_agua/reglamento_de_la_planificacion_hidrologica.pdf;200;455230;8234a5109ba7306b57f2d5502c22a5c6d73e820616a740612af8e45856a81ea0;si;/planhidro/directiva/marco_agua/reglamento.php
documento;https://www.aguasgrancanaria.com/pdfs/Marco_Agua/sec_2007_0362_en.pdf;/pdfs/Marco_Agua/sec_2007_0362_en.pdf;/documentos/pdfs/marco_agua/sec_2007_0362_en.pdf;200;880683;8429d6f696a69dbe3353cc6f258a102b96337353db276bdcc53b2e73b7f3e3a8;si;/planhidro/directiva/marco_agua/ciclo_planificacion_hidrologica.php
documento;https://www.aguasgrancanaria.com/pdfs/Marco_Agua/Staff_Working_Doc_(annexes).doc;/pdfs/Marco_Agua/Staff_Working_Doc_(annexes).doc;/documentos/pdfs/marco_agua/staff_working_doc_-annexes.doc;200;4144640;631df007441b57011065f88e6383f60cab408f0e3007a3d6143f639415be4ad6;si;/planhidro/directiva/marco_agua/directiva_nitratos.php
documento;https://www.aguasgrancanaria.com/pdfs/Marco_Agua/Teodoro_Estrela_Monreal-demarcaciones-CAC4.pdf;/pdfs/Marco_Agua/Teodoro_Estrela_Monreal-demarcaciones-CAC4.pdf;/documentos/pdfs/marco_agua/teodoro_estrela_monreal-demarcaciones-cac4.pdf;200;6674924;4017edb68715e246cda1a23a8353434b19d624d7d1d297f6aafadec1afaeb0eb;si;/planhidro/directiva/marco_agua/ciclo_planificacion_hidrologica.php
documento;https://www.aguasgrancanaria.com/pdfs/Marco_Agua/Teodoro_Estrela_Monreal-DMA_Colegio_Caminos_2007_medidas2.pdf;/pdfs/Marco_Agua/Teodoro_Estrela_Monreal-DMA_Colegio_Caminos_2007_medidas2.pdf;/documentos/pdfs/marco_agua/teodoro_estrela_monreal-dma_colegio_caminos_2007_medidas2.pdf;200;94591;5476222fa4983eb22260803a2454e652af47d05069bf495c8fc032e017b2716e;si;/planhidro/directiva/marco_agua/ciclo_planificacion_hidrologica.php
documento;https://www.aguasgrancanaria.com/pdfs/Marco_Agua/Teodoro_Estrela_Monreal-reglamento-instruccion3.pdf;/pdfs/Marco_Agua/Teodoro_Estrela_Monreal-reglamento-instruccion3.pdf;/documentos/pdfs/marco_agua/teodoro_estrela_monreal-reglamento-instruccion3.pdf;200;39864;1dda3565fc33fbc967c023bab7a1ffcb95b7ae9a9cb54a66ca186980918d7341;si;/planhidro/directiva/marco_agua/ciclo_planificacion_hidrologica.php
documento;https://www.aguasgrancanaria.com/pdfs/Marco_Agua/V%C3%ADctor_Arqued-WISE-Aplicaci%C3%B3n_a_Espana.pdf;/pdfs/Marco_Agua/Víctor_Arqued-WISE-Aplicación_a_Espana.pdf;/documentos/pdfs/marco_agua/victor_arqued-wise-aplicacion_a_espana.pdf;200;1582801;c582f9dc4707aa3a516af5bc1270a0285f38c1085ce732c71aa75a2be8cf36c5;si;/planhidro/directiva/marco_agua/ciclo_planificacion_hidrologica.php
documento;https://www.aguasgrancanaria.com/pdfs/Marco_Agua/Vincent_Frey-Colloque-Madrid-mars07.pdf;/pdfs/Marco_Agua/Vincent_Frey-Colloque-Madrid-mars07.pdf;/documentos/pdfs/marco_agua/vincent_frey-colloque-madrid-mars07.pdf;200;2047271;942d2ba0e1bd6925e2cbb908453e9d6731005021035a98414146216b57f4d049;si;/planhidro/directiva/marco_agua/ciclo_planificacion_hidrologica.php
documento;https://www.aguasgrancanaria.com/pdfs/NextGeneration/cartel.pdf;/pdfs/NextGeneration/cartel.pdf;/documentos/pdfs/nextgeneration/cartel.pdf;200;2115327;410fef592d52779960f3d1f5926fa724699807b28f97b4b08a7ed511c345622d;si;/nextgeneration.php
documento;https://www.aguasgrancanaria.com/pdfs/NextGeneration/nota_informativa.pdf;/pdfs/NextGeneration/nota_informativa.pdf;/documentos/pdfs/nextgeneration/nota_informativa.pdf;200;103788;a4a5f2fc38ddf07f627814f7241d3fa3fc747869266a7df12a6be0f800b4ddbc;si;/nextgeneration.php
documento;https://www.aguasgrancanaria.com/pdfs/Noticias/2025-11-11_Alerta.pdf;/pdfs/Noticias/2025-11-11_Alerta.pdf;/documentos/pdfs/noticias/2025-11-11_alerta.pdf;200;686518;09b9a3b82c1e8718bb9d0788d99e67d4c1f01cf67b951715452980f074ae2a4c;si;/noticias.php
documento;https://www.aguasgrancanaria.com/pdfs/Noticias/2025-12-12_Alerta.pdf;/pdfs/Noticias/2025-12-12_Alerta.pdf;/documentos/pdfs/noticias/2025-12-12_alerta.pdf;200;332084;b68b1f03894f4bf6336f5a2cae31ae7b92eabcc650c8f80bd36719b0bafbb8fa;si;/noticias.php | /
documento;https://www.aguasgrancanaria.com/pdfs/Noticias/2026-03-18_Alerta_fenomenos_costeros.pdf;/pdfs/Noticias/2026-03-18_Alerta_fenomenos_costeros.pdf;/documentos/pdfs/noticias/2026-03-18_alerta_fenomenos_costeros.pdf;200;222116;31c231e93c9e8d29a98d8db1b6a8d014469e3e8c90f9b27ad2de3d582e590b77;si;/noticias.php
documento;https://www.aguasgrancanaria.com/pdfs/Noticias/2026-03-18_Alerta_inundaciones.pdf;/pdfs/Noticias/2026-03-18_Alerta_inundaciones.pdf;/documentos/pdfs/noticias/2026-03-18_alerta_inundaciones.pdf;200;175297;34d6972899873a5466ae226e5edd1b088003c45b91367babc183445dd3defdc9;si;/noticias.php
documento;https://www.aguasgrancanaria.com/pdfs/Noticias/2026-03-18_Alerta_tormentas.pdf;/pdfs/Noticias/2026-03-18_Alerta_tormentas.pdf;/documentos/pdfs/noticias/2026-03-18_alerta_tormentas.pdf;200;215900;160132aa5522a2a7a8f24b9d5639fab3f6e46c5d02f903441924d4189a9d78a0;si;/noticias.php
documento;https://www.aguasgrancanaria.com/pdfs/Noticias/2026-03-18_Alerta_vientos.pdf;/pdfs/Noticias/2026-03-18_Alerta_vientos.pdf;/documentos/pdfs/noticias/2026-03-18_alerta_vientos.pdf;200;225056;852415fcee24b937b5a1c8d367c97069d34176bfe953aaa5df9ca83da889eb4c;si;/noticias.php
documento;https://www.aguasgrancanaria.com/pdfs/Noticias/2026-03-19_Alerta_lluvia.pdf;/pdfs/Noticias/2026-03-19_Alerta_lluvia.pdf;/documentos/pdfs/noticias/2026-03-19_alerta_lluvia.pdf;200;220092;84d7da8e581ca125ee32d17ada877afe176d51bd4ba825674e00e8942d333f89;si;/noticias.php
documento;https://www.aguasgrancanaria.com/pdfs/Noticias/2026-04-08_Protocolo%20Borrasca%20Therese.pdf;/pdfs/Noticias/2026-04-08_Protocolo Borrasca Therese.pdf;/documentos/pdfs/noticias/2026-04-08_protocolo-borrasca-therese.pdf;200;117811;c3cde09bbba239d5c75dcdc97dcbc5c1d0dca3c076219923acbf125753b012c9;si;/noticias.php | /
documento;https://www.aguasgrancanaria.com/pdfs/Noticias/250715%20Fotonoticia%20reuni%C3%B3n%20Cabildo%20Gran%20Canaria.pdf;/pdfs/Noticias/250715 Fotonoticia reunión Cabildo Gran Canaria.pdf;/documentos/pdfs/noticias/250715-fotonoticia-reunion-cabildo-gran-canaria.pdf;200;221841;c5a5f57efc337f149c9abf9215f6171a0bd19078eee0006fc1aacc40afd2ebe6;si;/noticias.php
documento;https://www.aguasgrancanaria.com/pdfs/Noticias/recomendaciones_fenomenos_costeros.pdf;/pdfs/Noticias/recomendaciones_fenomenos_costeros.pdf;/documentos/pdfs/noticias/recomendaciones_fenomenos_costeros.pdf;200;171600;cdf6a57b8eb6b9386f745e1042bedee0e63a823ce059d7215c71f369de62d4e9;si;/noticias.php
documento;https://www.aguasgrancanaria.com/pdfs/PlanHidro/20260909_Anexo%201.%20ETI_DHGC.pdf;/pdfs/PlanHidro/20260909_Anexo 1. ETI_DHGC.pdf;/documentos/pdfs/planhidro/20260909_anexo-1.-eti_dhgc.pdf;200;12541073;ce827564fd536ea0ae462b1aa2f83a62fe5bff5992effac43a944a6d6b448102;si;/plan_hidro.php
documento;https://www.aguasgrancanaria.com/pdfs/PlanHidro/BOC_20190121.pdf;/pdfs/PlanHidro/BOC_20190121.pdf;/documentos/pdfs/planhidro/boc_20190121.pdf;200;1527912;38dc2a3b7c22d26a4401b7704fcd55ab09510d18d6b845cf07a41a721a50d5a1;si;/plan_hidro.php
documento;https://www.aguasgrancanaria.com/pdfs/PlanHidro/BOC-16-01-18.pdf;/pdfs/PlanHidro/BOC-16-01-18.pdf;/documentos/pdfs/planhidro/boc-16-01-18.pdf;200;234702;dfa82d1cadc9aa15ab15dfe1b2feec75c2c4fbcaf711e7df319c90958ebeb2cb;si;/plan_hidro.php
documento;https://www.aguasgrancanaria.com/pdfs/PlanHidro/BOC-8-8-16.pdf;/pdfs/PlanHidro/BOC-8-8-16.pdf;/documentos/pdfs/planhidro/boc-8-8-16.pdf;200;241803;78016c3f4007d70d7bf59a6a2b11481e4511ad79c5bdc08a3a410878fda12656;si;/plan_hidro.php
documento;https://www.aguasgrancanaria.com/pdfs/PlanHidro/boc-a-2015-063-1482.pdf;/pdfs/PlanHidro/boc-a-2015-063-1482.pdf;/documentos/pdfs/planhidro/boc-a-2015-063-1482.pdf;200;2370529;62f09609f516b929c771ebdc09fc0af9dbb165ada110b6279bf6f5dc710d9ba4;si;/plan_hidro.php
documento;https://www.aguasgrancanaria.com/pdfs/PlanHidro/boc-a-2025-028-537.pdf;/pdfs/PlanHidro/boc-a-2025-028-537.pdf;/documentos/pdfs/planhidro/boc-a-2025-028-537.pdf;200;184313;40e3f5171f3e0c9233a9c3a561639a2594e3722b35bd85ec4e1ec3fd5bea2136;si;/plan_hidro.php
documento;https://www.aguasgrancanaria.com/pdfs/PlanHidro/boc-a-2025-150-2773.pdf;/pdfs/PlanHidro/boc-a-2025-150-2773.pdf;/documentos/pdfs/planhidro/boc-a-2025-150-2773.pdf;200;178943;1d10786dd97389f503d4095f3c203c255f26eee5293920f586f90051963ae933;si;/plan_hidro.php
documento;https://www.aguasgrancanaria.com/pdfs/PlanHidro/DD.II%20CONSOLIDADOS%20PHGC4.pdf;/pdfs/PlanHidro/DD.II CONSOLIDADOS PHGC4.pdf;/documentos/pdfs/planhidro/dd.ii-consolidados-phgc4.pdf;200;98698031;2148747d94af7f16139e80b650c87dccb6d92406131f5c212127058005d0571d;si;/plan_hidro.php
documento;https://www.aguasgrancanaria.com/pdfs/PlanHidro/DeclaracionAmbientalEstrategica.pdf;/pdfs/PlanHidro/DeclaracionAmbientalEstrategica.pdf;/documentos/pdfs/planhidro/declaracionambientalestrategica.pdf;200;861431;238e631b3b277f46f217a32dab25b9d0ab421d321270b1525ba895535b2c3374;si;/plan_hidro.php
documento;https://www.aguasgrancanaria.com/pdfs/PlanHidro/Decreto_370.2023.pdf;/pdfs/PlanHidro/Decreto_370.2023.pdf;/documentos/pdfs/planhidro/decreto_370.2023.pdf;200;37425993;f201f82a3d148f444cd818c7267ea505917feecd006bb18ee0c9a5082c9cadfb;si;/plan_hidro.php
documento;https://www.aguasgrancanaria.com/pdfs/PlanHidro/Directiva_2000.60.CE.pdf;/pdfs/PlanHidro/Directiva_2000.60.CE.pdf;/documentos/pdfs/planhidro/directiva_2000.60.ce.pdf;200;917031;38825835babce1da14455d47e570e64ef0bc0e65ee83a9e9a20fc0e6d43db138;si;/planhidro/directiva/conceptos_basicos.php
documento;https://www.aguasgrancanaria.com/pdfs/PlanHidro/DocumentoInicial.pdf;/pdfs/PlanHidro/DocumentoInicial.pdf;/documentos/pdfs/planhidro/documentoinicial.pdf;200;1956043;f0f25799bbc58161dac16aedf2fb6d2c11bd138c8441e2262188e02ae57ce18d;si;/plan_hidro.php
documento;https://www.aguasgrancanaria.com/pdfs/PlanHidro/EPTI_rev02.pdf;/pdfs/PlanHidro/EPTI_rev02.pdf;/documentos/pdfs/planhidro/epti_rev02.pdf;200;3567873;54d1ca22bf02e2cb837c64d132c3bb99a781054fae3d45777992f1b4bd32586c;si;/plan_hidro.php
documento;https://www.aguasgrancanaria.com/pdfs/PlanHidro/ES120_DDII_Anexo1_Aut_Competentes_v02_00.pdf;/pdfs/PlanHidro/ES120_DDII_Anexo1_Aut_Competentes_v02_00.pdf;/documentos/pdfs/planhidro/es120_ddii_anexo1_aut_competentes_v02_00.pdf;200;1173386;20677890344c53c489e2b96f690d4846c819b9c04ae6c320912a6b3c071e1d53;si;/plan_hidro.php
documento;https://www.aguasgrancanaria.com/pdfs/PlanHidro/ES120_DDII_Anexo2_Fichas_Caracterizacion_Adicional_V02_00.pdf;/pdfs/PlanHidro/ES120_DDII_Anexo2_Fichas_Caracterizacion_Adicional_V02_00.pdf;/documentos/pdfs/planhidro/es120_ddii_anexo2_fichas_caracterizacion_adicional_v02_00.pdf;200;6316536;b342f0590da4d2052e98ecaeae8990932bbf9d14cbc72ca0396127a6c6392d60;si;/plan_hidro.php
documento;https://www.aguasgrancanaria.com/pdfs/PlanHidro/ES120_DDII_Anexo3_UUDD-02_00.pdf;/pdfs/PlanHidro/ES120_DDII_Anexo3_UUDD-02_00.pdf;/documentos/pdfs/planhidro/es120_ddii_anexo3_uudd-02_00.pdf;200;3487355;725595ed3e31871e8423c99f580c20b39178a2d05c33046ae3b5ef7b706a6665;si;/plan_hidro.php
documento;https://www.aguasgrancanaria.com/pdfs/PlanHidro/ES120_DDII_Memoria_V02_00.pdf;/pdfs/PlanHidro/ES120_DDII_Memoria_V02_00.pdf;/documentos/pdfs/planhidro/es120_ddii_memoria_v02_00.pdf;200;9116103;7352cd8a38c3bee95690e6432111deb9187581fc71a220f82a4476694159b3b9;si;/plan_hidro.php
documento;https://www.aguasgrancanaria.com/pdfs/PlanHidro/ES120_EACC_Memoria_V03_00.pdf;/pdfs/PlanHidro/ES120_EACC_Memoria_V03_00.pdf;/documentos/pdfs/planhidro/es120_eacc_memoria_v03_00.pdf;200;21926845;37cc5eea135471be1a17f290d7786c27a01c3b654e16ed43bfc6e434a99e9490;si;/plan_hidro.php
documento;https://www.aguasgrancanaria.com/pdfs/PlanHidro/ES120_EpTI_Memoria-Anexo_03_00.pdf;/pdfs/PlanHidro/ES120_EpTI_Memoria-Anexo_03_00.pdf;/documentos/pdfs/planhidro/es120_epti_memoria-anexo_03_00.pdf;200;4087006;2918fb78525f07bb40880231c5f2ce48bc3cc321e772fe145822c3b02fe51422;si;/plan_hidro.php
documento;https://www.aguasgrancanaria.com/pdfs/PlanHidro/ES120_EsAE_PH_PGRI_Memoria_Fdo.pdf;/pdfs/PlanHidro/ES120_EsAE_PH_PGRI_Memoria_Fdo.pdf;/documentos/pdfs/planhidro/es120_esae_ph_pgri_memoria_fdo.pdf;200;58327362;15c65a04832c8953ab10877789d756d8155bdae3981031c4fe7811cd7f48beec;si;/plan_hidro.php
documento;https://www.aguasgrancanaria.com/pdfs/PlanHidro/ES120_NormativaV2_firmado.pdf;/pdfs/PlanHidro/ES120_NormativaV2_firmado.pdf;/documentos/pdfs/planhidro/es120_normativav2_firmado.pdf;200;1532492;25336afce879938f3b5660930c8128b1ea3e37fe09654f38000334eed8e589ba;si;/plan_hidro.php
documento;https://www.aguasgrancanaria.com/pdfs/PlanHidro/ES120_PH_Anexo1_firmado.pdf;/pdfs/PlanHidro/ES120_PH_Anexo1_firmado.pdf;/documentos/pdfs/planhidro/es120_ph_anexo1_firmado.pdf;200;5881152;89b5552935188820793a4b5aabd740d8e1532fc58ba522d1fec70be04b74d5ce;si;/plan_hidro.php
documento;https://www.aguasgrancanaria.com/pdfs/PlanHidro/ES120_PH_Anexo2_firmado.pdf;/pdfs/PlanHidro/ES120_PH_Anexo2_firmado.pdf;/documentos/pdfs/planhidro/es120_ph_anexo2_firmado.pdf;200;249563901;57c1e6f079df45eaa7d29b3e1d182a7b1f1168a4298872d1e55ebe2171b1d0a5;si;/plan_hidro.php
documento;https://www.aguasgrancanaria.com/pdfs/PlanHidro/ES120_PH_Anexo3_firmado.pdf;/pdfs/PlanHidro/ES120_PH_Anexo3_firmado.pdf;/documentos/pdfs/planhidro/es120_ph_anexo3_firmado.pdf;200;1358360;8b92706bd377e2977e553914f99f3214367bde6d734f0ea5dca2bbcf2a8b5a67;si;/plan_hidro.php
documento;https://www.aguasgrancanaria.com/pdfs/PlanHidro/ES120_PH_Anexo4_firmado.pdf;/pdfs/PlanHidro/ES120_PH_Anexo4_firmado.pdf;/documentos/pdfs/planhidro/es120_ph_anexo4_firmado.pdf;200;1685985;a082022f287455b5c476886356e4d0abdb059ab98e84ad854ddad0f1ecf9a733;si;/plan_hidro.php
documento;https://www.aguasgrancanaria.com/pdfs/PlanHidro/ES120_PH_PP-Memoria-completa.pdf;/pdfs/PlanHidro/ES120_PH_PP-Memoria-completa.pdf;/documentos/pdfs/planhidro/es120_ph_pp-memoria-completa.pdf;200;134733234;1d581ad55c390fa15a84e721ef52a86aeeb6739926d30bf2972f687617bbb056;si;/plan_hidro.php
documento;https://www.aguasgrancanaria.com/pdfs/PlanHidro/ES120_PLAN_GC_firmado.pdf;/pdfs/PlanHidro/ES120_PLAN_GC_firmado.pdf;/documentos/pdfs/planhidro/es120_plan_gc_firmado.pdf;200;22102163;86f26d5167085f3ff0a29933e6d7830bbcfc2985f28f79ff92cee836600647c4;si;/plan_hidro.php
documento;https://www.aguasgrancanaria.com/pdfs/PlanHidro/ES120-Normativa_3er_ciclo_Completa-AP.pdf;/pdfs/PlanHidro/ES120-Normativa_3er_ciclo_Completa-AP.pdf;/documentos/pdfs/planhidro/es120-normativa_3er_ciclo_completa-ap.pdf;200;35768248;ea19e4314b8b366d3d1f6be7c92ad6209eb5b8d1a1392f881c597cede01702bc;si;/plan_hidro.php
documento;https://www.aguasgrancanaria.com/pdfs/PlanHidro/ES120%20EAE%20PHGC_firmado.pdf;/pdfs/PlanHidro/ES120 EAE PHGC_firmado.pdf;/documentos/pdfs/planhidro/es120-eae-phgc_firmado.pdf;200;18536289;199a31d64628b5d70afd68ae6e7704cd454248772a6da825b1cfa9c5f8dff248;si;/plan_hidro.php
documento;https://www.aguasgrancanaria.com/pdfs/PlanHidro/EsquemaTemasImportantes.pdf;/pdfs/PlanHidro/EsquemaTemasImportantes.pdf;/documentos/pdfs/planhidro/esquematemasimportantes.pdf;200;3426881;a896389ad45888b85fae17d9a988d13de6aea84123db604aa021db456f87357c;si;/plan_hidro.php
documento;https://www.aguasgrancanaria.com/pdfs/PlanHidro/Norm_Adenda.pdf;/pdfs/PlanHidro/Norm_Adenda.pdf;/documentos/pdfs/planhidro/norm_adenda.pdf;200;259575;7efade71acbae4a5af7bd3332df31b89e428c2463ca9707974da6b39ae22a35f;si;/planhidro/art47/normativa.php
documento;https://www.aguasgrancanaria.com/pdfs/PlanHidro/Norm_Anexos.zip;/pdfs/PlanHidro/Norm_Anexos.zip;/documentos/pdfs/planhidro/norm_anexos.zip;200;10067309;ab80c720ff657c9bd66e426d598bf10a3294d45f965314c0fa18959e2e9b7cb2;si;/planhidro/art47/normativa.php
documento;https://www.aguasgrancanaria.com/pdfs/PlanHidro/Norm_Artic.pdf;/pdfs/PlanHidro/Norm_Artic.pdf;/documentos/pdfs/planhidro/norm_artic.pdf;200;2342169;39ee11cda8b7a4f393f6686ab2c280b01b511a6a683cdf54e5ba8f7b9a356e37;si;/planhidro/art47/normativa.php
documento;https://www.aguasgrancanaria.com/pdfs/PlanHidro/Norm_Medidas.pdf;/pdfs/PlanHidro/Norm_Medidas.pdf;/documentos/pdfs/planhidro/norm_medidas.pdf;200;10895147;8df983939d687f428fde72be5acae5c9d6b63250567cdcff3b14c462b0202d2d;si;/planhidro/art47/normativa.php
documento;https://www.aguasgrancanaria.com/pdfs/PlanHidro/Norm_Planos.zip;/pdfs/PlanHidro/Norm_Planos.zip;/documentos/pdfs/planhidro/norm_planos.zip;200;200283583;4cc35ae0b92112efe50a1162e39ae2b19f3820a255cbafcefa4560d7f3290cc8;si;/planhidro/art47/normativa.php
documento;https://www.aguasgrancanaria.com/pdfs/PlanHidro/OrdenConjuntafirmada221.pdf;/pdfs/PlanHidro/OrdenConjuntafirmada221.pdf;/documentos/pdfs/planhidro/ordenconjuntafirmada221.pdf;200;175702;bef163fe559db3d9bbb13084b319fba040ce288a6997f7097910d7e9f843a205;si;/plan_hidro.php
documento;https://www.aguasgrancanaria.com/pdfs/PlanHidro/PHart47_Anexo.pdf;/pdfs/PlanHidro/PHart47_Anexo.pdf;/documentos/pdfs/planhidro/phart47_anexo.pdf;200;64004444;ae351707ac8ff3e8c2e049551721ee01e32e532cb2457e0fe9336adfc287bdcd;si;/planhidro/art47/volumen1.php
documento;https://www.aguasgrancanaria.com/pdfs/PlanHidro/PHart47_Balance.pdf;/pdfs/PlanHidro/PHart47_Balance.pdf;/documentos/pdfs/planhidro/phart47_balance.pdf;200;6226279;7a8fe935b00345b880aef0e6e61c144ff9ae6e7e8c92c91dbc0d05d830a61a1b;si;/planhidro/art47/volumen2.php
documento;https://www.aguasgrancanaria.com/pdfs/PlanHidro/PHart47_MemInfo.pdf;/pdfs/PlanHidro/PHart47_MemInfo.pdf;/documentos/pdfs/planhidro/phart47_meminfo.pdf;200;33691228;5ed2588f84bcbf3bf35e21eda4064a57f9c6092487605692384ca368ba4d22c2;si;/planhidro/art47/volumen1.php
documento;https://www.aguasgrancanaria.com/pdfs/PlanHidro/PHart47_MemOrd.pdf;/pdfs/PlanHidro/PHart47_MemOrd.pdf;/documentos/pdfs/planhidro/phart47_memord.pdf;200;5510547;e946ce68c3922b86598aa7d4a7e07c84089f96e641acb5d0405417f8ebbd06e1;si;/planhidro/art47/volumen2.php
documento;https://www.aguasgrancanaria.com/pdfs/PlanHidro/PHart47_Particip.pdf;/pdfs/PlanHidro/PHart47_Particip.pdf;/documentos/pdfs/planhidro/phart47_particip.pdf;200;549134;bb9b2a4d0d31fab69ec7a483d7229efdb5237dcf2ef5ef8345db28afc923e8aa;si;/planhidro/art47/volumen1.php
documento;https://www.aguasgrancanaria.com/pdfs/PlanHidro/PHart47_PlanosInfo.zip;/pdfs/PlanHidro/PHart47_PlanosInfo.zip;/documentos/pdfs/planhidro/phart47_planosinfo.zip;200;378388092;6846ec3c20b0234eb92cee506f0fd6842dbf4038302f43e315a59b6718a9bb5e;si;/planhidro/art47/volumen1.php
documento;https://www.aguasgrancanaria.com/pdfs/PlanHidro/PHGC-DOC-INICIALES-rev01.3.pdf;/pdfs/PlanHidro/PHGC-DOC-INICIALES-rev01.3.pdf;/documentos/pdfs/planhidro/phgc-doc-iniciales-rev01.3.pdf;200;7926063;d0da8449e5604509f9bdbbd55e863decb64f3a1206d4dc9e91e8bd88e37cf1cc;si;/plan_hidro.php
documento;https://www.aguasgrancanaria.com/pdfs/PlanHidro/Resumen_INTEGRACION_ASPECTOS_AMB_DOC_ALCANCE_firmado.pdf;/pdfs/PlanHidro/Resumen_INTEGRACION_ASPECTOS_AMB_DOC_ALCANCE_firmado.pdf;/documentos/pdfs/planhidro/resumen_integracion_aspectos_amb_doc_alcance_firmado.pdf;200;890556;74c129a1082ee33c506dbaad9d01255cfa47ad17aa77279c86d02264f2422a11;si;/plan_hidro.php
documento;https://www.aguasgrancanaria.com/pdfs/Pluviometro/Pluviometria.xls;/pdfs/Pluviometro/Pluviometria.xls;/documentos/pdfs/pluviometro/pluviometria.xls;200;68608;6c0c18add819829c17fdb53a1448dfd8fc5ace9011ceb9ba74f16c2bdb0c4332;si;/pluviometros.php
documento;https://www.aguasgrancanaria.com/pdfs/Presas/Archivo/COMPROBACI%C3%93N%20NUM%C3%89RICA%20PRESA%20DE%20AYAGAURES.pdf;/pdfs/Presas/Archivo/COMPROBACIÓN NUMÉRICA PRESA DE AYAGAURES.pdf;/documentos/pdfs/presas/archivo/comprobacion-numerica-presa-de-ayagaures.pdf;200;34192254;246ce4fa3810a4fb084fd0ddc90322aedbfcadd835fc2f73907869134009bd27;si;/presas/archivo.php
documento;https://www.aguasgrancanaria.com/pdfs/Presas/Archivo/COMPROBACI%C3%93N%20NUM%C3%89RICA%20PRESA%20DE%20CHIRA.pdf;/pdfs/Presas/Archivo/COMPROBACIÓN NUMÉRICA PRESA DE CHIRA.pdf;/documentos/pdfs/presas/archivo/comprobacion-numerica-presa-de-chira.pdf;200;3724064;5e389990e847400293044ec6182753f8e619441687aae935cc4fe9a00abcdaba;si;/presas/archivo.php
documento;https://www.aguasgrancanaria.com/pdfs/Presas/Archivo/COMPROBACI%C3%93N%20NUM%C3%89RICA%20PRESA%20DE%20FATAGA.pdf;/pdfs/Presas/Archivo/COMPROBACIÓN NUMÉRICA PRESA DE FATAGA.pdf;/documentos/pdfs/presas/archivo/comprobacion-numerica-presa-de-fataga.pdf;200;28578098;b5f0111919a98e9bef0e6665fa7cabdd089e28bbc53e133a9bf25897f19872dd;si;/presas/archivo.php
documento;https://www.aguasgrancanaria.com/pdfs/Presas/Archivo/COMPROBACI%C3%93N%20NUM%C3%89RICA%20PRESA%20DE%20SORIA.pdf;/pdfs/Presas/Archivo/COMPROBACIÓN NUMÉRICA PRESA DE SORIA.pdf;/documentos/pdfs/presas/archivo/comprobacion-numerica-presa-de-soria.pdf;200;4332473;80e102dc8ee2c3c6366c67eb2d08cac11a92f2bf2030f8b9460a8a1645057c60;si;/presas/archivo.php
documento;https://www.aguasgrancanaria.com/pdfs/Presas/Archivo/COMPROBACI%C3%93N%20NUM%C3%89RICA%20PRESA%20EL%20MULATO.pdf;/pdfs/Presas/Archivo/COMPROBACIÓN NUMÉRICA PRESA EL MULATO.pdf;/documentos/pdfs/presas/archivo/comprobacion-numerica-presa-el-mulato.pdf;200;24866100;6d3242ac09d8c750820c1d91ed38383bb59c80e83af148bc3ca36584a3554298;si;/presas/archivo.php
documento;https://www.aguasgrancanaria.com/pdfs/Presas/Archivo/COMPROBACI%C3%93N%20NUM%C3%89RICA%20PRESA%20EL%20VAQUERO.pdf;/pdfs/Presas/Archivo/COMPROBACIÓN NUMÉRICA PRESA EL VAQUERO.pdf;/documentos/pdfs/presas/archivo/comprobacion-numerica-presa-el-vaquero.pdf;200;28017869;d18680d2aeb349ae0e11ae642e48d736ef0666fa42f5b971dea75fabfb694ef0;si;/presas/archivo.php
documento;https://www.aguasgrancanaria.com/pdfs/Presas/Archivo/COMPROBACI%C3%93N%20NUM%C3%89RICA%20PRESA%20LA%20CANDELARIA.pdf;/pdfs/Presas/Archivo/COMPROBACIÓN NUMÉRICA PRESA LA CANDELARIA.pdf;/documentos/pdfs/presas/archivo/comprobacion-numerica-presa-la-candelaria.pdf;200;26298693;9e7e204d8d003adc0aa9bf537135826450ef69f77837475b82e07c92ae0911c3;si;/presas/archivo.php
documento;https://www.aguasgrancanaria.com/pdfs/Presas/Archivo/COMPROBACI%C3%93N%20NUM%C3%89RICA%20PRESA%20LA%20GAMBUESA.pdf;/pdfs/Presas/Archivo/COMPROBACIÓN NUMÉRICA PRESA LA GAMBUESA.pdf;/documentos/pdfs/presas/archivo/comprobacion-numerica-presa-la-gambuesa.pdf;200;37698932;a6b147438317024513a9496f3b7c550428ce5daaf150f5577c7e975a0f3bfc73;si;/presas/archivo.php
documento;https://www.aguasgrancanaria.com/pdfs/Presas/Listado/CentralReversible.pdf;/pdfs/Presas/Listado/CentralReversible.pdf;/documentos/pdfs/presas/listado/centralreversible.pdf;200;263386;a9960e8b74dd80c5c8332ac599c72c5cc0d86348f52a9d74d39fa5e8ac592e1a;si;/presas/ubicacion_presas.php
documento;https://www.aguasgrancanaria.com/pdfs/Presas/Listado/CentralreversibleChira-Soria.ppt;/pdfs/Presas/Listado/CentralreversibleChira-Soria.ppt;/documentos/pdfs/presas/listado/centralreversiblechira-soria.ppt;200;18180608;c7534a5c9e34125060788d60679995d7bd3bec5f4cacd89c5447972116bfa315;si;/presas/ubicacion_presas.php
documento;https://www.aguasgrancanaria.com/pdfs/Presas/Listado/DiariodeLasPalmas-Toscon.pdf;/pdfs/Presas/Listado/DiariodeLasPalmas-Toscon.pdf;/documentos/pdfs/presas/listado/diariodelaspalmas-toscon.pdf;200;652558;a038a9318d315b7c30745d97313363d8188442f60869cf710f4742ea75fec966;si;/presas/ubicacion_presas.php
documento;https://www.aguasgrancanaria.com/pdfs/Presas/Listado/GrandesPresas.pdf;/pdfs/Presas/Listado/GrandesPresas.pdf;/documentos/pdfs/presas/listado/grandespresas.pdf;200;24215693;cbff6fd9ed2c2a08097c29c5e18425a8a54bdfbee81afd73ebeacb3560271472;si;/presas/ubicacion_presas.php
documento;https://www.aguasgrancanaria.com/pdfs/Presas/Listado/LibroPresasdeGranCanaria-2005.pdf;/pdfs/Presas/Listado/LibroPresasdeGranCanaria-2005.pdf;/documentos/pdfs/presas/listado/libropresasdegrancanaria-2005.pdf;200;178953704;f691759b8fa2e91e50c2b599481d59299f1e86901881e995c9c45e9b38e2c224;si;/presas/ubicacion_presas.php
documento;https://www.aguasgrancanaria.com/pdfs/Presas/Listado/PequePresas.pdf;/pdfs/Presas/Listado/PequePresas.pdf;/documentos/pdfs/presas/listado/pequepresas.pdf;200;37449895;16df9751ae7962857c0432cf0caa451911ba2dc058ea984c99f53cf8020b147f;si;/presas/ubicacion_presas.php
documento;https://www.aguasgrancanaria.com/pdfs/Presas/Volumenes/20210930.pdf;/pdfs/Presas/Volumenes/20210930.pdf;/documentos/pdfs/presas/volumenes/20210930.pdf;200;246611;c3f3f20186f11c1103ad601c9f63b5bde3f860602bfae39d14783fcc8bbc7724;si;/presas/volumenes.php
documento;https://www.aguasgrancanaria.com/pdfs/Presas/Volumenes/20211031.pdf;/pdfs/Presas/Volumenes/20211031.pdf;/documentos/pdfs/presas/volumenes/20211031.pdf;200;246388;029bd04fbd184de63212e7b2686e5955c09aeadcf67a7d3bdecb265e4b43cea5;si;/presas/volumenes.php
documento;https://www.aguasgrancanaria.com/pdfs/Presas/Volumenes/2023.pdf;/pdfs/Presas/Volumenes/2023.pdf;/documentos/pdfs/presas/volumenes/2023.pdf;200;816640;9dc1889af8f0535f6e54db23cae1267749e19e4c69fdf866be5a1b3d86c30567;no;/presas/volumenes.php
documento;https://www.aguasgrancanaria.com/pdfs/Presas/Volumenes/2024.pdf;/pdfs/Presas/Volumenes/2024.pdf;/documentos/pdfs/presas/volumenes/2024.pdf;200;594108;894c2d95c700f0446ec61e3ff740d845d22f1d0d1ea1181cbca720931c036209;no;/presas/volumenes.php
documento;https://www.aguasgrancanaria.com/pdfs/Presas/Volumenes/2025.xlsx;/pdfs/Presas/Volumenes/2025.xlsx;/documentos/pdfs/presas/volumenes/2025.xlsx;200;74797;3dfee3031f0112c22c7aa4a9b3bf3021b44689e08aa2804413bed5027de89a0f;no;/ | /presas/volumenes.php
documento;https://www.aguasgrancanaria.com/pdfs/Presas/Volumenes/2026.xlsx;/pdfs/Presas/Volumenes/2026.xlsx;/documentos/pdfs/presas/volumenes/2026.xlsx;200;78635;3ba1aad86cdce6af843c0fb8239e6a2728a3713e55416ca4e8415ada963b5237;no;/ | /presas/volumenes.php
documento;https://www.aguasgrancanaria.com/pdfs/Privacidad/1.InformacionProtecciondeDatos.pdf;/pdfs/Privacidad/1.InformacionProtecciondeDatos.pdf;/documentos/pdfs/privacidad/1.informacionprotecciondedatos.pdf;200;510662;d5419e05ae94344721078e82b5d522b28ea8c625f17333ffa75124fe67eabe92;si;/privacidad.php
documento;https://www.aguasgrancanaria.com/pdfs/Privacidad/2.DerechosProtecciondeDatos.pdf;/pdfs/Privacidad/2.DerechosProtecciondeDatos.pdf;/documentos/pdfs/privacidad/2.derechosprotecciondedatos.pdf;200;453485;f1348d17ffca356123b3fb79cf947a1a43c2f31a2b97ba490e202bb4530de8da;si;/privacidad.php
documento;https://www.aguasgrancanaria.com/pdfs/Privacidad/3.RegistrodeActividades.pdf;/pdfs/Privacidad/3.RegistrodeActividades.pdf;/documentos/pdfs/privacidad/3.registrodeactividades.pdf;200;442253;a824cd200a0523b8999ea5c339fdfab54b0907bb91e9084f45f1724d8dd33998;si;/privacidad.php
documento;https://www.aguasgrancanaria.com/pdfs/Privacidad/4.DelegadoProtecciondeDatos.pdf;/pdfs/Privacidad/4.DelegadoProtecciondeDatos.pdf;/documentos/pdfs/privacidad/4.delegadoprotecciondedatos.pdf;200;446581;bf29a54a4dd1c12a2a9e01fac2a033a18c8d0a99886ffe2194693effb02148db;si;/privacidad.php
documento;https://www.aguasgrancanaria.com/pdfs/RedControl/analisis_quimicos.pdf;/pdfs/RedControl/analisis_quimicos.pdf;/documentos/pdfs/redcontrol/analisis_quimicos.pdf;200;3886547;e2bcb9f94779ab307f136a78c13b16ec01a0a8a378e665d34ec73ed4bfa3412e;si;/red_control.php
documento;https://www.aguasgrancanaria.com/pdfs/RedControl/CotaAgua2009.pdf;/pdfs/RedControl/CotaAgua2009.pdf;/documentos/pdfs/redcontrol/cotaagua2009.pdf;200;293203;fb0842cc5dc687002f31444890c5027b65813f32ef0d8d30ea6157ad2f1e3aff;si;/red_control.php
documento;https://www.aguasgrancanaria.com/pdfs/RedControl/PiezometriaporDecada.pdf;/pdfs/RedControl/PiezometriaporDecada.pdf;/documentos/pdfs/redcontrol/piezometriapordecada.pdf;200;62871;c05d28914126c1e744f1ad408431f90e558c0b10055e7a84df4ac708c04a1653;si;/red_control.php
documento;https://www.aguasgrancanaria.com/pdfs/RedControl/ProfundidadAgua2009.pdf;/pdfs/RedControl/ProfundidadAgua2009.pdf;/documentos/pdfs/redcontrol/profundidadagua2009.pdf;200;294236;30c347d2c0518b6184557c70bd1dc35c87f8ffbdf698d6cf50fc8135a39a197f;si;/red_control.php
documento;https://www.aguasgrancanaria.com/pdfs/Servicios/Depuradora_Jinamar.pdf;/pdfs/Servicios/Depuradora_Jinamar.pdf;/documentos/pdfs/servicios/depuradora_jinamar.pdf;200;601457;1e476c15f9959307a6f75287e2050016a5dd21426d8660e291cd973a4542ff05;si;/servicios/documento.php | /servicios/tarifa.php | /servicios/tarifas.php
documento;https://www.aguasgrancanaria.com/pdfs/Servicios/Nuevo_Precio_Presas.pdf;/pdfs/Servicios/Nuevo_Precio_Presas.pdf;/documentos/pdfs/servicios/nuevo_precio_presas.pdf;200;47879;f2492d3148c0566a8639343e6b082c66d5ee32609838366cf6c654b8ef9a9784;si;/servicios/tarifa.php | /servicios/tarifas.php
documento;https://www.aguasgrancanaria.com/pdfs/Servicios/OrdenanzasFiscales.pdf;/pdfs/Servicios/OrdenanzasFiscales.pdf;/documentos/pdfs/servicios/ordenanzasfiscales.pdf;200;107189;01f492e23cb36081437e234f0c1267ca727b93d63be2146bac32694cd721af06;si;/servicios/tarifa.php | /servicios/tarifas.php
documento;https://www.aguasgrancanaria.com/pdfs/Servicios/PreciosAgua_20150323.pdf;/pdfs/Servicios/PreciosAgua_20150323.pdf;/documentos/pdfs/servicios/preciosagua_20150323.pdf;200;691457;3e563f18bfc3ea302d44d58bcb3252da3ed32c4100a0ad18ed0863552530c433;si;/servicios/tarifas.php
documento;https://www.aguasgrancanaria.com/pdfs/Servicios/PreciosAgua.pdf;/pdfs/Servicios/PreciosAgua.pdf;/documentos/pdfs/servicios/preciosagua.pdf;200;203728;f6d4da8796b5c24f35bf47ac31c5c070d2f4db78c475806688ea823b54136c3a;si;/servicios/tarifa.php | /servicios/tarifas.php
documento;https://www.aguasgrancanaria.com/pdfs/Subvenciones/Suvb_Cartel.pdf;/pdfs/Subvenciones/Suvb_Cartel.pdf;/documentos/pdfs/subvenciones/suvb_cartel.pdf;200;143180;67917d23f625500823b43273ed2b57fd18e3edc06716d7641abcbcbbd1e26d41;si;/subvenciones.php
documento;https://www.aguasgrancanaria.com/pdfs/Subvenciones/Suvb_MEMORIA.pdf;/pdfs/Subvenciones/Suvb_MEMORIA.pdf;/documentos/pdfs/subvenciones/suvb_memoria.pdf;200;256645;63f9b3fa3b6fab108012e285b75c844cd8aed51624994f4e45c1329e12d729ef;si;/subvenciones.php
documento;https://www.aguasgrancanaria.com/pdfs/Transparencia/2019_Convenio_Medianias_Ingenio.pdf;/pdfs/Transparencia/2019_Convenio_Medianias_Ingenio.pdf;/documentos/pdfs/transparencia/2019_convenio_medianias_ingenio.pdf;200;1852110;3f67d159443d64a45ff4614151c03d47ff97d00d6c4aeed0933412ae4fdcfe5c;si;/convenio.php
documento;https://www.aguasgrancanaria.com/pdfs/Transparencia/2019_ConvenioFULPfirmado.pdf;/pdfs/Transparencia/2019_ConvenioFULPfirmado.pdf;/documentos/pdfs/transparencia/2019_conveniofulpfirmado.pdf;200;6130975;edfa48389e62989e6652f58ae5e40d5f81683b69167a9635719ee72044c21074;si;/convenio.php
documento;https://www.aguasgrancanaria.com/pdfs/Transparencia/2019_Resolucion_AguaRiego.pdf;/pdfs/Transparencia/2019_Resolucion_AguaRiego.pdf;/documentos/pdfs/transparencia/2019_resolucion_aguariego.pdf;200;198354;2e045f017ffc86cdce11ec7f0d5e1bf488f64d72f0fba7ac920284304a741c16;si;/ayudas.php
documento;https://www.aguasgrancanaria.com/pdfs/Transparencia/2019_Subvencion_AguaRiego.pdf;/pdfs/Transparencia/2019_Subvencion_AguaRiego.pdf;/documentos/pdfs/transparencia/2019_subvencion_aguariego.pdf;200;520647;cfb9e3656bae4360b93f0e67844f1711fd67844eedbbbd4de213a71b0cf2fbee;si;/ayudas.php
documento;https://www.aguasgrancanaria.com/pdfs/Transparencia/2019-acreditacion.pdf;/pdfs/Transparencia/2019-acreditacion.pdf;/documentos/pdfs/transparencia/2019-acreditacion.pdf;200;763946;402d8741491128ffe2051d856192a12b4c089a72999dfa14554ecaf752c164bd;si;/fomento.php
documento;https://www.aguasgrancanaria.com/pdfs/Transparencia/2019-Encomiendas.ods;/pdfs/Transparencia/2019-Encomiendas.ods;/documentos/pdfs/transparencia/2019-encomiendas.ods;200;56135;895b689088be10e6c44acc4a91c387ad7f6467897b072c28524ee6f8dcdd3e48;si;/convenio.php
documento;https://www.aguasgrancanaria.com/pdfs/Transparencia/2019-Encomiendas.xlsx;/pdfs/Transparencia/2019-Encomiendas.xlsx;/documentos/pdfs/transparencia/2019-encomiendas.xlsx;200;63535;15d8943da15edb4e892122a7d61f87f66e5e0dd6bc900850d9aa620fb6efcf95;si;/convenio.php
documento;https://www.aguasgrancanaria.com/pdfs/Transparencia/2020_No_convenios.pdf;/pdfs/Transparencia/2020_No_convenios.pdf;/documentos/pdfs/transparencia/2020_no_convenios.pdf;200;463348;5caa768e69f87d62880a1c8d8fb377819ce6f731b2d566a94676dba86d6eb7e4;si;/convenio.php
documento;https://www.aguasgrancanaria.com/pdfs/Transparencia/2020_Resolucion_AguaRiego.pdf;/pdfs/Transparencia/2020_Resolucion_AguaRiego.pdf;/documentos/pdfs/transparencia/2020_resolucion_aguariego.pdf;200;184772;ba4e74081ef360e45e4bc310178bfdeca905216a4224873fc172e0dc27ff05c3;si;/ayudas.php
documento;https://www.aguasgrancanaria.com/pdfs/Transparencia/2020_Subvencionn_AguaRiego.pdf;/pdfs/Transparencia/2020_Subvencionn_AguaRiego.pdf;/documentos/pdfs/transparencia/2020_subvencionn_aguariego.pdf;200;1160194;2d6dc9d8842e3d7dcff35b9ae62f5cdc643377a99f909b012e5b04e3e5deb30a;si;/ayudas.php
documento;https://www.aguasgrancanaria.com/pdfs/Transparencia/2020-Encomiendas.ods;/pdfs/Transparencia/2020-Encomiendas.ods;/documentos/pdfs/transparencia/2020-encomiendas.ods;200;56214;eacd5e67ae3c368c85fa88524ebbea96f75cdb42ece93e2f9f2683c8f04027f6;si;/convenio.php
documento;https://www.aguasgrancanaria.com/pdfs/Transparencia/2020-Encomiendas.xlsx;/pdfs/Transparencia/2020-Encomiendas.xlsx;/documentos/pdfs/transparencia/2020-encomiendas.xlsx;200;63541;a98b0dd89144ee6c70fc491becd9635d28ab518792910fecc819737ccdc65214;si;/convenio.php
documento;https://www.aguasgrancanaria.com/pdfs/Transparencia/2021_No_convenios.pdf;/pdfs/Transparencia/2021_No_convenios.pdf;/documentos/pdfs/transparencia/2021_no_convenios.pdf;200;245819;107a17162b80e68524d43f27eb46fd65d71c457ef9e48da3b4a2383451adc3fc;si;/convenio.php
documento;https://www.aguasgrancanaria.com/pdfs/Transparencia/2021_PLAN_SUBVENCIONES.pdf;/pdfs/Transparencia/2021_PLAN_SUBVENCIONES.pdf;/documentos/pdfs/transparencia/2021_plan_subvenciones.pdf;200;200769;ba58aadc32fa5d6483d7c742dfa538dae012958eb23d52e0f18e30956489861b;si;/ayudas.php
documento;https://www.aguasgrancanaria.com/pdfs/Transparencia/2021_Subvencion_AguaRiego.pdf;/pdfs/Transparencia/2021_Subvencion_AguaRiego.pdf;/documentos/pdfs/transparencia/2021_subvencion_aguariego.pdf;200;17343017;ce2d45c9a6440726e5bcb7012236f2f816c5ab6c73e1abe0fa17581722a0a3aa;si;/ayudas.php
documento;https://www.aguasgrancanaria.com/pdfs/Transparencia/2021-Encomiendas.ods;/pdfs/Transparencia/2021-Encomiendas.ods;/documentos/pdfs/transparencia/2021-encomiendas.ods;200;56779;a32db90d767ad629be677de46981d090f2df80b3526e63618bc17e1252668b72;si;/convenio.php
documento;https://www.aguasgrancanaria.com/pdfs/Transparencia/2021-Encomiendas.xlsx;/pdfs/Transparencia/2021-Encomiendas.xlsx;/documentos/pdfs/transparencia/2021-encomiendas.xlsx;200;63959;5ed05aacefc3f26b7e241016437a313b4372b0023295d2746231060fbc858b94;si;/convenio.php
documento;https://www.aguasgrancanaria.com/pdfs/Transparencia/2022_PLAN_SUBVENCIONES.pdf;/pdfs/Transparencia/2022_PLAN_SUBVENCIONES.pdf;/documentos/pdfs/transparencia/2022_plan_subvenciones.pdf;200;4794833;81423e36263bb65b000122b0c7bb6033c3ec1cca983c7a0c5b2ab84ea0ca081b;si;/ayudas.php
documento;https://www.aguasgrancanaria.com/pdfs/Transparencia/2022_Subvencion_AguaRiego.pdf;/pdfs/Transparencia/2022_Subvencion_AguaRiego.pdf;/documentos/pdfs/transparencia/2022_subvencion_aguariego.pdf;200;338341;5df3a533351cc7a34f11c9bd0b51fb3b30eaa2cdefbb1551377ddfa18694d35a;si;/ayudas.php
documento;https://www.aguasgrancanaria.com/pdfs/Transparencia/2022-Encomiendas.ods;/pdfs/Transparencia/2022-Encomiendas.ods;/documentos/pdfs/transparencia/2022-encomiendas.ods;200;56851;3d952cbd9b98e460e4849464edb6fc3071974eb0b06a6935955091c34646e150;si;/convenio.php
documento;https://www.aguasgrancanaria.com/pdfs/Transparencia/2022-Encomiendas.xlsx;/pdfs/Transparencia/2022-Encomiendas.xlsx;/documentos/pdfs/transparencia/2022-encomiendas.xlsx;200;64046;5c520fc8f855f74a0b48ccf86cde2288b4277c85bb7e41c7d697616cf185781a;si;/convenio.php
documento;https://www.aguasgrancanaria.com/pdfs/Transparencia/2023_PLAN_SUBVENCIONES.pdf;/pdfs/Transparencia/2023_PLAN_SUBVENCIONES.pdf;/documentos/pdfs/transparencia/2023_plan_subvenciones.pdf;200;238270;3fe32d968db3146a65af09da721492fc8eb2f7d048076b8d9cdaa315fca53f2a;si;/ayudas.php
documento;https://www.aguasgrancanaria.com/pdfs/Transparencia/2023_Subvencion_AguaRiego.ods;/pdfs/Transparencia/2023_Subvencion_AguaRiego.ods;/documentos/pdfs/transparencia/2023_subvencion_aguariego.ods;200;17537;85c27d967ce417453113358abc32e22a4a68550c38b15db8377ee195497e9268;si;/ayudas.php
documento;https://www.aguasgrancanaria.com/pdfs/Transparencia/2023_Subvencion_AguaRiego.pdf;/pdfs/Transparencia/2023_Subvencion_AguaRiego.pdf;/documentos/pdfs/transparencia/2023_subvencion_aguariego.pdf;200;181740;4fea32dbd6f7aeb7314c6fb60c5d353b50a03de9ee22d69fcb29f78a31ddfb1a;si;/ayudas.php
documento;https://www.aguasgrancanaria.com/pdfs/Transparencia/2023_Subvencion_AguaRiego.xlsx;/pdfs/Transparencia/2023_Subvencion_AguaRiego.xlsx;/documentos/pdfs/transparencia/2023_subvencion_aguariego.xlsx;200;29334;1019557ea2874f48af812f31afd761147d59eafdb75185263ce9d2602cb54000;si;/ayudas.php
documento;https://www.aguasgrancanaria.com/pdfs/Transparencia/2023-Encomiendas.ods;/pdfs/Transparencia/2023-Encomiendas.ods;/documentos/pdfs/transparencia/2023-encomiendas.ods;200;56774;0816f3bd98c8dd8fb126ed1c4389779e3630982d41d63c0c92d28b967ecc0e3b;si;/convenio.php
documento;https://www.aguasgrancanaria.com/pdfs/Transparencia/2023-Encomiendas.xlsx;/pdfs/Transparencia/2023-Encomiendas.xlsx;/documentos/pdfs/transparencia/2023-encomiendas.xlsx;200;64021;22062405e06f50fb75e7094912bc72f93af4537ce22ee8dda1e1df413a10d15a;si;/convenio.php
documento;https://www.aguasgrancanaria.com/pdfs/Transparencia/2024_Concesiones.ods;/pdfs/Transparencia/2024_Concesiones.ods;/documentos/pdfs/transparencia/2024_concesiones.ods;200;56671;ef1cd40d50e0823f1bbd01252c47da4c05d402a158f60d74ca4e604854fe47b9;si;/ayudas.php
documento;https://www.aguasgrancanaria.com/pdfs/Transparencia/2024_Concesiones.xlsx;/pdfs/Transparencia/2024_Concesiones.xlsx;/documentos/pdfs/transparencia/2024_concesiones.xlsx;200;63718;74098b1b29cbbd1f22a12a1f5020265669f9958ea9bd788f35c1c5599a4b3fe2;si;/ayudas.php
documento;https://www.aguasgrancanaria.com/pdfs/Transparencia/2024_ConvenioULPGCfirmado.pdf;/pdfs/Transparencia/2024_ConvenioULPGCfirmado.pdf;/documentos/pdfs/transparencia/2024_convenioulpgcfirmado.pdf;200;286983;de0a901b4ad7dc8e8f973ecbffc4d1e7b90920afdb42eb2e35509e5a253f1d47;si;/convenio.php
documento;https://www.aguasgrancanaria.com/pdfs/Transparencia/2024_Subvencion_AguaRiego.ods;/pdfs/Transparencia/2024_Subvencion_AguaRiego.ods;/documentos/pdfs/transparencia/2024_subvencion_aguariego.ods;200;10839;525f0b3694379185a023bc5504a2a2a4908f6490201c55bdee816cf63a0dfa78;si;/ayudas.php
documento;https://www.aguasgrancanaria.com/pdfs/Transparencia/2024_Subvencion_AguaRiego.pdf;/pdfs/Transparencia/2024_Subvencion_AguaRiego.pdf;/documentos/pdfs/transparencia/2024_subvencion_aguariego.pdf;200;156747;e61b69342dc018a0932fa32bbf82e898576bb66a9a9343c731064fa199f88910;si;/ayudas.php
documento;https://www.aguasgrancanaria.com/pdfs/Transparencia/2024_Subvencion_AguaRiego.xlsx;/pdfs/Transparencia/2024_Subvencion_AguaRiego.xlsx;/documentos/pdfs/transparencia/2024_subvencion_aguariego.xlsx;200;18530;2a01a1adbe443f2d4673f6efac14dd831886c932528298e818a160a2d3e154f5;si;/ayudas.php
documento;https://www.aguasgrancanaria.com/pdfs/Transparencia/2024-Convenio_PERTE_BOC.pdf;/pdfs/Transparencia/2024-Convenio_PERTE_BOC.pdf;/documentos/pdfs/transparencia/2024-convenio_perte_boc.pdf;200;266506;b313020f8562aedad39194403048dcdba0cd9dc888ebfe66543a1bc50136f62e;si;/convenio.php
documento;https://www.aguasgrancanaria.com/pdfs/Transparencia/2024-Encomiendas.ods;/pdfs/Transparencia/2024-Encomiendas.ods;/documentos/pdfs/transparencia/2024-encomiendas.ods;200;56750;a869d6f89295f99c461583fae2d5d65593a9ad7e9be7b0df3f894b0fa630f330;si;/convenio.php
documento;https://www.aguasgrancanaria.com/pdfs/Transparencia/2024-Encomiendas.xlsx;/pdfs/Transparencia/2024-Encomiendas.xlsx;/documentos/pdfs/transparencia/2024-encomiendas.xlsx;200;64054;06c838e0bf4fddacefe6c94d820b52d756d6b799c3574b4eb3408267af1b2157;si;/convenio.php
documento;https://www.aguasgrancanaria.com/pdfs/Transparencia/2024-Modificados.ods;/pdfs/Transparencia/2024-Modificados.ods;/documentos/pdfs/transparencia/2024-modificados.ods;200;56288;b23bc28753d64465ab22ac98bc2ce9d425c3bca3c1409f3527104ad232f002ab;si;/perfil_con.php
documento;https://www.aguasgrancanaria.com/pdfs/Transparencia/2024-Modificados.xlsx;/pdfs/Transparencia/2024-Modificados.xlsx;/documentos/pdfs/transparencia/2024-modificados.xlsx;200;63629;1080f21bf07a74f93569ac60a512ed98db9916c989b91fb8c0f8e0d60db802bc;si;/perfil_con.php
documento;https://www.aguasgrancanaria.com/pdfs/Transparencia/20241018%20RPT%20CIAGC%202024.ods;/pdfs/Transparencia/20241018 RPT CIAGC 2024.ods;/documentos/pdfs/transparencia/20241018-rpt-ciagc-2024.ods;300;;;si;/empleados.php
documento;https://www.aguasgrancanaria.com/pdfs/Transparencia/20241018%20RPT%20CIAGC%202024.pdf;/pdfs/Transparencia/20241018 RPT CIAGC 2024.pdf;/documentos/pdfs/transparencia/20241018-rpt-ciagc-2024.pdf;200;313066;f45a7c02ba260719919bb396f26434e8ec65875618f8ee4c844b85977b6a9512;si;/empleados.php
documento;https://www.aguasgrancanaria.com/pdfs/Transparencia/20241018%20RPT%20CIAGC%202024.txt;/pdfs/Transparencia/20241018 RPT CIAGC 2024.txt;/documentos/pdfs/transparencia/20241018-rpt-ciagc-2024.txt;200;24675;97bc1cec68ea07a762af73a961734c845fa8bc7bae7c2c678aed2c9a6ec455de;no;/empleados.php
documento;https://www.aguasgrancanaria.com/pdfs/Transparencia/20241018%20RPT%20CIAGC%202024.xlsx;/pdfs/Transparencia/20241018 RPT CIAGC 2024.xlsx;/documentos/pdfs/transparencia/20241018-rpt-ciagc-2024.xlsx;300;;;si;/empleados.php
documento;https://www.aguasgrancanaria.com/pdfs/Transparencia/acceso.pdf;/pdfs/Transparencia/acceso.pdf;/documentos/pdfs/transparencia/acceso.pdf;200;371036;1695aab36455948c0621098f2e67fa6aca9801b950fa82e86f4ac05c04dcf74d;si;/transparencia.php
documento;https://www.aguasgrancanaria.com/pdfs/Transparencia/actividades_economicas_2023.ods;/pdfs/Transparencia/actividades_economicas_2023.ods;/documentos/pdfs/transparencia/actividades_economicas_2023.ods;404;;;si;/presupuesto.php
documento;https://www.aguasgrancanaria.com/pdfs/Transparencia/actividades_economicas_2023.pdf;/pdfs/Transparencia/actividades_economicas_2023.pdf;/documentos/pdfs/transparencia/actividades_economicas_2023.pdf;404;;;si;/presupuesto.php
documento;https://www.aguasgrancanaria.com/pdfs/Transparencia/actividades_economicas_2023.xlsx;/pdfs/Transparencia/actividades_economicas_2023.xlsx;/documentos/pdfs/transparencia/actividades_economicas_2023.xlsx;404;;;si;/presupuesto.php
documento;https://www.aguasgrancanaria.com/pdfs/Transparencia/actividades_economicas_2024.ods;/pdfs/Transparencia/actividades_economicas_2024.ods;/documentos/pdfs/transparencia/actividades_economicas_2024.ods;404;;;si;/presupuesto.php
documento;https://www.aguasgrancanaria.com/pdfs/Transparencia/actividades_economicas_2024.xlsx;/pdfs/Transparencia/actividades_economicas_2024.xlsx;/documentos/pdfs/transparencia/actividades_economicas_2024.xlsx;404;;;si;/presupuesto.php
documento;https://www.aguasgrancanaria.com/pdfs/Transparencia/arrendamiento_inmuebles_2023.ods;/pdfs/Transparencia/arrendamiento_inmuebles_2023.ods;/documentos/pdfs/transparencia/arrendamiento_inmuebles_2023.ods;404;;;si;/presupuesto.php
documento;https://www.aguasgrancanaria.com/pdfs/Transparencia/arrendamiento_inmuebles_2023.xlsx;/pdfs/Transparencia/arrendamiento_inmuebles_2023.xlsx;/documentos/pdfs/transparencia/arrendamiento_inmuebles_2023.xlsx;404;;;si;/presupuesto.php
documento;https://www.aguasgrancanaria.com/pdfs/Transparencia/Auditoria_cuentas_2023.ods;/pdfs/Transparencia/Auditoria_cuentas_2023.ods;/documentos/pdfs/transparencia/auditoria_cuentas_2023.ods;404;;;si;/presupuesto.php
documento;https://www.aguasgrancanaria.com/pdfs/Transparencia/Auditoria_cuentas_2023.xlsx;/pdfs/Transparencia/Auditoria_cuentas_2023.xlsx;/documentos/pdfs/transparencia/auditoria_cuentas_2023.xlsx;404;;;si;/presupuesto.php
documento;https://www.aguasgrancanaria.com/pdfs/Transparencia/Auxilios2019_Resolucion.pdf;/pdfs/Transparencia/Auxilios2019_Resolucion.pdf;/documentos/pdfs/transparencia/auxilios2019_resolucion.pdf;200;5187707;8f16864ea55b92a3d4136383a313dac915afe72e31ef94f9379a06d58ba0cb83;si;/ayudas.php
documento;https://www.aguasgrancanaria.com/pdfs/Transparencia/Auxilios2019.pdf;/pdfs/Transparencia/Auxilios2019.pdf;/documentos/pdfs/transparencia/auxilios2019.pdf;200;65576;992a11cd2d3f9171f5b91044e9c6b5049865fd7c25ec0004cee89a420c2b055e;si;/ayudas.php
documento;https://www.aguasgrancanaria.com/pdfs/Transparencia/Auxilios2020.pdf;/pdfs/Transparencia/Auxilios2020.pdf;/documentos/pdfs/transparencia/auxilios2020.pdf;200;16230406;865ba5093c5b7c8edeed781d1320e4edd67a73f48abaea2ce646c1e5045254aa;si;/ayudas.php
documento;https://www.aguasgrancanaria.com/pdfs/Transparencia/Balance-2023.ods;/pdfs/Transparencia/Balance-2023.ods;/documentos/pdfs/transparencia/balance-2023.ods;200;11940;c68ab4c7b71b79a3440c16f6f57a0d91fa7f9acdb325181c4858b27716174517;si;/presupuesto.php
documento;https://www.aguasgrancanaria.com/pdfs/Transparencia/Balance-2023.pdf;/pdfs/Transparencia/Balance-2023.pdf;/documentos/pdfs/transparencia/balance-2023.pdf;300;;;si;/presupuesto.php
documento;https://www.aguasgrancanaria.com/pdfs/Transparencia/Balance-2023.xlsx;/pdfs/Transparencia/Balance-2023.xlsx;/documentos/pdfs/transparencia/balance-2023.xlsx;200;16401;3dfbde916e2ff220544feafcf08579a5297c61eb31b35a60a6e25a7e88234d8c;si;/presupuesto.php
documento;https://www.aguasgrancanaria.com/pdfs/Transparencia/Bases_Convocatoria.pdf;/pdfs/Transparencia/Bases_Convocatoria.pdf;/documentos/pdfs/transparencia/bases_convocatoria.pdf;200;736487;903bead494202017a8a55f65ac670a75f40bc7dc483c2cc701b1617d41d41c91;si;/ayudas.php
documento;https://www.aguasgrancanaria.com/pdfs/Transparencia/boc-a-2024-259-4424.pdf;/pdfs/Transparencia/boc-a-2024-259-4424.pdf;/documentos/pdfs/transparencia/boc-a-2024-259-4424.pdf;200;181516;c5d51e7a35d360e7244f8160078e53bb94644f06132a1c66a4c58eb2fa018e06;si;/ayudas.php
documento;https://www.aguasgrancanaria.com/pdfs/Transparencia/BOE-A-1999-23750-consolidado.pdf;/pdfs/Transparencia/BOE-A-1999-23750-consolidado.pdf;/documentos/pdfs/transparencia/boe-a-1999-23750-consolidado.pdf;200;326344;27afffe0c98af7c67bec9421984ba014d5617a2f52eb5d66d27f939ecc7a5a00;si;/fomento.php
documento;https://www.aguasgrancanaria.com/pdfs/Transparencia/BOE-A-2013-12887.pdf;/pdfs/Transparencia/BOE-A-2013-12887.pdf;/documentos/pdfs/transparencia/boe-a-2013-12887.pdf;200;480376;ca426f423c6d7142dbc16b66efbe6495193ccd0949049eaa8c44fe5a512ccc9d;si;/fomento.php
documento;https://www.aguasgrancanaria.com/pdfs/Transparencia/BOE-A-2015-10565-consolidado.pdf;/pdfs/Transparencia/BOE-A-2015-10565-consolidado.pdf;/documentos/pdfs/transparencia/boe-a-2015-10565-consolidado.pdf;200;660632;fe45cd5b3134b7c50c7a6735136592063a742c3a1a5caf50473e711af77336d9;si;/fomento.php
documento;https://www.aguasgrancanaria.com/pdfs/Transparencia/Contratos_2018.ods;/pdfs/Transparencia/Contratos_2018.ods;/documentos/pdfs/transparencia/contratos_2018.ods;200;68470;f31781417662d440d598469f0411cb3d4e9538de77886d7f68a7534f0b29a29e;si;/perfil_con.php
documento;https://www.aguasgrancanaria.com/pdfs/Transparencia/Contratos_2018.xlsx;/pdfs/Transparencia/Contratos_2018.xlsx;/documentos/pdfs/transparencia/contratos_2018.xlsx;200;76343;f7158fabe0da116c06c1aaac5d586520b1bb2c93c9501fbf513cc1c9381c2675;si;/perfil_con.php
documento;https://www.aguasgrancanaria.com/pdfs/Transparencia/Contratos_2019.ods;/pdfs/Transparencia/Contratos_2019.ods;/documentos/pdfs/transparencia/contratos_2019.ods;200;67431;21aae282262c500269693efdf2a53ea84aabe45257c1ca38af9b3bb1ce4d7507;si;/perfil_con.php
documento;https://www.aguasgrancanaria.com/pdfs/Transparencia/Contratos_2019.xlsx;/pdfs/Transparencia/Contratos_2019.xlsx;/documentos/pdfs/transparencia/contratos_2019.xlsx;200;75498;996d58fd3e7a575cfa3b70396f3b68a21776b9e43c410e6955b95094d2f32c1c;si;/perfil_con.php
documento;https://www.aguasgrancanaria.com/pdfs/Transparencia/Contratos_2020.ods;/pdfs/Transparencia/Contratos_2020.ods;/documentos/pdfs/transparencia/contratos_2020.ods;200;73849;c5ff291630813349eb2acf09736d584b124e05e78441374e55dfc94cd7be3a66;si;/perfil_con.php
documento;https://www.aguasgrancanaria.com/pdfs/Transparencia/Contratos_2020.xlsx;/pdfs/Transparencia/Contratos_2020.xlsx;/documentos/pdfs/transparencia/contratos_2020.xlsx;200;80048;919527657e3b08a6c9c4028c700535de162fa162f12307751d2977f3c0ab60a4;si;/perfil_con.php
documento;https://www.aguasgrancanaria.com/pdfs/Transparencia/Contratos_2021.ods;/pdfs/Transparencia/Contratos_2021.ods;/documentos/pdfs/transparencia/contratos_2021.ods;200;5539;bf7651dbf59fe0e5b556dbc1dbff8df3e09f1318a041ea173eacfc637618376a;si;/perfil_con.php
documento;https://www.aguasgrancanaria.com/pdfs/Transparencia/Contratos_2021.xlsx;/pdfs/Transparencia/Contratos_2021.xlsx;/documentos/pdfs/transparencia/contratos_2021.xlsx;200;12379;f9fbd57cc72ba8822a4a6c57c459cede913a189f90e026a6a822614170ec7381;si;/perfil_con.php
documento;https://www.aguasgrancanaria.com/pdfs/Transparencia/Contratos_2022.ods;/pdfs/Transparencia/Contratos_2022.ods;/documentos/pdfs/transparencia/contratos_2022.ods;200;29584;d5127476b5f8fe924c8e9621c2b6ddb8e8e585ffd84e3e01e1c78e20d8fe0c54;si;/perfil_con.php
documento;https://www.aguasgrancanaria.com/pdfs/Transparencia/Contratos_2022.xlsx;/pdfs/Transparencia/Contratos_2022.xlsx;/documentos/pdfs/transparencia/contratos_2022.xlsx;200;37318;76adb42b6e06ce3f8fba481e5ab25ff120c33f088582e3d4a780f1cb1d8f6413;si;/perfil_con.php
documento;https://www.aguasgrancanaria.com/pdfs/Transparencia/Contratos_2023.ods;/pdfs/Transparencia/Contratos_2023.ods;/documentos/pdfs/transparencia/contratos_2023.ods;200;28517;c08fb14ca2b59d6187b9656e5de24a43d3c1080fc13f4b28c92f46adb5cf09ca;si;/perfil_con.php
documento;https://www.aguasgrancanaria.com/pdfs/Transparencia/Contratos_2023.xlsx;/pdfs/Transparencia/Contratos_2023.xlsx;/documentos/pdfs/transparencia/contratos_2023.xlsx;200;36555;9ae008cc9153db1446a5d92fcc11bbe34e50b6216a88e32bb3ecdf68749de80a;si;/perfil_con.php
documento;https://www.aguasgrancanaria.com/pdfs/Transparencia/Contratos_2024.ods;/pdfs/Transparencia/Contratos_2024.ods;/documentos/pdfs/transparencia/contratos_2024.ods;200;29994;d8e6036051d0acb853b0625060406d79b3fe2836ba43fbcf1a9aea42dba994cd;si;/perfil_con.php
documento;https://www.aguasgrancanaria.com/pdfs/Transparencia/Contratos_2024.xlsx;/pdfs/Transparencia/Contratos_2024.xlsx;/documentos/pdfs/transparencia/contratos_2024.xlsx;200;37382;77ef10aca7a42fef180c387828d3cdb13f55a5a1cad6372be82ed56f13ad9506;si;/perfil_con.php
documento;https://www.aguasgrancanaria.com/pdfs/Transparencia/Contratos_Menores_2021.ods;/pdfs/Transparencia/Contratos_Menores_2021.ods;/documentos/pdfs/transparencia/contratos_menores_2021.ods;200;111657;51aaf7f828c64552e26edd47d9ddf56f99fd577f5d3f33e7b1a37f6583706635;si;/perfil_con.php
documento;https://www.aguasgrancanaria.com/pdfs/Transparencia/Contratos_Menores_2021.xlsx;/pdfs/Transparencia/Contratos_Menores_2021.xlsx;/documentos/pdfs/transparencia/contratos_menores_2021.xlsx;200;110694;72d24004ec376554bc04074d7b8ab84b0a04ecd3c6838366b01bcc89632d35f4;si;/perfil_con.php
documento;https://www.aguasgrancanaria.com/pdfs/Transparencia/Contratos_Menores_2022.ods;/pdfs/Transparencia/Contratos_Menores_2022.ods;/documentos/pdfs/transparencia/contratos_menores_2022.ods;200;38217;661e024d4ddb12b1ae6e823d55b52af91609c9de2d367a29c2e9779a30764630;si;/perfil_con.php
documento;https://www.aguasgrancanaria.com/pdfs/Transparencia/Contratos_Menores_2022.xlsx;/pdfs/Transparencia/Contratos_Menores_2022.xlsx;/documentos/pdfs/transparencia/contratos_menores_2022.xlsx;200;51070;8faf4b8c71b612d4f4032139cc5d93d270a0e67494a689e055559e73bfe27d3a;si;/perfil_con.php
documento;https://www.aguasgrancanaria.com/pdfs/Transparencia/Contratos_Menores_2023.ods;/pdfs/Transparencia/Contratos_Menores_2023.ods;/documentos/pdfs/transparencia/contratos_menores_2023.ods;200;36130;a470f53281e1addb311a3f2e1c4c3a013ae66fd22cde0d3ff767f640a471a16e;si;/perfil_con.php
documento;https://www.aguasgrancanaria.com/pdfs/Transparencia/Contratos_Menores_2023.xlsx;/pdfs/Transparencia/Contratos_Menores_2023.xlsx;/documentos/pdfs/transparencia/contratos_menores_2023.xlsx;200;49426;d4c8b0c068e55541bb13596d7c723d745484a82b9ca3420b71f324011454f63c;si;/perfil_con.php
documento;https://www.aguasgrancanaria.com/pdfs/Transparencia/Contratos_Menores_2024.ods;/pdfs/Transparencia/Contratos_Menores_2024.ods;/documentos/pdfs/transparencia/contratos_menores_2024.ods;200;36439;92914f9c8465a8ba00a2e9adb475ede49d3bb7ea84140e683d92fd29042c6c6b;si;/perfil_con.php
documento;https://www.aguasgrancanaria.com/pdfs/Transparencia/Contratos_Menores_2024.xlsx;/pdfs/Transparencia/Contratos_Menores_2024.xlsx;/documentos/pdfs/transparencia/contratos_menores_2024.xlsx;200;56155;03006c134997f1de3e06db5f55ec0a0e88489e29e8ff815af6d8942205dae3fb;si;/perfil_con.php
documento;https://www.aguasgrancanaria.com/pdfs/Transparencia/ContratosAbiertos_2019.ods;/pdfs/Transparencia/ContratosAbiertos_2019.ods;/documentos/pdfs/transparencia/contratosabiertos_2019.ods;200;5972;1966db0416072390cc37dae5989006e594a718f9ce862966e66d5a906b1e4044;si;/perfil_con.php
documento;https://www.aguasgrancanaria.com/pdfs/Transparencia/ContratosAbiertos_2019.xlsx;/pdfs/Transparencia/ContratosAbiertos_2019.xlsx;/documentos/pdfs/transparencia/contratosabiertos_2019.xlsx;200;13021;e2191b241fc99d20b7ca07cf8c52ad535139b25af4d86c86d77161b240b5facd;si;/perfil_con.php
documento;https://www.aguasgrancanaria.com/pdfs/Transparencia/ContratosAbiertos_2020.ods;/pdfs/Transparencia/ContratosAbiertos_2020.ods;/documentos/pdfs/transparencia/contratosabiertos_2020.ods;200;59472;0c882683435f573cc7171c79a9461a915bf8effcbab8e5e51300dba0a0b6ab9c;si;/perfil_con.php
documento;https://www.aguasgrancanaria.com/pdfs/Transparencia/ContratosAbiertos_2020.xlsx;/pdfs/Transparencia/ContratosAbiertos_2020.xlsx;/documentos/pdfs/transparencia/contratosabiertos_2020.xlsx;200;66997;b0448919e61a75b97c2075058dbc1cbe0f9089ff81583c3d02c74d8b9d096361;si;/perfil_con.php
documento;https://www.aguasgrancanaria.com/pdfs/Transparencia/Convenios_2023.ods;/pdfs/Transparencia/Convenios_2023.ods;/documentos/pdfs/transparencia/convenios_2023.ods;200;27586;f62804c38ba682da4f4e9ce3cb8c99dc0c04f25381a5fb16ebba0c956182611d;si;/convenio.php
documento;https://www.aguasgrancanaria.com/pdfs/Transparencia/Convenios_2023.xlsx;/pdfs/Transparencia/Convenios_2023.xlsx;/documentos/pdfs/transparencia/convenios_2023.xlsx;200;34415;1b08f061637f521bcff9cdfac23324ab3e644ff146526bdad2e61711b2d20a71;si;/convenio.php
documento;https://www.aguasgrancanaria.com/pdfs/Transparencia/ConvenioULPGCfirmado.pdf;/pdfs/Transparencia/ConvenioULPGCfirmado.pdf;/documentos/pdfs/transparencia/convenioulpgcfirmado.pdf;200;5487813;6dc272ebf066fd32f1ed62ffb87545503d6b0c0ad12cd23a3b66608b9c976182;si;/convenio.php
documento;https://www.aguasgrancanaria.com/pdfs/Transparencia/Cuentas_Anuales_2023.ods;/pdfs/Transparencia/Cuentas_Anuales_2023.ods;/documentos/pdfs/transparencia/cuentas_anuales_2023.ods;200;9663;2b6d53b978dbc3a7c082ebb5644439d2936c3782051f627f832c730e59f67a56;si;/presupuesto.php
documento;https://www.aguasgrancanaria.com/pdfs/Transparencia/Cuentas_Anuales_2023.pdf;/pdfs/Transparencia/Cuentas_Anuales_2023.pdf;/documentos/pdfs/transparencia/cuentas_anuales_2023.pdf;300;;;si;/presupuesto.php
documento;https://www.aguasgrancanaria.com/pdfs/Transparencia/Cuentas_Anuales_2023.xlsx;/pdfs/Transparencia/Cuentas_Anuales_2023.xlsx;/documentos/pdfs/transparencia/cuentas_anuales_2023.xlsx;200;10777;77d418491d293c6be9d763dd7413db5c1c576db31056bff505396a2fb40dbb6c;si;/presupuesto.php
documento;https://www.aguasgrancanaria.com/pdfs/Transparencia/Cuentas_Anuales_2024.ods;/pdfs/Transparencia/Cuentas_Anuales_2024.ods;/documentos/pdfs/transparencia/cuentas_anuales_2024.ods;200;22159;473d6a4c59ab945fa970c097277ca7923086d5c0fbe8feca4e52fa255fcecba0;si;/presupuesto.php
documento;https://www.aguasgrancanaria.com/pdfs/Transparencia/Cuentas_Anuales_2024.pdf;/pdfs/Transparencia/Cuentas_Anuales_2024.pdf;/documentos/pdfs/transparencia/cuentas_anuales_2024.pdf;200;101692;640808dbfb85d7fa1a956915e8c026e51b81b1eeacb2496e02ab9dee97107025;si;/presupuesto.php
documento;https://www.aguasgrancanaria.com/pdfs/Transparencia/Cuentas_Anuales_2024.xlsx;/pdfs/Transparencia/Cuentas_Anuales_2024.xlsx;/documentos/pdfs/transparencia/cuentas_anuales_2024.xlsx;200;24539;a6d4ea7a1c4e66442bbac5222955423a95fdef16bc92e2930c884992eea06711;si;/presupuesto.php
documento;https://www.aguasgrancanaria.com/pdfs/Transparencia/Departamentos.docx;/pdfs/Transparencia/Departamentos.docx;/documentos/pdfs/transparencia/departamentos.docx;200;162303;b36d4cdf0b137b2d510ad1625b69871c110d0043c3b3d543432bcad69c611674;si;/empleados.php
documento;https://www.aguasgrancanaria.com/pdfs/Transparencia/Departamentos.odt;/pdfs/Transparencia/Departamentos.odt;/documentos/pdfs/transparencia/departamentos.odt;200;154256;91c93bb0b9363162448a8770307375d181e92db52d360755f2595bb0131336a2;si;/empleados.php
documento;https://www.aguasgrancanaria.com/pdfs/Transparencia/Departamentos.pdf;/pdfs/Transparencia/Departamentos.pdf;/documentos/pdfs/transparencia/departamentos.pdf;200;77295;0e2046348d5d5f20e85d88e3e44dae4000182cd66a5bb9b1c0e8a56b1180faf7;si;/empleados.php
documento;https://www.aguasgrancanaria.com/pdfs/Transparencia/Departamentos.txt;/pdfs/Transparencia/Departamentos.txt;/documentos/pdfs/transparencia/departamentos.txt;200;2194;7827376f189c03b464b2119bfe4e92ec207c4a80907bd4b36602beacf4e9d2e3;no;/empleados.php
documento;https://www.aguasgrancanaria.com/pdfs/Transparencia/Dotacion_plantilla_2023.ods;/pdfs/Transparencia/Dotacion_plantilla_2023.ods;/documentos/pdfs/transparencia/dotacion_plantilla_2023.ods;200;6319;d0aec89b3d55829a47b77bbd306b92be39e21d8f9861782d333431260b935ecc;si;/presupuesto.php
documento;https://www.aguasgrancanaria.com/pdfs/Transparencia/Dotacion_plantilla_2023.pdf;/pdfs/Transparencia/Dotacion_plantilla_2023.pdf;/documentos/pdfs/transparencia/dotacion_plantilla_2023.pdf;200;8604;00e147a267c1a3722e3a886dfcd9821543fca146c6593199361d7430d14c6802;si;/presupuesto.php
documento;https://www.aguasgrancanaria.com/pdfs/Transparencia/Dotacion_plantilla_2023.xlsx;/pdfs/Transparencia/Dotacion_plantilla_2023.xlsx;/documentos/pdfs/transparencia/dotacion_plantilla_2023.xlsx;200;7966;717cb691a7d57a3ac08f8f3a3bce5e3da2118a3d846ef62007340d6ff8b8e04d;si;/presupuesto.php
documento;https://www.aguasgrancanaria.com/pdfs/Transparencia/Dotacion_plantilla_2024.ods;/pdfs/Transparencia/Dotacion_plantilla_2024.ods;/documentos/pdfs/transparencia/dotacion_plantilla_2024.ods;200;8575;5e893a8308e8511186b290eb1252f73f7381a72a43356669d7e9ca8b25ddedcc;si;/presupuesto.php
documento;https://www.aguasgrancanaria.com/pdfs/Transparencia/Dotacion_plantilla_2024.pdf;/pdfs/Transparencia/Dotacion_plantilla_2024.pdf;/documentos/pdfs/transparencia/dotacion_plantilla_2024.pdf;200;65105;9781bcab7244bccaaa484c836273f7f181c8ef775ac9b4d53ca3a86abd631504;si;/presupuesto.php
documento;https://www.aguasgrancanaria.com/pdfs/Transparencia/Dotacion_plantilla_2024.xlsx;/pdfs/Transparencia/Dotacion_plantilla_2024.xlsx;/documentos/pdfs/transparencia/dotacion_plantilla_2024.xlsx;200;10314;8351e1a4784e331f9a518a15e8034954f1194c6ef6b6fe0651f7643a81a1a1fc;si;/presupuesto.php
documento;https://www.aguasgrancanaria.com/pdfs/Transparencia/Ejecucion_trimestral_2023.ods;/pdfs/Transparencia/Ejecucion_trimestral_2023.ods;/documentos/pdfs/transparencia/ejecucion_trimestral_2023.ods;200;7858;8e868e4c98b3be11d4b6cdf2e46d68d6b512f2525048e0aae8ca720ff2410147;si;/presupuesto.php
documento;https://www.aguasgrancanaria.com/pdfs/Transparencia/Ejecucion_trimestral_2023.pdf;/pdfs/Transparencia/Ejecucion_trimestral_2023.pdf;/documentos/pdfs/transparencia/ejecucion_trimestral_2023.pdf;200;66244;0a535baa99e0311ed935edc32c2c3e04b756d913f401f48e26bdc2b4c15db167;si;/presupuesto.php
documento;https://www.aguasgrancanaria.com/pdfs/Transparencia/Ejecucion_trimestral_2023.xlsx;/pdfs/Transparencia/Ejecucion_trimestral_2023.xlsx;/documentos/pdfs/transparencia/ejecucion_trimestral_2023.xlsx;200;13832;35b7da976c47acc6ca2ef01684944069b364b07278ba4a6fedb5a99d8e5e8b27;si;/presupuesto.php
documento;https://www.aguasgrancanaria.com/pdfs/Transparencia/Ejecucion_trimestral_2024.ods;/pdfs/Transparencia/Ejecucion_trimestral_2024.ods;/documentos/pdfs/transparencia/ejecucion_trimestral_2024.ods;200;26586;6d0152b154458f92e3de2e45f793154d4081ef60a4ac5cd928b18e387a9e29a0;si;/presupuesto.php
documento;https://www.aguasgrancanaria.com/pdfs/Transparencia/Ejecucion_trimestral_2024.pdf;/pdfs/Transparencia/Ejecucion_trimestral_2024.pdf;/documentos/pdfs/transparencia/ejecucion_trimestral_2024.pdf;200;97866;243812731098a1f3a85e4cd1cf017cc611018cada7c960a8724268052a710d46;si;/presupuesto.php
documento;https://www.aguasgrancanaria.com/pdfs/Transparencia/Ejecucion_trimestral_2024.xlsx;/pdfs/Transparencia/Ejecucion_trimestral_2024.xlsx;/documentos/pdfs/transparencia/ejecucion_trimestral_2024.xlsx;200;32839;345ce20f7ebfa4d9df0b88169bb8822d5cd4f8a8d41be6d4925c2b261629e62d;si;/presupuesto.php
documento;https://www.aguasgrancanaria.com/pdfs/Transparencia/Gastos_plurianuales_Reajuste.pdf;/pdfs/Transparencia/Gastos_plurianuales_Reajuste.pdf;/documentos/pdfs/transparencia/gastos_plurianuales_reajuste.pdf;200;960573;739d425817897ce9ecc2583fd6602c736b58d988f94471f761d488f359b2a717;si;/perfil_con.php
documento;https://www.aguasgrancanaria.com/pdfs/Transparencia/Gastos_plurianuales.pdf;/pdfs/Transparencia/Gastos_plurianuales.pdf;/documentos/pdfs/transparencia/gastos_plurianuales.pdf;200;4793058;66c0f7a3f7489ed13592921e4a9e3a2baa346e1cb3685acbfde2f57224bce0e0;si;/perfil_con.php
documento;https://www.aguasgrancanaria.com/pdfs/Transparencia/Informe_Anual_2017.pdf;/pdfs/Transparencia/Informe_Anual_2017.pdf;/documentos/pdfs/transparencia/informe_anual_2017.pdf;200;8456665;f5b6c938a19236f7fbedb8f587e4ca6f17c19030f3db1cf1ad6be9ab929675b2;si;/fomento.php
documento;https://www.aguasgrancanaria.com/pdfs/Transparencia/Informe_Anual_2018.pdf;/pdfs/Transparencia/Informe_Anual_2018.pdf;/documentos/pdfs/transparencia/informe_anual_2018.pdf;200;5805111;b8073d375731a510c07131f60555fffe50d8a48bc33a253c67a7544ede79d2e1;si;/fomento.php
documento;https://www.aguasgrancanaria.com/pdfs/Transparencia/ley_8_2015.pdf;/pdfs/Transparencia/ley_8_2015.pdf;/documentos/pdfs/transparencia/ley_8_2015.pdf;200;529115;7b0efcbb64211354635bcf9dbfa73e7295e59cdf801df5af293945cf53f6eaff;si;/fomento.php
documento;https://www.aguasgrancanaria.com/pdfs/Transparencia/ley_canaria.pdf;/pdfs/Transparencia/ley_canaria.pdf;/documentos/pdfs/transparencia/ley_canaria.pdf;200;426844;0324cd5fde6aa54e71b03682a694fa6ce8c9158365c45f023db7f6673f5b9bc7;si;/servicios/legislacion.php | /fomento.php
documento;https://www.aguasgrancanaria.com/pdfs/Transparencia/Liquidacion_presupuesto_2020.pdf;/pdfs/Transparencia/Liquidacion_presupuesto_2020.pdf;/documentos/pdfs/transparencia/liquidacion_presupuesto_2020.pdf;200;338023;1928f0cc7a8e85cc8d0d734b81a3307001718861cf90343aec59f993a048b303;si;/presupuesto.php
documento;https://www.aguasgrancanaria.com/pdfs/Transparencia/Liquidacion_presupuesto_2021.pdf;/pdfs/Transparencia/Liquidacion_presupuesto_2021.pdf;/documentos/pdfs/transparencia/liquidacion_presupuesto_2021.pdf;200;440017;287da584b4696b155d70b7c846996548d0299dd5b9caebd19ee071b863676773;si;/presupuesto.php
documento;https://www.aguasgrancanaria.com/pdfs/Transparencia/Liquidacion-ppto-2023.ods;/pdfs/Transparencia/Liquidacion-ppto-2023.ods;/documentos/pdfs/transparencia/liquidacion-ppto-2023.ods;300;;;si;/presupuesto.php
documento;https://www.aguasgrancanaria.com/pdfs/Transparencia/Liquidacion-ppto-2023.pdf;/pdfs/Transparencia/Liquidacion-ppto-2023.pdf;/documentos/pdfs/transparencia/liquidacion-ppto-2023.pdf;200;1914988;47555e1e9bfd5dc5ff4dfdbacce53a3753020139e81d8bdc3aa6e3e3bd02d9e9;si;/presupuesto.php
documento;https://www.aguasgrancanaria.com/pdfs/Transparencia/Liquidacion-ppto-2023.xlsx;/pdfs/Transparencia/Liquidacion-ppto-2023.xlsx;/documentos/pdfs/transparencia/liquidacion-ppto-2023.xlsx;300;;;si;/presupuesto.php
documento;https://www.aguasgrancanaria.com/pdfs/Transparencia/Liquidacion-ppto-2024.ods;/pdfs/Transparencia/Liquidacion-ppto-2024.ods;/documentos/pdfs/transparencia/liquidacion-ppto-2024.ods;200;21751;969c6d3171606806fea097e6d09a8127a65dbe9be04179d4dbb6dae29196a9a7;si;/presupuesto.php
documento;https://www.aguasgrancanaria.com/pdfs/Transparencia/Liquidacion-ppto-2024.pdf;/pdfs/Transparencia/Liquidacion-ppto-2024.pdf;/documentos/pdfs/transparencia/liquidacion-ppto-2024.pdf;200;92320;4f10d5f132634aa64db4ae8983fca8ec07e26cf2aefd017feefcc93a040e9c8e;si;/presupuesto.php
documento;https://www.aguasgrancanaria.com/pdfs/Transparencia/Liquidacion-ppto-2024.xlsx;/pdfs/Transparencia/Liquidacion-ppto-2024.xlsx;/documentos/pdfs/transparencia/liquidacion-ppto-2024.xlsx;200;19886;744c7ed479f901f8b7b48228ac51e0b02cfc4a577c5259fac493896deef1c3fc;si;/presupuesto.php
documento;https://www.aguasgrancanaria.com/pdfs/Transparencia/LiquidacionPresupuesto2019.pdf;/pdfs/Transparencia/LiquidacionPresupuesto2019.pdf;/documentos/pdfs/transparencia/liquidacionpresupuesto2019.pdf;200;647657;4d7b1795746fca29bc7dd7b21cc8f79f9149e49ac32ad773464a3a702deb7a25;si;/presupuesto.php
documento;https://www.aguasgrancanaria.com/pdfs/Transparencia/Mesa_Contratacion_DIC_2021.pdf;/pdfs/Transparencia/Mesa_Contratacion_DIC_2021.pdf;/documentos/pdfs/transparencia/mesa_contratacion_dic_2021.pdf;200;192352;93be5510acc2b61c41b3372b084a6410a9f443a015872e569be5bdef2d7c608d;si;/perfil_con.php
documento;https://www.aguasgrancanaria.com/pdfs/Transparencia/Mesa_Contratacion_ENE_2022.pdf;/pdfs/Transparencia/Mesa_Contratacion_ENE_2022.pdf;/documentos/pdfs/transparencia/mesa_contratacion_ene_2022.pdf;200;193273;aae3ed158eafc6495ad8b6b77c0f5f33b7f9023adbaa9b3fdc0873ff44824f6f;si;/perfil_con.php
documento;https://www.aguasgrancanaria.com/pdfs/Transparencia/Mesa-20180912.pdf;/pdfs/Transparencia/Mesa-20180912.pdf;/documentos/pdfs/transparencia/mesa-20180912.pdf;200;72081;a723cb75f4470e8b7e63d212cdfc63908bd2ccbad631d967b43155c8f00ee6b2;si;/perfil_con.php
documento;https://www.aguasgrancanaria.com/pdfs/Transparencia/Mesa-20200720.pdf;/pdfs/Transparencia/Mesa-20200720.pdf;/documentos/pdfs/transparencia/mesa-20200720.pdf;200;591500;1af0282d422f54a9bd6cf77dc83337f97bdb1a203a682e29812f4b7aac63634b;si;/perfil_con.php
documento;https://www.aguasgrancanaria.com/pdfs/Transparencia/Mesa-20200722.pdf;/pdfs/Transparencia/Mesa-20200722.pdf;/documentos/pdfs/transparencia/mesa-20200722.pdf;200;315182;b349bbb6e02df2e613a84cf6c9f5e81cf6627a465078195e746e894b2451ccc6;si;/perfil_con.php
documento;https://www.aguasgrancanaria.com/pdfs/Transparencia/Mesa-20210126.pdf;/pdfs/Transparencia/Mesa-20210126.pdf;/documentos/pdfs/transparencia/mesa-20210126.pdf;200;589875;2a7eaa5f895030477e71918d069b07c3cd3c1885d554c09e715e9bea6e336f54;si;/perfil_con.php
documento;https://www.aguasgrancanaria.com/pdfs/Transparencia/Mesa-20240131.docx;/pdfs/Transparencia/Mesa-20240131.docx;/documentos/pdfs/transparencia/mesa-20240131.docx;300;;;si;/perfil_con.php
documento;https://www.aguasgrancanaria.com/pdfs/Transparencia/Mesa-20240131.odt;/pdfs/Transparencia/Mesa-20240131.odt;/documentos/pdfs/transparencia/mesa-20240131.odt;300;;;si;/perfil_con.php
documento;https://www.aguasgrancanaria.com/pdfs/Transparencia/Mesa-20240131.pdf;/pdfs/Transparencia/Mesa-20240131.pdf;/documentos/pdfs/transparencia/mesa-20240131.pdf;200;190605;2d9292fd75c1d8e40cddbe281de3e74e1123330f262a432b463bd4697247be43;si;/perfil_con.php
documento;https://www.aguasgrancanaria.com/pdfs/Transparencia/Mesa-20240131.txt;/pdfs/Transparencia/Mesa-20240131.txt;/documentos/pdfs/transparencia/mesa-20240131.txt;200;1053;5a4bfef429d36ec2faa44e21bfb6d62081d31cbecaa8b0cda042f33fa4b6ed89;no;/perfil_con.php
documento;https://www.aguasgrancanaria.com/pdfs/Transparencia/Modificaciones_presupuestarias_2023.ods;/pdfs/Transparencia/Modificaciones_presupuestarias_2023.ods;/documentos/pdfs/transparencia/modificaciones_presupuestarias_2023.ods;404;;;si;/presupuesto.php
documento;https://www.aguasgrancanaria.com/pdfs/Transparencia/Modificaciones_presupuestarias_2023.pdf;/pdfs/Transparencia/Modificaciones_presupuestarias_2023.pdf;/documentos/pdfs/transparencia/modificaciones_presupuestarias_2023.pdf;404;;;si;/presupuesto.php
documento;https://www.aguasgrancanaria.com/pdfs/Transparencia/Modificaciones_presupuestarias_2023.xlsx;/pdfs/Transparencia/Modificaciones_presupuestarias_2023.xlsx;/documentos/pdfs/transparencia/modificaciones_presupuestarias_2023.xlsx;404;;;si;/presupuesto.php
documento;https://www.aguasgrancanaria.com/pdfs/Transparencia/Modificaciones_presupuestarias_2024.ods;/pdfs/Transparencia/Modificaciones_presupuestarias_2024.ods;/documentos/pdfs/transparencia/modificaciones_presupuestarias_2024.ods;200;27346;f7cd6075de2e56a5ad97df244d734601da526831e6a53e28fdaace4b15f8bf7d;si;/presupuesto.php
documento;https://www.aguasgrancanaria.com/pdfs/Transparencia/Modificaciones_presupuestarias_2024.xlsx;/pdfs/Transparencia/Modificaciones_presupuestarias_2024.xlsx;/documentos/pdfs/transparencia/modificaciones_presupuestarias_2024.xlsx;200;33780;00b27a13fa8700a403b8d995e1ed7263cd23d4768fc37fe40e92f50d0d1638e4;si;/presupuesto.php
documento;https://www.aguasgrancanaria.com/pdfs/Transparencia/Movimiento-Tesoreria-2023.ods;/pdfs/Transparencia/Movimiento-Tesoreria-2023.ods;/documentos/pdfs/transparencia/movimiento-tesoreria-2023.ods;200;106570;129aa368872f6c9ce6b3e814cb649138dd5300547e291c426211a4554d69d9bb;si;/presupuesto.php
documento;https://www.aguasgrancanaria.com/pdfs/Transparencia/Movimiento-Tesoreria-2023.pdf;/pdfs/Transparencia/Movimiento-Tesoreria-2023.pdf;/documentos/pdfs/transparencia/movimiento-tesoreria-2023.pdf;300;;;si;/presupuesto.php
documento;https://www.aguasgrancanaria.com/pdfs/Transparencia/Movimiento-Tesoreria-2023.xlsx;/pdfs/Transparencia/Movimiento-Tesoreria-2023.xlsx;/documentos/pdfs/transparencia/movimiento-tesoreria-2023.xlsx;200;112674;8239d9f8b2149204e27857be30c492e6e392dd62b37793f5757e5768b7a38709;si;/presupuesto.php
documento;https://www.aguasgrancanaria.com/pdfs/Transparencia/Movimiento-Tesoreria-2024.ods;/pdfs/Transparencia/Movimiento-Tesoreria-2024.ods;/documentos/pdfs/transparencia/movimiento-tesoreria-2024.ods;200;15591;8dec6341b33aadec7be6ad28be4e3332a6e112c15360fc951f61fc475e1d9f94;si;/presupuesto.php
documento;https://www.aguasgrancanaria.com/pdfs/Transparencia/Movimiento-Tesoreria-2024.pdf;/pdfs/Transparencia/Movimiento-Tesoreria-2024.pdf;/documentos/pdfs/transparencia/movimiento-tesoreria-2024.pdf;200;81716;699c3b596ff379889a22fb3bf15ee95ee69fd95deccd1ad0afccac4de11b25cc;si;/presupuesto.php
documento;https://www.aguasgrancanaria.com/pdfs/Transparencia/Movimiento-Tesoreria-2024.xlsx;/pdfs/Transparencia/Movimiento-Tesoreria-2024.xlsx;/documentos/pdfs/transparencia/movimiento-tesoreria-2024.xlsx;200;21168;178e3e463a8398f356baaae8e7935e3ba002606289ee2bf40caa941331ed5d8c;si;/presupuesto.php
documento;https://www.aguasgrancanaria.com/pdfs/Transparencia/Nombramiento_Gerente.pdf;/pdfs/Transparencia/Nombramiento_Gerente.pdf;/documentos/pdfs/transparencia/nombramiento_gerente.pdf;200;887085;762d26d3d45156cfd82ed24219de901de3814e3b455f513c18013c883fa1eb67;si;/el_consejo/organos_gobierno.php
documento;https://www.aguasgrancanaria.com/pdfs/Transparencia/Nombramiento_Presidente.pdf;/pdfs/Transparencia/Nombramiento_Presidente.pdf;/documentos/pdfs/transparencia/nombramiento_presidente.pdf;200;256029;7ee469ce5d1cc8f76c0b34a465d58ccbb8b015c06637776d8f08dd5ce30ce8ec;si;/el_consejo/organos_gobierno.php
documento;https://www.aguasgrancanaria.com/pdfs/Transparencia/Nombramiento_Vicepresidente.pdf;/pdfs/Transparencia/Nombramiento_Vicepresidente.pdf;/documentos/pdfs/transparencia/nombramiento_vicepresidente.pdf;200;65265;c2a5c20685d7ad1886d5efd35e4f35c9b5e96967851701bde5813f093eda58df;si;/el_consejo/organos_gobierno.php
documento;https://www.aguasgrancanaria.com/pdfs/Transparencia/Obras_2017.pdf;/pdfs/Transparencia/Obras_2017.pdf;/documentos/pdfs/transparencia/obras_2017.pdf;200;92320;7682038ccd0009ac96efcf6a60868d5479e0c2828980b52d4caf7746f4fbe5b9;si;/obras.php
documento;https://www.aguasgrancanaria.com/pdfs/Transparencia/Obras_2018.ods;/pdfs/Transparencia/Obras_2018.ods;/documentos/pdfs/transparencia/obras_2018.ods;200;57077;0ef9d3264478bef9c37c0fdfbdb5a98fc21d5a474b7b30f9e779acb156e71565;si;/obras.php
documento;https://www.aguasgrancanaria.com/pdfs/Transparencia/Obras_2018.xlsx;/pdfs/Transparencia/Obras_2018.xlsx;/documentos/pdfs/transparencia/obras_2018.xlsx;200;64230;1772be210ce5837bd361da4fadbb0944093ebc4f6671df9125a143bd5c7d8ae9;si;/obras.php
documento;https://www.aguasgrancanaria.com/pdfs/Transparencia/Obras_2019.ods;/pdfs/Transparencia/Obras_2019.ods;/documentos/pdfs/transparencia/obras_2019.ods;200;60765;5065a430fc6587adfd2a98f6a713b8ee6a78d889ede7b371f55c2ce93655e2f6;si;/obras.php
documento;https://www.aguasgrancanaria.com/pdfs/Transparencia/Obras_2019.xlsx;/pdfs/Transparencia/Obras_2019.xlsx;/documentos/pdfs/transparencia/obras_2019.xlsx;200;70807;397adbf543cd22db247768aa797d551743cfe3972f7f29a345f66c5bf9140ddb;si;/obras.php
documento;https://www.aguasgrancanaria.com/pdfs/Transparencia/Obras_2020.ods;/pdfs/Transparencia/Obras_2020.ods;/documentos/pdfs/transparencia/obras_2020.ods;200;59577;7a1248f25647103f78a3d15c1e17e7bc4fafe8f524663c6b8e612078b581a46d;si;/obras.php
documento;https://www.aguasgrancanaria.com/pdfs/Transparencia/Obras_2020.xlsx;/pdfs/Transparencia/Obras_2020.xlsx;/documentos/pdfs/transparencia/obras_2020.xlsx;200;69215;3b8f1d5de4434c53297ca4a201f5e4eb75e127edefa4d223eec3d8ff2f088dab;si;/obras.php
documento;https://www.aguasgrancanaria.com/pdfs/Transparencia/Obras_2021.ods;/pdfs/Transparencia/Obras_2021.ods;/documentos/pdfs/transparencia/obras_2021.ods;200;38725;ed08fca69266a044ed8aa41ef71b4bf0e34e03838602b1071141eff5f89bbddf;si;/obras.php
documento;https://www.aguasgrancanaria.com/pdfs/Transparencia/Obras_2021.xlsx;/pdfs/Transparencia/Obras_2021.xlsx;/documentos/pdfs/transparencia/obras_2021.xlsx;200;45964;8942e1dd71b7708c526444a66d0d17869ebcde5d0861462efbc56df9263e3c60;si;/obras.php
documento;https://www.aguasgrancanaria.com/pdfs/Transparencia/Obras_2022.ods;/pdfs/Transparencia/Obras_2022.ods;/documentos/pdfs/transparencia/obras_2022.ods;200;31236;8b6397e9ee42dadbb0fdcac9b7af51c1efabab35f13f4ecd7cf4cd19f62c98c6;si;/obras.php
documento;https://www.aguasgrancanaria.com/pdfs/Transparencia/Obras_2022.xlsx;/pdfs/Transparencia/Obras_2022.xlsx;/documentos/pdfs/transparencia/obras_2022.xlsx;200;38870;b0b0fc3a1fa9c3c793de64a0ba4e93f33432b187bb96588614cee966b587f3a0;si;/obras.php
documento;https://www.aguasgrancanaria.com/pdfs/Transparencia/Obras_2023.ods;/pdfs/Transparencia/Obras_2023.ods;/documentos/pdfs/transparencia/obras_2023.ods;200;31056;c55b083f357b425c90f6f564d2ecf86d6000c11e5024a26b11394d9d2c964191;si;/obras.php
documento;https://www.aguasgrancanaria.com/pdfs/Transparencia/Obras_2023.xlsx;/pdfs/Transparencia/Obras_2023.xlsx;/documentos/pdfs/transparencia/obras_2023.xlsx;200;39409;241c8d772cf2b32525b03355467be30333a28876bae3e807e908bf3b0d8936e0;si;/obras.php
documento;https://www.aguasgrancanaria.com/pdfs/Transparencia/Obras_2024.ods;/pdfs/Transparencia/Obras_2024.ods;/documentos/pdfs/transparencia/obras_2024.ods;200;32192;ce16beee8e48233f0af7ea5015c6e863329430796d0b660d8940219f14670524;si;/obras.php
documento;https://www.aguasgrancanaria.com/pdfs/Transparencia/Obras_2024.xlsx;/pdfs/Transparencia/Obras_2024.xlsx;/documentos/pdfs/transparencia/obras_2024.xlsx;200;40072;c798cc02d6ce649b34f54df374f37a598cedf4a9afb97c3ed46b864e5061a994;si;/obras.php
documento;https://www.aguasgrancanaria.com/pdfs/Transparencia/Ordenanza_Transparencia_Cabildo.pdf;/pdfs/Transparencia/Ordenanza_Transparencia_Cabildo.pdf;/documentos/pdfs/transparencia/ordenanza_transparencia_cabildo.pdf;200;995033;47ef2c2167e946573c7dd8653ba4cb44022f1aebdcc247c4be517c46c50a534d;si;/fomento.php
documento;https://www.aguasgrancanaria.com/pdfs/Transparencia/PATRIMONIO.ods;/pdfs/Transparencia/PATRIMONIO.ods;/documentos/pdfs/transparencia/patrimonio.ods;200;56854;3f6c13be982a00e52cb6d04a96de7d373d2c8ecf2e377ec41d75f42c6a1845f9;si;/patrimonio.php
documento;https://www.aguasgrancanaria.com/pdfs/Transparencia/PATRIMONIO.xlsx;/pdfs/Transparencia/PATRIMONIO.xlsx;/documentos/pdfs/transparencia/patrimonio.xlsx;200;64167;4beacbad5658fc49dc927c165fa206aa72894f16520ab55eaa437659ebde17f8;si;/patrimonio.php
documento;https://www.aguasgrancanaria.com/pdfs/Transparencia/Presupuesto_2018.pdf;/pdfs/Transparencia/Presupuesto_2018.pdf;/documentos/pdfs/transparencia/presupuesto_2018.pdf;200;253709;65432d3244073336e61ace9234cb9a82941ed424c66a3d51e64880b38012329c;si;/presupuesto.php
documento;https://www.aguasgrancanaria.com/pdfs/Transparencia/Presupuesto_2019.ods;/pdfs/Transparencia/Presupuesto_2019.ods;/documentos/pdfs/transparencia/presupuesto_2019.ods;200;21926;fc1d8dd79c29220ba2fd4390b1f1de33688011342b329e20dfd4b6f7a644459e;si;/presupuesto.php
documento;https://www.aguasgrancanaria.com/pdfs/Transparencia/Presupuesto_2019.pdf;/pdfs/Transparencia/Presupuesto_2019.pdf;/documentos/pdfs/transparencia/presupuesto_2019.pdf;300;;;si;/presupuesto.php
documento;https://www.aguasgrancanaria.com/pdfs/Transparencia/Presupuesto_2019.xlsx;/pdfs/Transparencia/Presupuesto_2019.xlsx;/documentos/pdfs/transparencia/presupuesto_2019.xlsx;200;49336;23e38a40a9a2f93bd8b4c3009cf0fe2b0dc8b0eb4d5d749250f2d9d41e4f24a3;si;/presupuesto.php
documento;https://www.aguasgrancanaria.com/pdfs/Transparencia/Presupuesto_2020.ods;/pdfs/Transparencia/Presupuesto_2020.ods;/documentos/pdfs/transparencia/presupuesto_2020.ods;200;39151;39632cd1bc0abb5d7c6588288adbd98c1a81641a315f21e8d7bda859410c9e31;si;/presupuesto.php
documento;https://www.aguasgrancanaria.com/pdfs/Transparencia/Presupuesto_2020.pdf;/pdfs/Transparencia/Presupuesto_2020.pdf;/documentos/pdfs/transparencia/presupuesto_2020.pdf;200;1030712;76afb66e643ee0b766f73c965b23a409cde7a41cb669e0026980961d01a97721;si;/presupuesto.php
documento;https://www.aguasgrancanaria.com/pdfs/Transparencia/Presupuesto_2020.xlsx;/pdfs/Transparencia/Presupuesto_2020.xlsx;/documentos/pdfs/transparencia/presupuesto_2020.xlsx;200;64014;6a9a6c261dabd592cb18bce8b358140b3b59cb5c566e706d9e63b088ca8f4853;si;/presupuesto.php
documento;https://www.aguasgrancanaria.com/pdfs/Transparencia/Presupuesto_2021.ods;/pdfs/Transparencia/Presupuesto_2021.ods;/documentos/pdfs/transparencia/presupuesto_2021.ods;200;33487;40915ac8a9536669023c10dbc42aadcd2da261e86159865406921d7cab891f57;si;/presupuesto.php
documento;https://www.aguasgrancanaria.com/pdfs/Transparencia/Presupuesto_2021.pdf;/pdfs/Transparencia/Presupuesto_2021.pdf;/documentos/pdfs/transparencia/presupuesto_2021.pdf;200;988242;f711cb02e06747027854836e6bd90ef51d489be5369f08415b362d55beaf0bec;si;/presupuesto.php
documento;https://www.aguasgrancanaria.com/pdfs/Transparencia/Presupuesto_2021.xlsx;/pdfs/Transparencia/Presupuesto_2021.xlsx;/documentos/pdfs/transparencia/presupuesto_2021.xlsx;200;54985;ecf2fec92d33bf705731cadd8e6096933dcc4c0eb306a833f27db96c8ac20899;si;/presupuesto.php
documento;https://www.aguasgrancanaria.com/pdfs/Transparencia/Presupuesto_2022.pdf;/pdfs/Transparencia/Presupuesto_2022.pdf;/documentos/pdfs/transparencia/presupuesto_2022.pdf;200;12611;9f3399acd181621f2a32748cc57a7c1146f82e6dc719ba25977352a864636d78;si;/presupuesto.php
documento;https://www.aguasgrancanaria.com/pdfs/Transparencia/Presupuesto_2023.pdf;/pdfs/Transparencia/Presupuesto_2023.pdf;/documentos/pdfs/transparencia/presupuesto_2023.pdf;200;999371;51b7b90664c3492b10803e66dcb17cfedebf72e66b296f597b1c3176eac506ba;si;/presupuesto.php
documento;https://www.aguasgrancanaria.com/pdfs/Transparencia/Presupuesto_2024.pdf;/pdfs/Transparencia/Presupuesto_2024.pdf;/documentos/pdfs/transparencia/presupuesto_2024.pdf;200;990411;6847c9b48301edabf0b80f9490755688ebdd72c0329beaa627b03ad24b045372;si;/presupuesto.php
documento;https://www.aguasgrancanaria.com/pdfs/Transparencia/Presupuesto_2025.pdf;/pdfs/Transparencia/Presupuesto_2025.pdf;/documentos/pdfs/transparencia/presupuesto_2025.pdf;200;909548;415293837f1b6598bea11509b43aaadf5caade796533c51921cac46c8c798326;si;/presupuesto.php
documento;https://www.aguasgrancanaria.com/pdfs/Transparencia/Presupuesto_Completo_%202019.pdf;/pdfs/Transparencia/Presupuesto_Completo_ 2019.pdf;/documentos/pdfs/transparencia/presupuesto_completo_-2019.pdf;200;40172714;6f82cc2e16990fa333e8168f36dceaaef7d445abca2123f11b1d549ba528888d;si;/presupuesto.php
documento;https://www.aguasgrancanaria.com/pdfs/Transparencia/Presupuesto_Completo_%202020.pdf;/pdfs/Transparencia/Presupuesto_Completo_ 2020.pdf;/documentos/pdfs/transparencia/presupuesto_completo_-2020.pdf;200;78678838;1b14c05a7b9791aa8d68d35a03064f35eb681bdbd4b21c3583086d164a34f60d;si;/presupuesto.php
documento;https://www.aguasgrancanaria.com/pdfs/Transparencia/Presupuesto_Completo_%202021.pdf;/pdfs/Transparencia/Presupuesto_Completo_ 2021.pdf;/documentos/pdfs/transparencia/presupuesto_completo_-2021.pdf;200;41641790;f6e72c4b4a44875475758920eba8963688545c2a4f8d3e358e266283a4e29232;si;/presupuesto.php
documento;https://www.aguasgrancanaria.com/pdfs/Transparencia/Presupuesto_Completo_%202022.pdf;/pdfs/Transparencia/Presupuesto_Completo_ 2022.pdf;/documentos/pdfs/transparencia/presupuesto_completo_-2022.pdf;200;29464040;0101a68a6bdd27e94f2c0295f3b482b89ac0b4585dcb913b5a8f56e58f3c88f0;si;/presupuesto.php
documento;https://www.aguasgrancanaria.com/pdfs/Transparencia/Presupuesto_Completo_2023.pdf;/pdfs/Transparencia/Presupuesto_Completo_2023.pdf;/documentos/pdfs/transparencia/presupuesto_completo_2023.pdf;200;9499080;6dca0eaa5882b8e3dbf8c1b0c56cb67b9a4ddb3fccd49a76185f0616a8e2a11d;si;/presupuesto.php
documento;https://www.aguasgrancanaria.com/pdfs/Transparencia/Presupuesto_Completo_2024.pdf;/pdfs/Transparencia/Presupuesto_Completo_2024.pdf;/documentos/pdfs/transparencia/presupuesto_completo_2024.pdf;200;3981630;b2380fc2781ace92d82bfdb2ed013dd6602f2e8f099e394a5401e8a0e9e32193;si;/presupuesto.php
documento;https://www.aguasgrancanaria.com/pdfs/Transparencia/Presupuesto_Completo_2025.pdf;/pdfs/Transparencia/Presupuesto_Completo_2025.pdf;/documentos/pdfs/transparencia/presupuesto_completo_2025.pdf;200;8308615;07aa71e6ed4b14da4ef7970dc65cc58f31790569a30c59127a2a1815cf3629b4;si;/presupuesto.php
documento;https://www.aguasgrancanaria.com/pdfs/Transparencia/Presupuesto_Detallado_2024.ods;/pdfs/Transparencia/Presupuesto_Detallado_2024.ods;/documentos/pdfs/transparencia/presupuesto_detallado_2024.ods;300;;;si;/presupuesto.php
documento;https://www.aguasgrancanaria.com/pdfs/Transparencia/Presupuesto_Detallado_2024.pdf;/pdfs/Transparencia/Presupuesto_Detallado_2024.pdf;/documentos/pdfs/transparencia/presupuesto_detallado_2024.pdf;200;51853;615fe3dada8b5d0f06e566efb5b059327436017a053cb9bfa7e3b45f7c8bc4c5;si;/presupuesto.php
documento;https://www.aguasgrancanaria.com/pdfs/Transparencia/Presupuesto_Detallado_2024.xlsx;/pdfs/Transparencia/Presupuesto_Detallado_2024.xlsx;/documentos/pdfs/transparencia/presupuesto_detallado_2024.xlsx;300;;;si;/presupuesto.php
documento;https://www.aguasgrancanaria.com/pdfs/Transparencia/Publicidad_propaganda_2024.ods;/pdfs/Transparencia/Publicidad_propaganda_2024.ods;/documentos/pdfs/transparencia/publicidad_propaganda_2024.ods;200;17331;96c4bb0834c0a97d3be0cd4c7c30daec9831636fa54e70d772734056e1f4d2e8;si;/presupuesto.php
documento;https://www.aguasgrancanaria.com/pdfs/Transparencia/Publicidad_propaganda_2024.xls;/pdfs/Transparencia/Publicidad_propaganda_2024.xls;/documentos/pdfs/transparencia/publicidad_propaganda_2024.xls;200;45056;1fbe6b481df1f359a3a5724cdc8bd8e2cd7868a80ab807e9f177fdcb5ae69273;si;/presupuesto.php
documento;https://www.aguasgrancanaria.com/pdfs/Transparencia/puntuacion_2020.pdf;/pdfs/Transparencia/puntuacion_2020.pdf;/documentos/pdfs/transparencia/puntuacion_2020.pdf;200;676602;22c17a0a5ae63d31a0c0a6dce245c3f6d6bbd99a289a4a9ce01ed91675915bd1;si;/fomento.php
documento;https://www.aguasgrancanaria.com/pdfs/Transparencia/puntuacion_2021.pdf;/pdfs/Transparencia/puntuacion_2021.pdf;/documentos/pdfs/transparencia/puntuacion_2021.pdf;200;667410;73064e6c63e9cf066c1722767277e800da5d3e01e0349f5f1bbca99b1d8a9e30;si;/fomento.php
documento;https://www.aguasgrancanaria.com/pdfs/Transparencia/puntuacion_2022.pdf;/pdfs/Transparencia/puntuacion_2022.pdf;/documentos/pdfs/transparencia/puntuacion_2022.pdf;200;686561;81fc173eea4a688f3816d71a8586fccce7c4f2fb8bce0da91a23aa1f6b48e263;si;/fomento.php
documento;https://www.aguasgrancanaria.com/pdfs/Transparencia/RendicionCuenta2019.pdf;/pdfs/Transparencia/RendicionCuenta2019.pdf;/documentos/pdfs/transparencia/rendicioncuenta2019.pdf;200;660232;38a1aa05bf8fdabc7ec809053aafb3d9feb9ebeeab5c9b9cdaa7ca90fec7e2a9;si;/presupuesto.php
documento;https://www.aguasgrancanaria.com/pdfs/Transparencia/RendicionCuenta2020.pdf;/pdfs/Transparencia/RendicionCuenta2020.pdf;/documentos/pdfs/transparencia/rendicioncuenta2020.pdf;200;427518;227b84c8d380871a50ad1577e44358f15b2537b993589189e5e0827a144c479e;si;/presupuesto.php
documento;https://www.aguasgrancanaria.com/pdfs/Transparencia/RendicionCuentaPendiente2021.pdf;/pdfs/Transparencia/RendicionCuentaPendiente2021.pdf;/documentos/pdfs/transparencia/rendicioncuentapendiente2021.pdf;200;320616;9e0396863eaffaa4bbecd388c3d0d83b8b1eecec4ecc228d6d5167ebfce8af8f;si;/presupuesto.php
documento;https://www.aguasgrancanaria.com/pdfs/Transparencia/Resolucion_BECU2024_Agricultura.pdf;/pdfs/Transparencia/Resolucion_BECU2024_Agricultura.pdf;/documentos/pdfs/transparencia/resolucion_becu2024_agricultura.pdf;200;314870;28bbdb28ba940ae99a608e4c7c03b3df6259f2ac63c5ee62b44470f9ac0ade1d;si;/ayudas.php
documento;https://www.aguasgrancanaria.com/pdfs/Transparencia/RPT_2018_Funcionarios.ods;/pdfs/Transparencia/RPT_2018_Funcionarios.ods;/documentos/pdfs/transparencia/rpt_2018_funcionarios.ods;200;59227;816c66005fe858f9ab3421f28a11aabeb05bb595af8873b0eb29eac094dc9480;si;/empleados.php
documento;https://www.aguasgrancanaria.com/pdfs/Transparencia/RPT_2018_Funcionarios.txt;/pdfs/Transparencia/RPT_2018_Funcionarios.txt;/documentos/pdfs/transparencia/rpt_2018_funcionarios.txt;200;2560;ee774670a8a41429ba5efe3587d846ad23bbfc7fb6015bed99f49ef3e2b9fddd;no;/empleados.php
documento;https://www.aguasgrancanaria.com/pdfs/Transparencia/RPT_2018_Funcionarios.xlsx;/pdfs/Transparencia/RPT_2018_Funcionarios.xlsx;/documentos/pdfs/transparencia/rpt_2018_funcionarios.xlsx;200;70395;c76d7dadb1d79d40f97695a9006267fab97cb46616eade3a3199e737b801594c;si;/empleados.php
documento;https://www.aguasgrancanaria.com/pdfs/Transparencia/RPT_2018_Laborales.ods;/pdfs/Transparencia/RPT_2018_Laborales.ods;/documentos/pdfs/transparencia/rpt_2018_laborales.ods;200;60288;d929fd601a185cb60f77d2f1581fad2f545292bbb7a81ce6dccd00b1963a3948;si;/empleados.php
documento;https://www.aguasgrancanaria.com/pdfs/Transparencia/RPT_2018_Laborales.txt;/pdfs/Transparencia/RPT_2018_Laborales.txt;/documentos/pdfs/transparencia/rpt_2018_laborales.txt;200;3702;d0fa9e1640c023a6c37e06a2ee220dd8726f1f6903f0977716205214f3d898bd;no;/empleados.php
documento;https://www.aguasgrancanaria.com/pdfs/Transparencia/RPT_2018_Laborales.xlsx;/pdfs/Transparencia/RPT_2018_Laborales.xlsx;/documentos/pdfs/transparencia/rpt_2018_laborales.xlsx;200;74884;11bef3397fc202c179998fdf50142959076d1eb1398f533f02090c06d9ba4e5a;si;/empleados.php
documento;https://www.aguasgrancanaria.com/pdfs/Transparencia/RPT_CIAGC_2023_ConNombres.ods;/pdfs/Transparencia/RPT_CIAGC_2023_ConNombres.ods;/documentos/pdfs/transparencia/rpt_ciagc_2023_connombres.ods;200;42312;80b837bc2edd13041ce146ee200f55389784727cd3b78ee8a220ab0563a159fa;si;/empleados.php
documento;https://www.aguasgrancanaria.com/pdfs/Transparencia/RPT_CIAGC_2023_ConNombres.xlsx;/pdfs/Transparencia/RPT_CIAGC_2023_ConNombres.xlsx;/documentos/pdfs/transparencia/rpt_ciagc_2023_connombres.xlsx;200;216811;e2a6b38078b15e56820aaa4028633d725489142e72576e185580b8212523cc92;si;/empleados.php
documento;https://www.aguasgrancanaria.com/pdfs/Transparencia/RPT_CIAGC_2023.pdf;/pdfs/Transparencia/RPT_CIAGC_2023.pdf;/documentos/pdfs/transparencia/rpt_ciagc_2023.pdf;200;1648772;ccedb13ffe1b1ccab94319cc1c13ec66a5de53c28abb7caac8561a4106af2e4c;si;/empleados.php
documento;https://www.aguasgrancanaria.com/pdfs/Transparencia/Subvenciones.pdf;/pdfs/Transparencia/Subvenciones.pdf;/documentos/pdfs/transparencia/subvenciones.pdf;200;223142;ab7b624f714661bb14b336362713239ef73c29c7838378c98975e0f07e0d48c6;si;/presupuesto.php
documento;https://www.aguasgrancanaria.com/pdfs/Transparencia/Vehiculos.pdf;/pdfs/Transparencia/Vehiculos.pdf;/documentos/pdfs/transparencia/vehiculos.pdf;200;85017;1d6c82ce1b97ef8139b0776cf1d5e1581a328e2ac5e110b6077e562535b0d4a6;si;/patrimonio.php
documento;https://www.aguasgrancanaria.com/presas/Presas.kmz;/presas/Presas.kmz;/documentos/presas/presas.kmz;200;54352;c3212f0d54244674be1eb274aaed49d9f5ec53d9b98633d34a1d773b68dd7bb6;si;/presas/ubicacion_presas.php
documento;https://www.aguasgrancanaria.com/programas/estaciones_pluviometricas.zip;/programas/estaciones_pluviometricas.zip;/documentos/programas/estaciones_pluviometricas.zip;200;16477193;81db14494d779d72be2706936872180347ee147e94b29067f9cc336124410c82;si;/pluviometros.php
documento;https://www.aguasgrancanaria.com/programas/reddecontrol.rar;/programas/reddecontrol.rar;/documentos/programas/reddecontrol.rar;200;63603;1f2376f14fd07064d3bd6d0583b66aabcfec75e39ef50e47409ed6838d254b4b;si;/red_control.php
documento;https://www.aguasgrancanaria.com/public.pdf;/public.pdf;/documentos/public.pdf;404;;;no;/cartografia/CensoInstalaciones/map-censo.html
documento;https://www.aguasgrancanaria.com/servicios/legislacion/canarias/55-2006_Instrumentos_de_ordenacion.pdf;/servicios/legislacion/canarias/55-2006_Instrumentos_de_ordenacion.pdf;/documentos/servicios/legislacion/canarias/55-2006_instrumentos_de_ordenacion.pdf;200;1132422;df07d6445d13803a379c033fe45d439c391c4a004f3e8211211958df1d74ebad;si;/servicios/legislacion/canarias/instrumentos.php
documento;https://www.aguasgrancanaria.com/servicios/legislacion/canarias/Leg_Decreto_num_147-2007_de_24_mayo_LCAN_2007_297.rtf;/servicios/legislacion/canarias/Leg_Decreto_num_147-2007_de_24_mayo_LCAN_2007_297.rtf;/documentos/servicios/legislacion/canarias/leg_decreto_num_147-2007_de_24_mayo_lcan_2007_297.rtf;200;105045;1cd7e19eabde990ce7c445289482e628ee03828cc2cdc0ed1156ae9cf6c058ec;no;/servicios/legislacion/canarias/suelos_contaminados.php
documento;https://www.aguasgrancanaria.com/servicios/legislacion/canarias/LEGISLACI%C3%93N_B%C3%81SICA.doc;/servicios/legislacion/canarias/LEGISLACIÓN_BÁSICA.doc;/documentos/servicios/legislacion/canarias/legislacion_basica.doc;200;59904;73d95b5aa2157a934a884fbb9f66010b55fcf5ad7314ebd91af831cdb75d22be;si;/servicios/legislacion/canarias/tramitacion.php
documento;https://www.aguasgrancanaria.com/servicios/legislacion/espa%C3%B1a/2010-07_RD_Evaluacion_riesgos_inundacion.pdf;/servicios/legislacion/españa/2010-07_RD_Evaluacion_riesgos_inundacion.pdf;/documentos/servicios/legislacion/espana/2010-07_rd_evaluacion_riesgos_inundacion.pdf;200;279758;b0f1590e43e0a90abcf7465440a8b500ee8a63d61fef52eb2c88ea66fe0eb8b8;si;/servicios/legislacion/españa/evaluacion_gestion.php
documento;https://www.aguasgrancanaria.com/servicios/legislacion/espa%C3%B1a/BOE-A-2009-16772.pdf;/servicios/legislacion/españa/BOE-A-2009-16772.pdf;/documentos/servicios/legislacion/espana/boe-a-2009-16772.pdf;200;286977;3b7011d3384a6492dd599fe6b4cc74490e768af57c9c3489ad1302fe46e7dcd4;si;/servicios/legislacion/españa/proteccion_aguas_subterraneas.php
documento;https://www.aguasgrancanaria.com/servicios/legislacion/espa%C3%B1a/BOE-A-2013-9775_Reglamento_DPH_6-09-2013.pdf;/servicios/legislacion/españa/BOE-A-2013-9775_Reglamento_DPH_6-09-2013.pdf;/documentos/servicios/legislacion/espana/boe-a-2013-9775_reglamento_dph_6-09-2013.pdf;200;926161;44920805365e81dceb247625c0d0dbb7947382b4500665289a369caf6ba678a2;si;/servicios/legislacion/españa/modificacion_reglamento.php
documento;https://www.aguasgrancanaria.com/servicios/legislacion/espa%C3%B1a/Reglamento_Estatal_Valoraci%C3%B3n_da%C3%B1os.pdf;/servicios/legislacion/españa/Reglamento_Estatal_Valoración_daños.pdf;/documentos/servicios/legislacion/espana/reglamento_estatal_valoracion_danos.pdf;200;175576;b16b4b5bf2325a3f7ae5f21e1ba7494a7a6240405da700b29ee82d0107ef7a5c;si;/servicios/legislacion/españa/valoracion_danos.php
documento;https://www.aguasgrancanaria.com/servicios/legislacion/europa/03_Manual_Directiva_91_271_CEE_tcm7-28959.pdf;/servicios/legislacion/europa/03_Manual_Directiva_91_271_CEE_tcm7-28959.pdf;/documentos/servicios/legislacion/europa/03_manual_directiva_91_271_cee_tcm7-28959.pdf;200;669903;16ac51f6a4c51e8756ac173bdfa76cafea328be185e6b38fa6db9f4a005adc31;si;/servicios/legislacion/europa/aguas_residuales.php
documento;https://www.aguasgrancanaria.com/servicios/legislacion/europa/Dir_Inundaciones.pdf;/servicios/legislacion/europa/Dir_Inundaciones.pdf;/documentos/servicios/legislacion/europa/dir_inundaciones.pdf;200;80872;6cf297bf77fbf7199ed6dfe86b016f98d3786ff90847b2ec3ac16deccc32db1f;si;/servicios/legislacion/europa/directiva_inundaciones.php
documento;https://www.aguasgrancanaria.com/servicios/legislacion/europa/Directiva_prioritarias.pdf;/servicios/legislacion/europa/Directiva_prioritarias.pdf;/documentos/servicios/legislacion/europa/directiva_prioritarias.pdf;200;151568;8b916ebb8489221782f038893326a52c9537fcd12d1959245c5beb58dc9d5382;si;/servicios/legislacion/europa/sustancias_prioritarias.php
documento;https://www.aguasgrancanaria.com/servicios/legislacion/europa/NUEVA_DIRECTIVA_DE_AGUAS.pdf;/servicios/legislacion/europa/NUEVA_DIRECTIVA_DE_AGUAS.pdf;/documentos/servicios/legislacion/europa/nueva_directiva_de_aguas.pdf;200;917504;816a94a761f6b3abfc1a60cdccbea27d402c5770cfc011176a825da00a46e77d;si;/servicios/legislacion/europa/directiva_marco_agua.php
video;https://www.aguasgrancanaria.com/videos/AguaGC.mp4;/videos/AguaGC.mp4;/videos/videos/aguagc.mp4;200;6719600;8204ab5150e31ee425a3c436d059ff1999adf63b0ad8e1386deaaa26970b5fcb;si;/divulgacion.php
video;https://www.aguasgrancanaria.com/videos/Chira-Soria.mp4;/videos/Chira-Soria.mp4;/videos/videos/chira-soria.mp4;200;33310605;349fcd1df1336b0cf1422dbb42581f534d770b1a6ac6e2114717b5bd13ff6206;si;/divulgacion.php | /
video;https://www.aguasgrancanaria.com/videos/Ejemplo_1.mp4;/videos/Ejemplo_1.mp4;/videos/videos/ejemplo_1.mp4;200;11000351;b222d5e47d3e512997085c6eaef93a4d84a901a4ece762edf28dd6a4f123d4fc;si;/divulgacion/riada_tasarte.php
video;https://www.aguasgrancanaria.com/videos/Ejemplo_2.mp4;/videos/Ejemplo_2.mp4;/videos/videos/ejemplo_2.mp4;200;5630884;e39d5d39ca0569e40de6b1b9deb6b17e678aa9c35ff35f8382e78bee6a934285;si;/divulgacion/riada_tasarte.php
video;https://www.aguasgrancanaria.com/videos/ProduccionGC.mp4;/videos/ProduccionGC.mp4;/videos/videos/producciongc.mp4;200;2891968;e3e428ebc9b9d1c3f3709a493287709c3dec735f41213b3db39466067f1c72dc;si;/divulgacion.php
